--
-- PostgreSQL database dump
--

-- Dumped from database version 12.9 (Ubuntu 12.9-0ubuntu0.20.04.1)
-- Dumped by pg_dump version 12.9 (Ubuntu 12.9-0ubuntu0.20.04.1)

SET statement_timeout = 0;
SET lock_timeout = 0;
SET idle_in_transaction_session_timeout = 0;
SET client_encoding = 'UTF8';
SET standard_conforming_strings = on;
SELECT pg_catalog.set_config('search_path', '', false);
SET check_function_bodies = false;
SET xmloption = content;
SET client_min_messages = warning;
SET row_security = off;

SET default_tablespace = '';

SET default_table_access_method = heap;

--
-- Name: account_emailaddress; Type: TABLE; Schema: public; Owner: postgres
--

CREATE TABLE public.account_emailaddress (
    id integer NOT NULL,
    email character varying(254) NOT NULL,
    verified boolean NOT NULL,
    "primary" boolean NOT NULL,
    user_id integer NOT NULL
);


ALTER TABLE public.account_emailaddress OWNER TO postgres;

--
-- Name: account_emailaddress_id_seq; Type: SEQUENCE; Schema: public; Owner: postgres
--

CREATE SEQUENCE public.account_emailaddress_id_seq
    AS integer
    START WITH 1
    INCREMENT BY 1
    NO MINVALUE
    NO MAXVALUE
    CACHE 1;


ALTER TABLE public.account_emailaddress_id_seq OWNER TO postgres;

--
-- Name: account_emailaddress_id_seq; Type: SEQUENCE OWNED BY; Schema: public; Owner: postgres
--

ALTER SEQUENCE public.account_emailaddress_id_seq OWNED BY public.account_emailaddress.id;


--
-- Name: account_emailconfirmation; Type: TABLE; Schema: public; Owner: postgres
--

CREATE TABLE public.account_emailconfirmation (
    id integer NOT NULL,
    created timestamp with time zone NOT NULL,
    sent timestamp with time zone,
    key character varying(64) NOT NULL,
    email_address_id integer NOT NULL
);


ALTER TABLE public.account_emailconfirmation OWNER TO postgres;

--
-- Name: account_emailconfirmation_id_seq; Type: SEQUENCE; Schema: public; Owner: postgres
--

CREATE SEQUENCE public.account_emailconfirmation_id_seq
    AS integer
    START WITH 1
    INCREMENT BY 1
    NO MINVALUE
    NO MAXVALUE
    CACHE 1;


ALTER TABLE public.account_emailconfirmation_id_seq OWNER TO postgres;

--
-- Name: account_emailconfirmation_id_seq; Type: SEQUENCE OWNED BY; Schema: public; Owner: postgres
--

ALTER SEQUENCE public.account_emailconfirmation_id_seq OWNED BY public.account_emailconfirmation.id;


--
-- Name: admin_interface_theme; Type: TABLE; Schema: public; Owner: postgres
--

CREATE TABLE public.admin_interface_theme (
    id integer NOT NULL,
    name character varying(50) NOT NULL,
    active boolean NOT NULL,
    title character varying(50) NOT NULL,
    title_visible boolean NOT NULL,
    logo character varying(100) NOT NULL,
    logo_visible boolean NOT NULL,
    css_header_background_color character varying(10) NOT NULL,
    title_color character varying(10) NOT NULL,
    css_header_text_color character varying(10) NOT NULL,
    css_header_link_color character varying(10) NOT NULL,
    css_header_link_hover_color character varying(10) NOT NULL,
    css_module_background_color character varying(10) NOT NULL,
    css_module_text_color character varying(10) NOT NULL,
    css_module_link_color character varying(10) NOT NULL,
    css_module_link_hover_color character varying(10) NOT NULL,
    css_module_rounded_corners boolean NOT NULL,
    css_generic_link_color character varying(10) NOT NULL,
    css_generic_link_hover_color character varying(10) NOT NULL,
    css_save_button_background_color character varying(10) NOT NULL,
    css_save_button_background_hover_color character varying(10) NOT NULL,
    css_save_button_text_color character varying(10) NOT NULL,
    css_delete_button_background_color character varying(10) NOT NULL,
    css_delete_button_background_hover_color character varying(10) NOT NULL,
    css_delete_button_text_color character varying(10) NOT NULL,
    css text NOT NULL,
    list_filter_dropdown boolean NOT NULL,
    related_modal_active boolean NOT NULL,
    related_modal_background_color character varying(10) NOT NULL,
    related_modal_rounded_corners boolean NOT NULL,
    logo_color character varying(10) NOT NULL,
    recent_actions_visible boolean NOT NULL,
    favicon character varying(100) NOT NULL,
    related_modal_background_opacity character varying(5) NOT NULL,
    env_name character varying(50) NOT NULL,
    env_visible_in_header boolean NOT NULL,
    env_color character varying(10) NOT NULL,
    env_visible_in_favicon boolean NOT NULL,
    related_modal_close_button_visible boolean NOT NULL,
    language_chooser_active boolean NOT NULL,
    language_chooser_display character varying(10) NOT NULL,
    list_filter_sticky boolean NOT NULL
);


ALTER TABLE public.admin_interface_theme OWNER TO postgres;

--
-- Name: admin_interface_theme_id_seq; Type: SEQUENCE; Schema: public; Owner: postgres
--

CREATE SEQUENCE public.admin_interface_theme_id_seq
    AS integer
    START WITH 1
    INCREMENT BY 1
    NO MINVALUE
    NO MAXVALUE
    CACHE 1;


ALTER TABLE public.admin_interface_theme_id_seq OWNER TO postgres;

--
-- Name: admin_interface_theme_id_seq; Type: SEQUENCE OWNED BY; Schema: public; Owner: postgres
--

ALTER SEQUENCE public.admin_interface_theme_id_seq OWNED BY public.admin_interface_theme.id;


--
-- Name: auth_group; Type: TABLE; Schema: public; Owner: postgres
--

CREATE TABLE public.auth_group (
    id integer NOT NULL,
    name character varying(150) NOT NULL
);


ALTER TABLE public.auth_group OWNER TO postgres;

--
-- Name: auth_group_id_seq; Type: SEQUENCE; Schema: public; Owner: postgres
--

CREATE SEQUENCE public.auth_group_id_seq
    AS integer
    START WITH 1
    INCREMENT BY 1
    NO MINVALUE
    NO MAXVALUE
    CACHE 1;


ALTER TABLE public.auth_group_id_seq OWNER TO postgres;

--
-- Name: auth_group_id_seq; Type: SEQUENCE OWNED BY; Schema: public; Owner: postgres
--

ALTER SEQUENCE public.auth_group_id_seq OWNED BY public.auth_group.id;


--
-- Name: auth_group_permissions; Type: TABLE; Schema: public; Owner: postgres
--

CREATE TABLE public.auth_group_permissions (
    id integer NOT NULL,
    group_id integer NOT NULL,
    permission_id integer NOT NULL
);


ALTER TABLE public.auth_group_permissions OWNER TO postgres;

--
-- Name: auth_group_permissions_id_seq; Type: SEQUENCE; Schema: public; Owner: postgres
--

CREATE SEQUENCE public.auth_group_permissions_id_seq
    AS integer
    START WITH 1
    INCREMENT BY 1
    NO MINVALUE
    NO MAXVALUE
    CACHE 1;


ALTER TABLE public.auth_group_permissions_id_seq OWNER TO postgres;

--
-- Name: auth_group_permissions_id_seq; Type: SEQUENCE OWNED BY; Schema: public; Owner: postgres
--

ALTER SEQUENCE public.auth_group_permissions_id_seq OWNED BY public.auth_group_permissions.id;


--
-- Name: auth_permission; Type: TABLE; Schema: public; Owner: postgres
--

CREATE TABLE public.auth_permission (
    id integer NOT NULL,
    name character varying(255) NOT NULL,
    content_type_id integer NOT NULL,
    codename character varying(100) NOT NULL
);


ALTER TABLE public.auth_permission OWNER TO postgres;

--
-- Name: auth_permission_id_seq; Type: SEQUENCE; Schema: public; Owner: postgres
--

CREATE SEQUENCE public.auth_permission_id_seq
    AS integer
    START WITH 1
    INCREMENT BY 1
    NO MINVALUE
    NO MAXVALUE
    CACHE 1;


ALTER TABLE public.auth_permission_id_seq OWNER TO postgres;

--
-- Name: auth_permission_id_seq; Type: SEQUENCE OWNED BY; Schema: public; Owner: postgres
--

ALTER SEQUENCE public.auth_permission_id_seq OWNED BY public.auth_permission.id;


--
-- Name: celery_taskmeta; Type: TABLE; Schema: public; Owner: ubuntu
--

CREATE TABLE public.celery_taskmeta (
    id integer NOT NULL,
    task_id character varying(155),
    status character varying(50),
    result bytea,
    date_done timestamp without time zone,
    traceback text,
    name character varying(155),
    args bytea,
    kwargs bytea,
    worker character varying(155),
    retries integer,
    queue character varying(155)
);


ALTER TABLE public.celery_taskmeta OWNER TO ubuntu;

--
-- Name: celery_tasksetmeta; Type: TABLE; Schema: public; Owner: ubuntu
--

CREATE TABLE public.celery_tasksetmeta (
    id integer NOT NULL,
    taskset_id character varying(155),
    result bytea,
    date_done timestamp without time zone
);


ALTER TABLE public.celery_tasksetmeta OWNER TO ubuntu;

--
-- Name: clientes_ambientesistemas; Type: TABLE; Schema: public; Owner: postgres
--

CREATE TABLE public.clientes_ambientesistemas (
    id integer NOT NULL,
    ambiente character varying(255) NOT NULL,
    tipo_ambiente character varying(1)
);


ALTER TABLE public.clientes_ambientesistemas OWNER TO postgres;

--
-- Name: clientes_ambientesistemas_id_seq; Type: SEQUENCE; Schema: public; Owner: postgres
--

CREATE SEQUENCE public.clientes_ambientesistemas_id_seq
    AS integer
    START WITH 1
    INCREMENT BY 1
    NO MINVALUE
    NO MAXVALUE
    CACHE 1;


ALTER TABLE public.clientes_ambientesistemas_id_seq OWNER TO postgres;

--
-- Name: clientes_ambientesistemas_id_seq; Type: SEQUENCE OWNED BY; Schema: public; Owner: postgres
--

ALTER SEQUENCE public.clientes_ambientesistemas_id_seq OWNED BY public.clientes_ambientesistemas.id;


--
-- Name: clientes_cliente; Type: TABLE; Schema: public; Owner: ubuntu
--

CREATE TABLE public.clientes_cliente (
    id integer NOT NULL,
    cliente_id character varying(255) NOT NULL,
    nombre character varying(255) NOT NULL,
    apellido character varying(255),
    celular character varying(15),
    email character varying(255) NOT NULL,
    cliente_pais_id integer,
    perfil_aws character varying(255),
    logo character varying(255),
    token_api_cli character varying(255),
    perfil_sap boolean,
    bucket_s3_sap character varying(255)
);


ALTER TABLE public.clientes_cliente OWNER TO ubuntu;

--
-- Name: clientes_cliente_equipo_tecnico_clientes; Type: TABLE; Schema: public; Owner: postgres
--

CREATE TABLE public.clientes_cliente_equipo_tecnico_clientes (
    id integer NOT NULL,
    cliente_id integer NOT NULL,
    tecnico_id integer NOT NULL
);


ALTER TABLE public.clientes_cliente_equipo_tecnico_clientes OWNER TO postgres;

--
-- Name: clientes_cliente_equipo_tecnico_clientes_id_seq; Type: SEQUENCE; Schema: public; Owner: postgres
--

CREATE SEQUENCE public.clientes_cliente_equipo_tecnico_clientes_id_seq
    AS integer
    START WITH 1
    INCREMENT BY 1
    NO MINVALUE
    NO MAXVALUE
    CACHE 1;


ALTER TABLE public.clientes_cliente_equipo_tecnico_clientes_id_seq OWNER TO postgres;

--
-- Name: clientes_cliente_equipo_tecnico_clientes_id_seq; Type: SEQUENCE OWNED BY; Schema: public; Owner: postgres
--

ALTER SEQUENCE public.clientes_cliente_equipo_tecnico_clientes_id_seq OWNED BY public.clientes_cliente_equipo_tecnico_clientes.id;


--
-- Name: clientes_cliente_id_seq; Type: SEQUENCE; Schema: public; Owner: ubuntu
--

CREATE SEQUENCE public.clientes_cliente_id_seq
    AS integer
    START WITH 1
    INCREMENT BY 1
    NO MINVALUE
    NO MAXVALUE
    CACHE 1;


ALTER TABLE public.clientes_cliente_id_seq OWNER TO ubuntu;

--
-- Name: clientes_cliente_id_seq; Type: SEQUENCE OWNED BY; Schema: public; Owner: ubuntu
--

ALTER SEQUENCE public.clientes_cliente_id_seq OWNED BY public.clientes_cliente.id;


--
-- Name: clientes_cliente_sistema_FK; Type: TABLE; Schema: public; Owner: postgres
--

CREATE TABLE public."clientes_cliente_sistema_FK" (
    id integer NOT NULL,
    cliente_id integer NOT NULL,
    sistemascliente_id integer NOT NULL
);


ALTER TABLE public."clientes_cliente_sistema_FK" OWNER TO postgres;

--
-- Name: clientes_cliente_sistema_FK_id_seq; Type: SEQUENCE; Schema: public; Owner: postgres
--

CREATE SEQUENCE public."clientes_cliente_sistema_FK_id_seq"
    AS integer
    START WITH 1
    INCREMENT BY 1
    NO MINVALUE
    NO MAXVALUE
    CACHE 1;


ALTER TABLE public."clientes_cliente_sistema_FK_id_seq" OWNER TO postgres;

--
-- Name: clientes_cliente_sistema_FK_id_seq; Type: SEQUENCE OWNED BY; Schema: public; Owner: postgres
--

ALTER SEQUENCE public."clientes_cliente_sistema_FK_id_seq" OWNED BY public."clientes_cliente_sistema_FK".id;


--
-- Name: clientes_configuracioncliente; Type: TABLE; Schema: public; Owner: ubuntu
--

CREATE TABLE public.clientes_configuracioncliente (
    id integer NOT NULL,
    umbral_billing integer NOT NULL,
    cliente_id integer NOT NULL,
    descripcion_configuracion text NOT NULL,
    tipo_base_datos character varying(1)
);


ALTER TABLE public.clientes_configuracioncliente OWNER TO ubuntu;

--
-- Name: clientes_configuracioncliente_id_seq; Type: SEQUENCE; Schema: public; Owner: ubuntu
--

CREATE SEQUENCE public.clientes_configuracioncliente_id_seq
    AS integer
    START WITH 1
    INCREMENT BY 1
    NO MINVALUE
    NO MAXVALUE
    CACHE 1;


ALTER TABLE public.clientes_configuracioncliente_id_seq OWNER TO ubuntu;

--
-- Name: clientes_configuracioncliente_id_seq; Type: SEQUENCE OWNED BY; Schema: public; Owner: ubuntu
--

ALTER SEQUENCE public.clientes_configuracioncliente_id_seq OWNED BY public.clientes_configuracioncliente.id;


--
-- Name: clientes_paisescliente; Type: TABLE; Schema: public; Owner: postgres
--

CREATE TABLE public.clientes_paisescliente (
    id integer NOT NULL,
    nombre_pais character varying(255) NOT NULL
);


ALTER TABLE public.clientes_paisescliente OWNER TO postgres;

--
-- Name: clientes_paisescliente_id_seq; Type: SEQUENCE; Schema: public; Owner: postgres
--

CREATE SEQUENCE public.clientes_paisescliente_id_seq
    AS integer
    START WITH 1
    INCREMENT BY 1
    NO MINVALUE
    NO MAXVALUE
    CACHE 1;


ALTER TABLE public.clientes_paisescliente_id_seq OWNER TO postgres;

--
-- Name: clientes_paisescliente_id_seq; Type: SEQUENCE OWNED BY; Schema: public; Owner: postgres
--

ALTER SEQUENCE public.clientes_paisescliente_id_seq OWNED BY public.clientes_paisescliente.id;


--
-- Name: clientes_sistemascliente; Type: TABLE; Schema: public; Owner: ubuntu
--

CREATE TABLE public.clientes_sistemascliente (
    id integer NOT NULL,
    "nombreSistema" character varying(255) NOT NULL,
    "ambiente_FK_id" integer,
    bd_sistema character varying(255),
    hostname_db_sistema character varying(255),
    hostname_sistema character varying(255),
    infraestructura_sistema character varying(255),
    ip_db_sistema inet,
    ip_privada_sistema inet,
    ip_publica_sistema inet,
    version_bd_sistema character varying(255),
    version_sistema character varying(255)
);


ALTER TABLE public.clientes_sistemascliente OWNER TO ubuntu;

--
-- Name: clientes_sistemascliente_id_seq; Type: SEQUENCE; Schema: public; Owner: ubuntu
--

CREATE SEQUENCE public.clientes_sistemascliente_id_seq
    AS integer
    START WITH 1
    INCREMENT BY 1
    NO MINVALUE
    NO MAXVALUE
    CACHE 1;


ALTER TABLE public.clientes_sistemascliente_id_seq OWNER TO ubuntu;

--
-- Name: clientes_sistemascliente_id_seq; Type: SEQUENCE OWNED BY; Schema: public; Owner: ubuntu
--

ALTER SEQUENCE public.clientes_sistemascliente_id_seq OWNED BY public.clientes_sistemascliente.id;


--
-- Name: clientes_usuariocliente; Type: TABLE; Schema: public; Owner: ubuntu
--

CREATE TABLE public.clientes_usuariocliente (
    id integer NOT NULL,
    nombre_usuario character varying(255) NOT NULL,
    apellido_usuario character varying(255) NOT NULL,
    telefono integer NOT NULL,
    cargo character varying(255) NOT NULL,
    email character varying(254) NOT NULL,
    "cliente_FK_id" integer NOT NULL,
    "consultor_FK_id" integer
);


ALTER TABLE public.clientes_usuariocliente OWNER TO ubuntu;

--
-- Name: clientes_usuariocliente_id_seq; Type: SEQUENCE; Schema: public; Owner: ubuntu
--

CREATE SEQUENCE public.clientes_usuariocliente_id_seq
    AS integer
    START WITH 1
    INCREMENT BY 1
    NO MINVALUE
    NO MAXVALUE
    CACHE 1;


ALTER TABLE public.clientes_usuariocliente_id_seq OWNER TO ubuntu;

--
-- Name: clientes_usuariocliente_id_seq; Type: SEQUENCE OWNED BY; Schema: public; Owner: ubuntu
--

ALTER SEQUENCE public.clientes_usuariocliente_id_seq OWNED BY public.clientes_usuariocliente.id;


--
-- Name: django_admin_log; Type: TABLE; Schema: public; Owner: postgres
--

CREATE TABLE public.django_admin_log (
    id integer NOT NULL,
    action_time timestamp with time zone NOT NULL,
    object_id text,
    object_repr character varying(200) NOT NULL,
    action_flag smallint NOT NULL,
    change_message text NOT NULL,
    content_type_id integer,
    user_id integer NOT NULL,
    CONSTRAINT django_admin_log_action_flag_check CHECK ((action_flag >= 0))
);


ALTER TABLE public.django_admin_log OWNER TO postgres;

--
-- Name: django_admin_log_id_seq; Type: SEQUENCE; Schema: public; Owner: postgres
--

CREATE SEQUENCE public.django_admin_log_id_seq
    AS integer
    START WITH 1
    INCREMENT BY 1
    NO MINVALUE
    NO MAXVALUE
    CACHE 1;


ALTER TABLE public.django_admin_log_id_seq OWNER TO postgres;

--
-- Name: django_admin_log_id_seq; Type: SEQUENCE OWNED BY; Schema: public; Owner: postgres
--

ALTER SEQUENCE public.django_admin_log_id_seq OWNED BY public.django_admin_log.id;


--
-- Name: django_celery_beat_clockedschedule; Type: TABLE; Schema: public; Owner: ubuntu
--

CREATE TABLE public.django_celery_beat_clockedschedule (
    id integer NOT NULL,
    clocked_time timestamp with time zone NOT NULL
);


ALTER TABLE public.django_celery_beat_clockedschedule OWNER TO ubuntu;

--
-- Name: django_celery_beat_clockedschedule_id_seq; Type: SEQUENCE; Schema: public; Owner: ubuntu
--

CREATE SEQUENCE public.django_celery_beat_clockedschedule_id_seq
    AS integer
    START WITH 1
    INCREMENT BY 1
    NO MINVALUE
    NO MAXVALUE
    CACHE 1;


ALTER TABLE public.django_celery_beat_clockedschedule_id_seq OWNER TO ubuntu;

--
-- Name: django_celery_beat_clockedschedule_id_seq; Type: SEQUENCE OWNED BY; Schema: public; Owner: ubuntu
--

ALTER SEQUENCE public.django_celery_beat_clockedschedule_id_seq OWNED BY public.django_celery_beat_clockedschedule.id;


--
-- Name: django_celery_beat_crontabschedule; Type: TABLE; Schema: public; Owner: ubuntu
--

CREATE TABLE public.django_celery_beat_crontabschedule (
    id integer NOT NULL,
    minute character varying(240) NOT NULL,
    hour character varying(96) NOT NULL,
    day_of_week character varying(64) NOT NULL,
    day_of_month character varying(124) NOT NULL,
    month_of_year character varying(64) NOT NULL,
    timezone character varying(63) NOT NULL
);


ALTER TABLE public.django_celery_beat_crontabschedule OWNER TO ubuntu;

--
-- Name: django_celery_beat_crontabschedule_id_seq; Type: SEQUENCE; Schema: public; Owner: ubuntu
--

CREATE SEQUENCE public.django_celery_beat_crontabschedule_id_seq
    AS integer
    START WITH 1
    INCREMENT BY 1
    NO MINVALUE
    NO MAXVALUE
    CACHE 1;


ALTER TABLE public.django_celery_beat_crontabschedule_id_seq OWNER TO ubuntu;

--
-- Name: django_celery_beat_crontabschedule_id_seq; Type: SEQUENCE OWNED BY; Schema: public; Owner: ubuntu
--

ALTER SEQUENCE public.django_celery_beat_crontabschedule_id_seq OWNED BY public.django_celery_beat_crontabschedule.id;


--
-- Name: django_celery_beat_intervalschedule; Type: TABLE; Schema: public; Owner: ubuntu
--

CREATE TABLE public.django_celery_beat_intervalschedule (
    id integer NOT NULL,
    every integer NOT NULL,
    period character varying(24) NOT NULL
);


ALTER TABLE public.django_celery_beat_intervalschedule OWNER TO ubuntu;

--
-- Name: django_celery_beat_intervalschedule_id_seq; Type: SEQUENCE; Schema: public; Owner: ubuntu
--

CREATE SEQUENCE public.django_celery_beat_intervalschedule_id_seq
    AS integer
    START WITH 1
    INCREMENT BY 1
    NO MINVALUE
    NO MAXVALUE
    CACHE 1;


ALTER TABLE public.django_celery_beat_intervalschedule_id_seq OWNER TO ubuntu;

--
-- Name: django_celery_beat_intervalschedule_id_seq; Type: SEQUENCE OWNED BY; Schema: public; Owner: ubuntu
--

ALTER SEQUENCE public.django_celery_beat_intervalschedule_id_seq OWNED BY public.django_celery_beat_intervalschedule.id;


--
-- Name: django_celery_beat_periodictask; Type: TABLE; Schema: public; Owner: ubuntu
--

CREATE TABLE public.django_celery_beat_periodictask (
    id integer NOT NULL,
    name character varying(200) NOT NULL,
    task character varying(200) NOT NULL,
    args text NOT NULL,
    kwargs text NOT NULL,
    queue character varying(200),
    exchange character varying(200),
    routing_key character varying(200),
    expires timestamp with time zone,
    enabled boolean NOT NULL,
    last_run_at timestamp with time zone,
    total_run_count integer NOT NULL,
    date_changed timestamp with time zone NOT NULL,
    description text NOT NULL,
    crontab_id integer,
    interval_id integer,
    solar_id integer,
    one_off boolean NOT NULL,
    start_time timestamp with time zone,
    priority integer,
    headers text NOT NULL,
    clocked_id integer,
    expire_seconds integer,
    CONSTRAINT django_celery_beat_periodictask_expire_seconds_check CHECK ((expire_seconds >= 0)),
    CONSTRAINT django_celery_beat_periodictask_priority_check CHECK ((priority >= 0)),
    CONSTRAINT django_celery_beat_periodictask_total_run_count_check CHECK ((total_run_count >= 0))
);


ALTER TABLE public.django_celery_beat_periodictask OWNER TO ubuntu;

--
-- Name: django_celery_beat_periodictask_id_seq; Type: SEQUENCE; Schema: public; Owner: ubuntu
--

CREATE SEQUENCE public.django_celery_beat_periodictask_id_seq
    AS integer
    START WITH 1
    INCREMENT BY 1
    NO MINVALUE
    NO MAXVALUE
    CACHE 1;


ALTER TABLE public.django_celery_beat_periodictask_id_seq OWNER TO ubuntu;

--
-- Name: django_celery_beat_periodictask_id_seq; Type: SEQUENCE OWNED BY; Schema: public; Owner: ubuntu
--

ALTER SEQUENCE public.django_celery_beat_periodictask_id_seq OWNED BY public.django_celery_beat_periodictask.id;


--
-- Name: django_celery_beat_periodictasks; Type: TABLE; Schema: public; Owner: ubuntu
--

CREATE TABLE public.django_celery_beat_periodictasks (
    ident smallint NOT NULL,
    last_update timestamp with time zone NOT NULL
);


ALTER TABLE public.django_celery_beat_periodictasks OWNER TO ubuntu;

--
-- Name: django_celery_beat_solarschedule; Type: TABLE; Schema: public; Owner: ubuntu
--

CREATE TABLE public.django_celery_beat_solarschedule (
    id integer NOT NULL,
    event character varying(24) NOT NULL,
    latitude numeric(9,6) NOT NULL,
    longitude numeric(9,6) NOT NULL
);


ALTER TABLE public.django_celery_beat_solarschedule OWNER TO ubuntu;

--
-- Name: django_celery_beat_solarschedule_id_seq; Type: SEQUENCE; Schema: public; Owner: ubuntu
--

CREATE SEQUENCE public.django_celery_beat_solarschedule_id_seq
    AS integer
    START WITH 1
    INCREMENT BY 1
    NO MINVALUE
    NO MAXVALUE
    CACHE 1;


ALTER TABLE public.django_celery_beat_solarschedule_id_seq OWNER TO ubuntu;

--
-- Name: django_celery_beat_solarschedule_id_seq; Type: SEQUENCE OWNED BY; Schema: public; Owner: ubuntu
--

ALTER SEQUENCE public.django_celery_beat_solarschedule_id_seq OWNED BY public.django_celery_beat_solarschedule.id;


--
-- Name: django_celery_results_chordcounter; Type: TABLE; Schema: public; Owner: ubuntu
--

CREATE TABLE public.django_celery_results_chordcounter (
    id integer NOT NULL,
    group_id character varying(255) NOT NULL,
    sub_tasks text NOT NULL,
    count integer NOT NULL,
    CONSTRAINT django_celery_results_chordcounter_count_check CHECK ((count >= 0))
);


ALTER TABLE public.django_celery_results_chordcounter OWNER TO ubuntu;

--
-- Name: django_celery_results_chordcounter_id_seq; Type: SEQUENCE; Schema: public; Owner: ubuntu
--

CREATE SEQUENCE public.django_celery_results_chordcounter_id_seq
    AS integer
    START WITH 1
    INCREMENT BY 1
    NO MINVALUE
    NO MAXVALUE
    CACHE 1;


ALTER TABLE public.django_celery_results_chordcounter_id_seq OWNER TO ubuntu;

--
-- Name: django_celery_results_chordcounter_id_seq; Type: SEQUENCE OWNED BY; Schema: public; Owner: ubuntu
--

ALTER SEQUENCE public.django_celery_results_chordcounter_id_seq OWNED BY public.django_celery_results_chordcounter.id;


--
-- Name: django_celery_results_groupresult; Type: TABLE; Schema: public; Owner: ubuntu
--

CREATE TABLE public.django_celery_results_groupresult (
    id integer NOT NULL,
    group_id character varying(255) NOT NULL,
    date_created timestamp with time zone NOT NULL,
    date_done timestamp with time zone NOT NULL,
    content_type character varying(128) NOT NULL,
    content_encoding character varying(64) NOT NULL,
    result text
);


ALTER TABLE public.django_celery_results_groupresult OWNER TO ubuntu;

--
-- Name: django_celery_results_groupresult_id_seq; Type: SEQUENCE; Schema: public; Owner: ubuntu
--

CREATE SEQUENCE public.django_celery_results_groupresult_id_seq
    AS integer
    START WITH 1
    INCREMENT BY 1
    NO MINVALUE
    NO MAXVALUE
    CACHE 1;


ALTER TABLE public.django_celery_results_groupresult_id_seq OWNER TO ubuntu;

--
-- Name: django_celery_results_groupresult_id_seq; Type: SEQUENCE OWNED BY; Schema: public; Owner: ubuntu
--

ALTER SEQUENCE public.django_celery_results_groupresult_id_seq OWNED BY public.django_celery_results_groupresult.id;


--
-- Name: django_celery_results_taskresult; Type: TABLE; Schema: public; Owner: ubuntu
--

CREATE TABLE public.django_celery_results_taskresult (
    id integer NOT NULL,
    task_id character varying(255) NOT NULL,
    status character varying(50) NOT NULL,
    content_type character varying(128) NOT NULL,
    content_encoding character varying(64) NOT NULL,
    result text,
    date_done timestamp with time zone NOT NULL,
    traceback text,
    meta text,
    task_args text,
    task_kwargs text,
    task_name character varying(255),
    worker character varying(100),
    date_created timestamp with time zone NOT NULL
);


ALTER TABLE public.django_celery_results_taskresult OWNER TO ubuntu;

--
-- Name: django_celery_results_taskresult_id_seq; Type: SEQUENCE; Schema: public; Owner: ubuntu
--

CREATE SEQUENCE public.django_celery_results_taskresult_id_seq
    AS integer
    START WITH 1
    INCREMENT BY 1
    NO MINVALUE
    NO MAXVALUE
    CACHE 1;


ALTER TABLE public.django_celery_results_taskresult_id_seq OWNER TO ubuntu;

--
-- Name: django_celery_results_taskresult_id_seq; Type: SEQUENCE OWNED BY; Schema: public; Owner: ubuntu
--

ALTER SEQUENCE public.django_celery_results_taskresult_id_seq OWNED BY public.django_celery_results_taskresult.id;


--
-- Name: django_content_type; Type: TABLE; Schema: public; Owner: postgres
--

CREATE TABLE public.django_content_type (
    id integer NOT NULL,
    app_label character varying(100) NOT NULL,
    model character varying(100) NOT NULL
);


ALTER TABLE public.django_content_type OWNER TO postgres;

--
-- Name: django_content_type_id_seq; Type: SEQUENCE; Schema: public; Owner: postgres
--

CREATE SEQUENCE public.django_content_type_id_seq
    AS integer
    START WITH 1
    INCREMENT BY 1
    NO MINVALUE
    NO MAXVALUE
    CACHE 1;


ALTER TABLE public.django_content_type_id_seq OWNER TO postgres;

--
-- Name: django_content_type_id_seq; Type: SEQUENCE OWNED BY; Schema: public; Owner: postgres
--

ALTER SEQUENCE public.django_content_type_id_seq OWNED BY public.django_content_type.id;


--
-- Name: django_migrations; Type: TABLE; Schema: public; Owner: postgres
--

CREATE TABLE public.django_migrations (
    id integer NOT NULL,
    app character varying(255) NOT NULL,
    name character varying(255) NOT NULL,
    applied timestamp with time zone NOT NULL
);


ALTER TABLE public.django_migrations OWNER TO postgres;

--
-- Name: django_migrations_id_seq; Type: SEQUENCE; Schema: public; Owner: postgres
--

CREATE SEQUENCE public.django_migrations_id_seq
    AS integer
    START WITH 1
    INCREMENT BY 1
    NO MINVALUE
    NO MAXVALUE
    CACHE 1;


ALTER TABLE public.django_migrations_id_seq OWNER TO postgres;

--
-- Name: django_migrations_id_seq; Type: SEQUENCE OWNED BY; Schema: public; Owner: postgres
--

ALTER SEQUENCE public.django_migrations_id_seq OWNED BY public.django_migrations.id;


--
-- Name: django_session; Type: TABLE; Schema: public; Owner: postgres
--

CREATE TABLE public.django_session (
    session_key character varying(40) NOT NULL,
    session_data text NOT NULL,
    expire_date timestamp with time zone NOT NULL
);


ALTER TABLE public.django_session OWNER TO postgres;

--
-- Name: django_site; Type: TABLE; Schema: public; Owner: postgres
--

CREATE TABLE public.django_site (
    id integer NOT NULL,
    domain character varying(100) NOT NULL,
    name character varying(50) NOT NULL
);


ALTER TABLE public.django_site OWNER TO postgres;

--
-- Name: django_site_id_seq; Type: SEQUENCE; Schema: public; Owner: postgres
--

CREATE SEQUENCE public.django_site_id_seq
    AS integer
    START WITH 1
    INCREMENT BY 1
    NO MINVALUE
    NO MAXVALUE
    CACHE 1;


ALTER TABLE public.django_site_id_seq OWNER TO postgres;

--
-- Name: django_site_id_seq; Type: SEQUENCE OWNED BY; Schema: public; Owner: postgres
--

ALTER SEQUENCE public.django_site_id_seq OWNED BY public.django_site.id;


--
-- Name: info_general_auditoria; Type: TABLE; Schema: public; Owner: ubuntu
--

CREATE TABLE public.info_general_auditoria (
    id integer NOT NULL,
    producto character varying(255) NOT NULL,
    descripcion text,
    json_descripcion jsonb,
    fecha_auditado timestamp with time zone NOT NULL,
    creado_por character varying(255),
    eliminado_por character varying(255),
    modificado_por character varying(255),
    tecnico_asociado_id integer,
    tipo_auditoria_id integer
);


ALTER TABLE public.info_general_auditoria OWNER TO ubuntu;

--
-- Name: info_general_auditoria_id_seq; Type: SEQUENCE; Schema: public; Owner: ubuntu
--

CREATE SEQUENCE public.info_general_auditoria_id_seq
    AS integer
    START WITH 1
    INCREMENT BY 1
    NO MINVALUE
    NO MAXVALUE
    CACHE 1;


ALTER TABLE public.info_general_auditoria_id_seq OWNER TO ubuntu;

--
-- Name: info_general_auditoria_id_seq; Type: SEQUENCE OWNED BY; Schema: public; Owner: ubuntu
--

ALTER SEQUENCE public.info_general_auditoria_id_seq OWNED BY public.info_general_auditoria.id;


--
-- Name: info_general_regiones; Type: TABLE; Schema: public; Owner: ubuntu
--

CREATE TABLE public.info_general_regiones (
    id integer NOT NULL,
    codigo_region character varying(255),
    nombre_region character varying(255) NOT NULL
);


ALTER TABLE public.info_general_regiones OWNER TO ubuntu;

--
-- Name: info_general_regiones_id_seq; Type: SEQUENCE; Schema: public; Owner: ubuntu
--

CREATE SEQUENCE public.info_general_regiones_id_seq
    AS integer
    START WITH 1
    INCREMENT BY 1
    NO MINVALUE
    NO MAXVALUE
    CACHE 1;


ALTER TABLE public.info_general_regiones_id_seq OWNER TO ubuntu;

--
-- Name: info_general_regiones_id_seq; Type: SEQUENCE OWNED BY; Schema: public; Owner: ubuntu
--

ALTER SEQUENCE public.info_general_regiones_id_seq OWNED BY public.info_general_regiones.id;


--
-- Name: info_general_tipoauditoria; Type: TABLE; Schema: public; Owner: ubuntu
--

CREATE TABLE public.info_general_tipoauditoria (
    id integer NOT NULL,
    id_tipo_auditoria character varying(255) NOT NULL,
    descripcion_tipo_auditoria character varying(255) NOT NULL
);


ALTER TABLE public.info_general_tipoauditoria OWNER TO ubuntu;

--
-- Name: info_general_tipoauditoria_id_seq; Type: SEQUENCE; Schema: public; Owner: ubuntu
--

CREATE SEQUENCE public.info_general_tipoauditoria_id_seq
    AS integer
    START WITH 1
    INCREMENT BY 1
    NO MINVALUE
    NO MAXVALUE
    CACHE 1;


ALTER TABLE public.info_general_tipoauditoria_id_seq OWNER TO ubuntu;

--
-- Name: info_general_tipoauditoria_id_seq; Type: SEQUENCE OWNED BY; Schema: public; Owner: ubuntu
--

ALTER SEQUENCE public.info_general_tipoauditoria_id_seq OWNED BY public.info_general_tipoauditoria.id;


--
-- Name: orden_de_trabajo_detalleordendetrabajo; Type: TABLE; Schema: public; Owner: ubuntu
--

CREATE TABLE public.orden_de_trabajo_detalleordendetrabajo (
    id integer NOT NULL,
    secuencia integer,
    mandante integer NOT NULL,
    numero_orden character varying(255) NOT NULL,
    transporte_masivo boolean NOT NULL,
    tiempo_transporte_masivo integer NOT NULL,
    re_transporte boolean NOT NULL,
    "dependencias_FK_id" integer,
    "error_FK_id" integer,
    "orden_de_trabajo_FK_id" integer NOT NULL,
    "sistema_FK_id" integer NOT NULL,
    "warning_FK_id" integer
);


ALTER TABLE public.orden_de_trabajo_detalleordendetrabajo OWNER TO ubuntu;

--
-- Name: orden_de_trabajo_detalleordendetrabajo_id_seq; Type: SEQUENCE; Schema: public; Owner: ubuntu
--

CREATE SEQUENCE public.orden_de_trabajo_detalleordendetrabajo_id_seq
    AS integer
    START WITH 1
    INCREMENT BY 1
    NO MINVALUE
    NO MAXVALUE
    CACHE 1;


ALTER TABLE public.orden_de_trabajo_detalleordendetrabajo_id_seq OWNER TO ubuntu;

--
-- Name: orden_de_trabajo_detalleordendetrabajo_id_seq; Type: SEQUENCE OWNED BY; Schema: public; Owner: ubuntu
--

ALTER SEQUENCE public.orden_de_trabajo_detalleordendetrabajo_id_seq OWNED BY public.orden_de_trabajo_detalleordendetrabajo.id;


--
-- Name: orden_de_trabajo_estadoorden; Type: TABLE; Schema: public; Owner: ubuntu
--

CREATE TABLE public.orden_de_trabajo_estadoorden (
    id integer NOT NULL,
    nombre_estado character varying(255) NOT NULL
);


ALTER TABLE public.orden_de_trabajo_estadoorden OWNER TO ubuntu;

--
-- Name: orden_de_trabajo_estadoorden_id_seq; Type: SEQUENCE; Schema: public; Owner: ubuntu
--

CREATE SEQUENCE public.orden_de_trabajo_estadoorden_id_seq
    AS integer
    START WITH 1
    INCREMENT BY 1
    NO MINVALUE
    NO MAXVALUE
    CACHE 1;


ALTER TABLE public.orden_de_trabajo_estadoorden_id_seq OWNER TO ubuntu;

--
-- Name: orden_de_trabajo_estadoorden_id_seq; Type: SEQUENCE OWNED BY; Schema: public; Owner: ubuntu
--

ALTER SEQUENCE public.orden_de_trabajo_estadoorden_id_seq OWNED BY public.orden_de_trabajo_estadoorden.id;


--
-- Name: orden_de_trabajo_ordendetrabajo; Type: TABLE; Schema: public; Owner: ubuntu
--

CREATE TABLE public.orden_de_trabajo_ordendetrabajo (
    id integer NOT NULL,
    hora_inicio time without time zone NOT NULL,
    confirmacion_cliente boolean NOT NULL,
    fecha_creacion date NOT NULL,
    es_inmediata character varying(1),
    "cliente_FK_id" integer NOT NULL,
    "estado_FK_id" integer NOT NULL,
    "tecnico_FK_id" integer NOT NULL
);


ALTER TABLE public.orden_de_trabajo_ordendetrabajo OWNER TO ubuntu;

--
-- Name: orden_de_trabajo_ordendetrabajo_id_seq; Type: SEQUENCE; Schema: public; Owner: ubuntu
--

CREATE SEQUENCE public.orden_de_trabajo_ordendetrabajo_id_seq
    AS integer
    START WITH 1
    INCREMENT BY 1
    NO MINVALUE
    NO MAXVALUE
    CACHE 1;


ALTER TABLE public.orden_de_trabajo_ordendetrabajo_id_seq OWNER TO ubuntu;

--
-- Name: orden_de_trabajo_ordendetrabajo_id_seq; Type: SEQUENCE OWNED BY; Schema: public; Owner: ubuntu
--

ALTER SEQUENCE public.orden_de_trabajo_ordendetrabajo_id_seq OWNED BY public.orden_de_trabajo_ordendetrabajo.id;


--
-- Name: orden_de_trabajo_tipodependencias; Type: TABLE; Schema: public; Owner: ubuntu
--

CREATE TABLE public.orden_de_trabajo_tipodependencias (
    id integer NOT NULL,
    nombre_dependencia character varying(255) NOT NULL
);


ALTER TABLE public.orden_de_trabajo_tipodependencias OWNER TO ubuntu;

--
-- Name: orden_de_trabajo_tipodependencias_id_seq; Type: SEQUENCE; Schema: public; Owner: ubuntu
--

CREATE SEQUENCE public.orden_de_trabajo_tipodependencias_id_seq
    AS integer
    START WITH 1
    INCREMENT BY 1
    NO MINVALUE
    NO MAXVALUE
    CACHE 1;


ALTER TABLE public.orden_de_trabajo_tipodependencias_id_seq OWNER TO ubuntu;

--
-- Name: orden_de_trabajo_tipodependencias_id_seq; Type: SEQUENCE OWNED BY; Schema: public; Owner: ubuntu
--

ALTER SEQUENCE public.orden_de_trabajo_tipodependencias_id_seq OWNED BY public.orden_de_trabajo_tipodependencias.id;


--
-- Name: orden_de_trabajo_tipoerror; Type: TABLE; Schema: public; Owner: ubuntu
--

CREATE TABLE public.orden_de_trabajo_tipoerror (
    id integer NOT NULL,
    nombre_error character varying(255) NOT NULL
);


ALTER TABLE public.orden_de_trabajo_tipoerror OWNER TO ubuntu;

--
-- Name: orden_de_trabajo_tipoerror_id_seq; Type: SEQUENCE; Schema: public; Owner: ubuntu
--

CREATE SEQUENCE public.orden_de_trabajo_tipoerror_id_seq
    AS integer
    START WITH 1
    INCREMENT BY 1
    NO MINVALUE
    NO MAXVALUE
    CACHE 1;


ALTER TABLE public.orden_de_trabajo_tipoerror_id_seq OWNER TO ubuntu;

--
-- Name: orden_de_trabajo_tipoerror_id_seq; Type: SEQUENCE OWNED BY; Schema: public; Owner: ubuntu
--

ALTER SEQUENCE public.orden_de_trabajo_tipoerror_id_seq OWNED BY public.orden_de_trabajo_tipoerror.id;


--
-- Name: orden_de_trabajo_tipowarning; Type: TABLE; Schema: public; Owner: ubuntu
--

CREATE TABLE public.orden_de_trabajo_tipowarning (
    id integer NOT NULL,
    nombre_warning character varying(255) NOT NULL
);


ALTER TABLE public.orden_de_trabajo_tipowarning OWNER TO ubuntu;

--
-- Name: orden_de_trabajo_tipowarning_id_seq; Type: SEQUENCE; Schema: public; Owner: ubuntu
--

CREATE SEQUENCE public.orden_de_trabajo_tipowarning_id_seq
    AS integer
    START WITH 1
    INCREMENT BY 1
    NO MINVALUE
    NO MAXVALUE
    CACHE 1;


ALTER TABLE public.orden_de_trabajo_tipowarning_id_seq OWNER TO ubuntu;

--
-- Name: orden_de_trabajo_tipowarning_id_seq; Type: SEQUENCE OWNED BY; Schema: public; Owner: ubuntu
--

ALTER SEQUENCE public.orden_de_trabajo_tipowarning_id_seq OWNED BY public.orden_de_trabajo_tipowarning.id;


--
-- Name: rfc_modulo_actividadesrfc; Type: TABLE; Schema: public; Owner: postgres
--

CREATE TABLE public.rfc_modulo_actividadesrfc (
    id integer NOT NULL,
    descripcion_actividad text NOT NULL,
    duracion_actividad integer NOT NULL,
    fecha_inicio date NOT NULL,
    hora_inicio time without time zone NOT NULL,
    fecha_fin date NOT NULL,
    hora_fin time without time zone NOT NULL,
    "estado_actividad_FK_id" integer,
    "recurso_FK_id" integer,
    "rfc_FK_id" integer NOT NULL,
    sistema_para_estandar_id integer
);


ALTER TABLE public.rfc_modulo_actividadesrfc OWNER TO postgres;

--
-- Name: rfc_modulo_actividadesrfc_id_seq; Type: SEQUENCE; Schema: public; Owner: postgres
--

CREATE SEQUENCE public.rfc_modulo_actividadesrfc_id_seq
    AS integer
    START WITH 1
    INCREMENT BY 1
    NO MINVALUE
    NO MAXVALUE
    CACHE 1;


ALTER TABLE public.rfc_modulo_actividadesrfc_id_seq OWNER TO postgres;

--
-- Name: rfc_modulo_actividadesrfc_id_seq; Type: SEQUENCE OWNED BY; Schema: public; Owner: postgres
--

ALTER SEQUENCE public.rfc_modulo_actividadesrfc_id_seq OWNED BY public.rfc_modulo_actividadesrfc.id;


--
-- Name: rfc_modulo_datosactividadesestandar; Type: TABLE; Schema: public; Owner: postgres
--

CREATE TABLE public.rfc_modulo_datosactividadesestandar (
    id integer NOT NULL,
    est_descripcion_actividad text NOT NULL,
    est_duracion_actividad integer NOT NULL,
    est_fecha_inicio date,
    est_hora_inicio time without time zone,
    est_fecha_fin date,
    est_hora_fin time without time zone,
    est_orden integer,
    "est_request_FK_id" integer,
    est_sistema_id integer,
    est_requisito boolean
);


ALTER TABLE public.rfc_modulo_datosactividadesestandar OWNER TO postgres;

--
-- Name: rfc_modulo_datosactividadesestandar_id_seq; Type: SEQUENCE; Schema: public; Owner: postgres
--

CREATE SEQUENCE public.rfc_modulo_datosactividadesestandar_id_seq
    AS integer
    START WITH 1
    INCREMENT BY 1
    NO MINVALUE
    NO MAXVALUE
    CACHE 1;


ALTER TABLE public.rfc_modulo_datosactividadesestandar_id_seq OWNER TO postgres;

--
-- Name: rfc_modulo_datosactividadesestandar_id_seq; Type: SEQUENCE OWNED BY; Schema: public; Owner: postgres
--

ALTER SEQUENCE public.rfc_modulo_datosactividadesestandar_id_seq OWNED BY public.rfc_modulo_datosactividadesestandar.id;


--
-- Name: rfc_modulo_datosrfcestandar; Type: TABLE; Schema: public; Owner: postgres
--

CREATE TABLE public.rfc_modulo_datosrfcestandar (
    id integer NOT NULL,
    "datos_nombreRFC" character varying(255) NOT NULL,
    datos_nombre_servicio character varying(255) NOT NULL,
    datos_tipo_plan integer NOT NULL,
    datos_objetivos text NOT NULL,
    datos_alcances text NOT NULL,
    datos_confirmacion_cliente boolean,
    "datos_request_FK_id" integer
);


ALTER TABLE public.rfc_modulo_datosrfcestandar OWNER TO postgres;

--
-- Name: rfc_modulo_datosrfcestandar_id_seq; Type: SEQUENCE; Schema: public; Owner: postgres
--

CREATE SEQUENCE public.rfc_modulo_datosrfcestandar_id_seq
    AS integer
    START WITH 1
    INCREMENT BY 1
    NO MINVALUE
    NO MAXVALUE
    CACHE 1;


ALTER TABLE public.rfc_modulo_datosrfcestandar_id_seq OWNER TO postgres;

--
-- Name: rfc_modulo_datosrfcestandar_id_seq; Type: SEQUENCE OWNED BY; Schema: public; Owner: postgres
--

ALTER SEQUENCE public.rfc_modulo_datosrfcestandar_id_seq OWNED BY public.rfc_modulo_datosrfcestandar.id;


--
-- Name: rfc_modulo_datosseverityestandar; Type: TABLE; Schema: public; Owner: postgres
--

CREATE TABLE public.rfc_modulo_datosseverityestandar (
    id integer NOT NULL,
    est_nombre_severity character varying(255) NOT NULL,
    est_fecha_disponibilidad date NOT NULL,
    est_severities character varying(1) NOT NULL,
    est_demora_plan integer NOT NULL,
    est_traspasar_app_criticas boolean NOT NULL,
    est_perdida_performance boolean NOT NULL,
    est_equipamiento_paso boolean NOT NULL,
    "est_resquest_FK_id" integer
);


ALTER TABLE public.rfc_modulo_datosseverityestandar OWNER TO postgres;

--
-- Name: rfc_modulo_datosseverityestandar_id_seq; Type: SEQUENCE; Schema: public; Owner: postgres
--

CREATE SEQUENCE public.rfc_modulo_datosseverityestandar_id_seq
    AS integer
    START WITH 1
    INCREMENT BY 1
    NO MINVALUE
    NO MAXVALUE
    CACHE 1;


ALTER TABLE public.rfc_modulo_datosseverityestandar_id_seq OWNER TO postgres;

--
-- Name: rfc_modulo_datosseverityestandar_id_seq; Type: SEQUENCE OWNED BY; Schema: public; Owner: postgres
--

ALTER SEQUENCE public.rfc_modulo_datosseverityestandar_id_seq OWNED BY public.rfc_modulo_datosseverityestandar.id;


--
-- Name: rfc_modulo_datostareasestandar; Type: TABLE; Schema: public; Owner: postgres
--

CREATE TABLE public.rfc_modulo_datostareasestandar (
    id integer NOT NULL,
    est_nombre_tarea character varying(255) NOT NULL,
    "est_request_FK_id" integer
);


ALTER TABLE public.rfc_modulo_datostareasestandar OWNER TO postgres;

--
-- Name: rfc_modulo_datostareasestandar_id_seq; Type: SEQUENCE; Schema: public; Owner: postgres
--

CREATE SEQUENCE public.rfc_modulo_datostareasestandar_id_seq
    AS integer
    START WITH 1
    INCREMENT BY 1
    NO MINVALUE
    NO MAXVALUE
    CACHE 1;


ALTER TABLE public.rfc_modulo_datostareasestandar_id_seq OWNER TO postgres;

--
-- Name: rfc_modulo_datostareasestandar_id_seq; Type: SEQUENCE OWNED BY; Schema: public; Owner: postgres
--

ALTER SEQUENCE public.rfc_modulo_datostareasestandar_id_seq OWNED BY public.rfc_modulo_datostareasestandar.id;


--
-- Name: rfc_modulo_estadoactividad; Type: TABLE; Schema: public; Owner: postgres
--

CREATE TABLE public.rfc_modulo_estadoactividad (
    id integer NOT NULL,
    nombre_estado character varying(255) NOT NULL
);


ALTER TABLE public.rfc_modulo_estadoactividad OWNER TO postgres;

--
-- Name: rfc_modulo_estadoactividad_id_seq; Type: SEQUENCE; Schema: public; Owner: postgres
--

CREATE SEQUENCE public.rfc_modulo_estadoactividad_id_seq
    AS integer
    START WITH 1
    INCREMENT BY 1
    NO MINVALUE
    NO MAXVALUE
    CACHE 1;


ALTER TABLE public.rfc_modulo_estadoactividad_id_seq OWNER TO postgres;

--
-- Name: rfc_modulo_estadoactividad_id_seq; Type: SEQUENCE OWNED BY; Schema: public; Owner: postgres
--

ALTER SEQUENCE public.rfc_modulo_estadoactividad_id_seq OWNED BY public.rfc_modulo_estadoactividad.id;


--
-- Name: rfc_modulo_estadorfc; Type: TABLE; Schema: public; Owner: postgres
--

CREATE TABLE public.rfc_modulo_estadorfc (
    id integer NOT NULL,
    "nombre_estado_RFC" character varying(255) NOT NULL
);


ALTER TABLE public.rfc_modulo_estadorfc OWNER TO postgres;

--
-- Name: rfc_modulo_estadorfc_id_seq; Type: SEQUENCE; Schema: public; Owner: postgres
--

CREATE SEQUENCE public.rfc_modulo_estadorfc_id_seq
    AS integer
    START WITH 1
    INCREMENT BY 1
    NO MINVALUE
    NO MAXVALUE
    CACHE 1;


ALTER TABLE public.rfc_modulo_estadorfc_id_seq OWNER TO postgres;

--
-- Name: rfc_modulo_estadorfc_id_seq; Type: SEQUENCE OWNED BY; Schema: public; Owner: postgres
--

ALTER SEQUENCE public.rfc_modulo_estadorfc_id_seq OWNED BY public.rfc_modulo_estadorfc.id;


--
-- Name: rfc_modulo_historicocambio; Type: TABLE; Schema: public; Owner: postgres
--

CREATE TABLE public.rfc_modulo_historicocambio (
    id integer NOT NULL,
    nombre_historico character varying(255) NOT NULL,
    numero_version integer NOT NULL,
    fecha_inicio timestamp with time zone NOT NULL,
    hora_historico time without time zone,
    "RFC_FK_id" integer NOT NULL,
    "estado_RFC_FK_id" integer
);


ALTER TABLE public.rfc_modulo_historicocambio OWNER TO postgres;

--
-- Name: rfc_modulo_historicocambio_actividadXestado; Type: TABLE; Schema: public; Owner: postgres
--

CREATE TABLE public."rfc_modulo_historicocambio_actividadXestado" (
    id integer NOT NULL,
    historicocambio_id integer NOT NULL,
    actividadesrfc_id integer NOT NULL
);


ALTER TABLE public."rfc_modulo_historicocambio_actividadXestado" OWNER TO postgres;

--
-- Name: rfc_modulo_historicocambio_actividadXestado_id_seq; Type: SEQUENCE; Schema: public; Owner: postgres
--

CREATE SEQUENCE public."rfc_modulo_historicocambio_actividadXestado_id_seq"
    AS integer
    START WITH 1
    INCREMENT BY 1
    NO MINVALUE
    NO MAXVALUE
    CACHE 1;


ALTER TABLE public."rfc_modulo_historicocambio_actividadXestado_id_seq" OWNER TO postgres;

--
-- Name: rfc_modulo_historicocambio_actividadXestado_id_seq; Type: SEQUENCE OWNED BY; Schema: public; Owner: postgres
--

ALTER SEQUENCE public."rfc_modulo_historicocambio_actividadXestado_id_seq" OWNED BY public."rfc_modulo_historicocambio_actividadXestado".id;


--
-- Name: rfc_modulo_historicocambio_id_seq; Type: SEQUENCE; Schema: public; Owner: postgres
--

CREATE SEQUENCE public.rfc_modulo_historicocambio_id_seq
    AS integer
    START WITH 1
    INCREMENT BY 1
    NO MINVALUE
    NO MAXVALUE
    CACHE 1;


ALTER TABLE public.rfc_modulo_historicocambio_id_seq OWNER TO postgres;

--
-- Name: rfc_modulo_historicocambio_id_seq; Type: SEQUENCE OWNED BY; Schema: public; Owner: postgres
--

ALTER SEQUENCE public.rfc_modulo_historicocambio_id_seq OWNED BY public.rfc_modulo_historicocambio.id;


--
-- Name: rfc_modulo_requestfor; Type: TABLE; Schema: public; Owner: postgres
--

CREATE TABLE public.rfc_modulo_requestfor (
    id integer NOT NULL,
    nombre_clasificacion character varying(255) NOT NULL,
    es_estandar boolean
);


ALTER TABLE public.rfc_modulo_requestfor OWNER TO postgres;

--
-- Name: rfc_modulo_requestfor_id_seq; Type: SEQUENCE; Schema: public; Owner: postgres
--

CREATE SEQUENCE public.rfc_modulo_requestfor_id_seq
    AS integer
    START WITH 1
    INCREMENT BY 1
    NO MINVALUE
    NO MAXVALUE
    CACHE 1;


ALTER TABLE public.rfc_modulo_requestfor_id_seq OWNER TO postgres;

--
-- Name: rfc_modulo_requestfor_id_seq; Type: SEQUENCE OWNED BY; Schema: public; Owner: postgres
--

ALTER SEQUENCE public.rfc_modulo_requestfor_id_seq OWNED BY public.rfc_modulo_requestfor.id;


--
-- Name: rfc_modulo_retorno; Type: TABLE; Schema: public; Owner: postgres
--

CREATE TABLE public.rfc_modulo_retorno (
    id integer NOT NULL,
    tarea_retorno character varying(255) NOT NULL
);


ALTER TABLE public.rfc_modulo_retorno OWNER TO postgres;

--
-- Name: rfc_modulo_retorno_id_seq; Type: SEQUENCE; Schema: public; Owner: postgres
--

CREATE SEQUENCE public.rfc_modulo_retorno_id_seq
    AS integer
    START WITH 1
    INCREMENT BY 1
    NO MINVALUE
    NO MAXVALUE
    CACHE 1;


ALTER TABLE public.rfc_modulo_retorno_id_seq OWNER TO postgres;

--
-- Name: rfc_modulo_retorno_id_seq; Type: SEQUENCE OWNED BY; Schema: public; Owner: postgres
--

ALTER SEQUENCE public.rfc_modulo_retorno_id_seq OWNED BY public.rfc_modulo_retorno.id;


--
-- Name: rfc_modulo_rfc; Type: TABLE; Schema: public; Owner: ubuntu
--

CREATE TABLE public.rfc_modulo_rfc (
    id integer NOT NULL,
    confirmacion_cliente boolean,
    "nombre_RFC" character varying(255) NOT NULL,
    nombre_servicio character varying(255) NOT NULL,
    tipo_plan character varying(1),
    objetivos text NOT NULL,
    alcances text NOT NULL,
    clasificacion character varying(1),
    fecha_creacion timestamp with time zone NOT NULL,
    autor_id integer,
    "cliente_FK_id" integer,
    "estadoRFC_FK_id" integer,
    "request_for_FK_id" integer,
    "retorno_FK_id" integer,
    "serverity_FK_id" integer,
    "supervisor_SAP_id" integer,
    supervisor_cliente_id integer,
    confirmacion_supervisor boolean
);


ALTER TABLE public.rfc_modulo_rfc OWNER TO ubuntu;

--
-- Name: rfc_modulo_rfc_equipo_tecnico; Type: TABLE; Schema: public; Owner: postgres
--

CREATE TABLE public.rfc_modulo_rfc_equipo_tecnico (
    id integer NOT NULL,
    rfc_id integer NOT NULL,
    tecnico_id integer NOT NULL
);


ALTER TABLE public.rfc_modulo_rfc_equipo_tecnico OWNER TO postgres;

--
-- Name: rfc_modulo_rfc_equipo_tecnico_id_seq; Type: SEQUENCE; Schema: public; Owner: postgres
--

CREATE SEQUENCE public.rfc_modulo_rfc_equipo_tecnico_id_seq
    AS integer
    START WITH 1
    INCREMENT BY 1
    NO MINVALUE
    NO MAXVALUE
    CACHE 1;


ALTER TABLE public.rfc_modulo_rfc_equipo_tecnico_id_seq OWNER TO postgres;

--
-- Name: rfc_modulo_rfc_equipo_tecnico_id_seq; Type: SEQUENCE OWNED BY; Schema: public; Owner: postgres
--

ALTER SEQUENCE public.rfc_modulo_rfc_equipo_tecnico_id_seq OWNED BY public.rfc_modulo_rfc_equipo_tecnico.id;


--
-- Name: rfc_modulo_rfc_id_seq; Type: SEQUENCE; Schema: public; Owner: ubuntu
--

CREATE SEQUENCE public.rfc_modulo_rfc_id_seq
    AS integer
    START WITH 1
    INCREMENT BY 1
    NO MINVALUE
    NO MAXVALUE
    CACHE 1;


ALTER TABLE public.rfc_modulo_rfc_id_seq OWNER TO ubuntu;

--
-- Name: rfc_modulo_rfc_id_seq; Type: SEQUENCE OWNED BY; Schema: public; Owner: ubuntu
--

ALTER SEQUENCE public.rfc_modulo_rfc_id_seq OWNED BY public.rfc_modulo_rfc.id;


--
-- Name: rfc_modulo_rfc_sistemas_FK; Type: TABLE; Schema: public; Owner: postgres
--

CREATE TABLE public."rfc_modulo_rfc_sistemas_FK" (
    id integer NOT NULL,
    rfc_id integer NOT NULL,
    sistemascliente_id integer NOT NULL
);


ALTER TABLE public."rfc_modulo_rfc_sistemas_FK" OWNER TO postgres;

--
-- Name: rfc_modulo_rfc_sistemas_FK_id_seq; Type: SEQUENCE; Schema: public; Owner: postgres
--

CREATE SEQUENCE public."rfc_modulo_rfc_sistemas_FK_id_seq"
    AS integer
    START WITH 1
    INCREMENT BY 1
    NO MINVALUE
    NO MAXVALUE
    CACHE 1;


ALTER TABLE public."rfc_modulo_rfc_sistemas_FK_id_seq" OWNER TO postgres;

--
-- Name: rfc_modulo_rfc_sistemas_FK_id_seq; Type: SEQUENCE OWNED BY; Schema: public; Owner: postgres
--

ALTER SEQUENCE public."rfc_modulo_rfc_sistemas_FK_id_seq" OWNED BY public."rfc_modulo_rfc_sistemas_FK".id;


--
-- Name: rfc_modulo_severity; Type: TABLE; Schema: public; Owner: postgres
--

CREATE TABLE public.rfc_modulo_severity (
    id integer NOT NULL,
    nombre_severity character varying(255) NOT NULL,
    fecha_disponibilidad date NOT NULL,
    severities character varying(1) NOT NULL,
    demora_plan integer NOT NULL,
    traspasar_app_criticas boolean NOT NULL,
    perdida_performance boolean NOT NULL,
    equipamiento_paso boolean NOT NULL
);


ALTER TABLE public.rfc_modulo_severity OWNER TO postgres;

--
-- Name: rfc_modulo_severity_id_seq; Type: SEQUENCE; Schema: public; Owner: postgres
--

CREATE SEQUENCE public.rfc_modulo_severity_id_seq
    AS integer
    START WITH 1
    INCREMENT BY 1
    NO MINVALUE
    NO MAXVALUE
    CACHE 1;


ALTER TABLE public.rfc_modulo_severity_id_seq OWNER TO postgres;

--
-- Name: rfc_modulo_severity_id_seq; Type: SEQUENCE OWNED BY; Schema: public; Owner: postgres
--

ALTER SEQUENCE public.rfc_modulo_severity_id_seq OWNED BY public.rfc_modulo_severity.id;


--
-- Name: rfc_modulo_tareasretorno; Type: TABLE; Schema: public; Owner: postgres
--

CREATE TABLE public.rfc_modulo_tareasretorno (
    id integer NOT NULL,
    nombre_tarea character varying(255) NOT NULL,
    "RFC_FK_id" integer NOT NULL
);


ALTER TABLE public.rfc_modulo_tareasretorno OWNER TO postgres;

--
-- Name: rfc_modulo_tareasretorno_id_seq; Type: SEQUENCE; Schema: public; Owner: postgres
--

CREATE SEQUENCE public.rfc_modulo_tareasretorno_id_seq
    AS integer
    START WITH 1
    INCREMENT BY 1
    NO MINVALUE
    NO MAXVALUE
    CACHE 1;


ALTER TABLE public.rfc_modulo_tareasretorno_id_seq OWNER TO postgres;

--
-- Name: rfc_modulo_tareasretorno_id_seq; Type: SEQUENCE OWNED BY; Schema: public; Owner: postgres
--

ALTER SEQUENCE public.rfc_modulo_tareasretorno_id_seq OWNED BY public.rfc_modulo_tareasretorno.id;


--
-- Name: socialaccount_socialaccount; Type: TABLE; Schema: public; Owner: postgres
--

CREATE TABLE public.socialaccount_socialaccount (
    id integer NOT NULL,
    provider character varying(30) NOT NULL,
    uid character varying(191) NOT NULL,
    last_login timestamp with time zone NOT NULL,
    date_joined timestamp with time zone NOT NULL,
    extra_data text NOT NULL,
    user_id integer NOT NULL
);


ALTER TABLE public.socialaccount_socialaccount OWNER TO postgres;

--
-- Name: socialaccount_socialaccount_id_seq; Type: SEQUENCE; Schema: public; Owner: postgres
--

CREATE SEQUENCE public.socialaccount_socialaccount_id_seq
    AS integer
    START WITH 1
    INCREMENT BY 1
    NO MINVALUE
    NO MAXVALUE
    CACHE 1;


ALTER TABLE public.socialaccount_socialaccount_id_seq OWNER TO postgres;

--
-- Name: socialaccount_socialaccount_id_seq; Type: SEQUENCE OWNED BY; Schema: public; Owner: postgres
--

ALTER SEQUENCE public.socialaccount_socialaccount_id_seq OWNED BY public.socialaccount_socialaccount.id;


--
-- Name: socialaccount_socialapp; Type: TABLE; Schema: public; Owner: postgres
--

CREATE TABLE public.socialaccount_socialapp (
    id integer NOT NULL,
    provider character varying(30) NOT NULL,
    name character varying(40) NOT NULL,
    client_id character varying(191) NOT NULL,
    secret character varying(191) NOT NULL,
    key character varying(191) NOT NULL
);


ALTER TABLE public.socialaccount_socialapp OWNER TO postgres;

--
-- Name: socialaccount_socialapp_id_seq; Type: SEQUENCE; Schema: public; Owner: postgres
--

CREATE SEQUENCE public.socialaccount_socialapp_id_seq
    AS integer
    START WITH 1
    INCREMENT BY 1
    NO MINVALUE
    NO MAXVALUE
    CACHE 1;


ALTER TABLE public.socialaccount_socialapp_id_seq OWNER TO postgres;

--
-- Name: socialaccount_socialapp_id_seq; Type: SEQUENCE OWNED BY; Schema: public; Owner: postgres
--

ALTER SEQUENCE public.socialaccount_socialapp_id_seq OWNED BY public.socialaccount_socialapp.id;


--
-- Name: socialaccount_socialapp_sites; Type: TABLE; Schema: public; Owner: postgres
--

CREATE TABLE public.socialaccount_socialapp_sites (
    id integer NOT NULL,
    socialapp_id integer NOT NULL,
    site_id integer NOT NULL
);


ALTER TABLE public.socialaccount_socialapp_sites OWNER TO postgres;

--
-- Name: socialaccount_socialapp_sites_id_seq; Type: SEQUENCE; Schema: public; Owner: postgres
--

CREATE SEQUENCE public.socialaccount_socialapp_sites_id_seq
    AS integer
    START WITH 1
    INCREMENT BY 1
    NO MINVALUE
    NO MAXVALUE
    CACHE 1;


ALTER TABLE public.socialaccount_socialapp_sites_id_seq OWNER TO postgres;

--
-- Name: socialaccount_socialapp_sites_id_seq; Type: SEQUENCE OWNED BY; Schema: public; Owner: postgres
--

ALTER SEQUENCE public.socialaccount_socialapp_sites_id_seq OWNED BY public.socialaccount_socialapp_sites.id;


--
-- Name: socialaccount_socialtoken; Type: TABLE; Schema: public; Owner: postgres
--

CREATE TABLE public.socialaccount_socialtoken (
    id integer NOT NULL,
    token text NOT NULL,
    token_secret text NOT NULL,
    expires_at timestamp with time zone,
    account_id integer NOT NULL,
    app_id integer NOT NULL
);


ALTER TABLE public.socialaccount_socialtoken OWNER TO postgres;

--
-- Name: socialaccount_socialtoken_id_seq; Type: SEQUENCE; Schema: public; Owner: postgres
--

CREATE SEQUENCE public.socialaccount_socialtoken_id_seq
    AS integer
    START WITH 1
    INCREMENT BY 1
    NO MINVALUE
    NO MAXVALUE
    CACHE 1;


ALTER TABLE public.socialaccount_socialtoken_id_seq OWNER TO postgres;

--
-- Name: socialaccount_socialtoken_id_seq; Type: SEQUENCE OWNED BY; Schema: public; Owner: postgres
--

ALTER SEQUENCE public.socialaccount_socialtoken_id_seq OWNED BY public.socialaccount_socialtoken.id;


--
-- Name: task_id_sequence; Type: SEQUENCE; Schema: public; Owner: ubuntu
--

CREATE SEQUENCE public.task_id_sequence
    START WITH 1
    INCREMENT BY 1
    NO MINVALUE
    NO MAXVALUE
    CACHE 1;


ALTER TABLE public.task_id_sequence OWNER TO ubuntu;

--
-- Name: taskset_id_sequence; Type: SEQUENCE; Schema: public; Owner: ubuntu
--

CREATE SEQUENCE public.taskset_id_sequence
    START WITH 1
    INCREMENT BY 1
    NO MINVALUE
    NO MAXVALUE
    CACHE 1;


ALTER TABLE public.taskset_id_sequence OWNER TO ubuntu;

--
-- Name: tecnicos_cargo; Type: TABLE; Schema: public; Owner: postgres
--

CREATE TABLE public.tecnicos_cargo (
    id integer NOT NULL,
    nombre_cargo character varying(255) NOT NULL
);


ALTER TABLE public.tecnicos_cargo OWNER TO postgres;

--
-- Name: tecnicos_cargo_id_seq; Type: SEQUENCE; Schema: public; Owner: postgres
--

CREATE SEQUENCE public.tecnicos_cargo_id_seq
    AS integer
    START WITH 1
    INCREMENT BY 1
    NO MINVALUE
    NO MAXVALUE
    CACHE 1;


ALTER TABLE public.tecnicos_cargo_id_seq OWNER TO postgres;

--
-- Name: tecnicos_cargo_id_seq; Type: SEQUENCE OWNED BY; Schema: public; Owner: postgres
--

ALTER SEQUENCE public.tecnicos_cargo_id_seq OWNED BY public.tecnicos_cargo.id;


--
-- Name: tecnicos_domicilio; Type: TABLE; Schema: public; Owner: postgres
--

CREATE TABLE public.tecnicos_domicilio (
    id integer NOT NULL,
    calle character varying(255) NOT NULL,
    no_calle integer NOT NULL,
    pais character varying(255) NOT NULL
);


ALTER TABLE public.tecnicos_domicilio OWNER TO postgres;

--
-- Name: tecnicos_domicilio_id_seq; Type: SEQUENCE; Schema: public; Owner: postgres
--

CREATE SEQUENCE public.tecnicos_domicilio_id_seq
    AS integer
    START WITH 1
    INCREMENT BY 1
    NO MINVALUE
    NO MAXVALUE
    CACHE 1;


ALTER TABLE public.tecnicos_domicilio_id_seq OWNER TO postgres;

--
-- Name: tecnicos_domicilio_id_seq; Type: SEQUENCE OWNED BY; Schema: public; Owner: postgres
--

ALTER SEQUENCE public.tecnicos_domicilio_id_seq OWNED BY public.tecnicos_domicilio.id;


--
-- Name: tecnicos_tecnico; Type: TABLE; Schema: public; Owner: postgres
--

CREATE TABLE public.tecnicos_tecnico (
    id integer NOT NULL,
    nombre_tecnico character varying(255) NOT NULL,
    apellido_tecnico character varying(255) NOT NULL,
    celular_tecnico character varying(255) NOT NULL,
    email_tecnico character varying(255) NOT NULL,
    usuario_cliente boolean,
    "cargo_FK_id" integer,
    "cliente_FK_id" integer,
    "tipo_FK_id" integer
);


ALTER TABLE public.tecnicos_tecnico OWNER TO postgres;

--
-- Name: tecnicos_tecnico_id_seq; Type: SEQUENCE; Schema: public; Owner: postgres
--

CREATE SEQUENCE public.tecnicos_tecnico_id_seq
    AS integer
    START WITH 1
    INCREMENT BY 1
    NO MINVALUE
    NO MAXVALUE
    CACHE 1;


ALTER TABLE public.tecnicos_tecnico_id_seq OWNER TO postgres;

--
-- Name: tecnicos_tecnico_id_seq; Type: SEQUENCE OWNED BY; Schema: public; Owner: postgres
--

ALTER SEQUENCE public.tecnicos_tecnico_id_seq OWNED BY public.tecnicos_tecnico.id;


--
-- Name: tecnicos_tipotecnico; Type: TABLE; Schema: public; Owner: postgres
--

CREATE TABLE public.tecnicos_tipotecnico (
    id integer NOT NULL,
    numero_tipo integer NOT NULL,
    nombre_tipo character varying(255) NOT NULL
);


ALTER TABLE public.tecnicos_tipotecnico OWNER TO postgres;

--
-- Name: tecnicos_tipotecnico_id_seq; Type: SEQUENCE; Schema: public; Owner: postgres
--

CREATE SEQUENCE public.tecnicos_tipotecnico_id_seq
    AS integer
    START WITH 1
    INCREMENT BY 1
    NO MINVALUE
    NO MAXVALUE
    CACHE 1;


ALTER TABLE public.tecnicos_tipotecnico_id_seq OWNER TO postgres;

--
-- Name: tecnicos_tipotecnico_id_seq; Type: SEQUENCE OWNED BY; Schema: public; Owner: postgres
--

ALTER SEQUENCE public.tecnicos_tipotecnico_id_seq OWNED BY public.tecnicos_tipotecnico.id;


--
-- Name: usuarios_usuario; Type: TABLE; Schema: public; Owner: ubuntu
--

CREATE TABLE public.usuarios_usuario (
    id integer NOT NULL,
    password character varying(128) NOT NULL,
    last_login timestamp with time zone,
    is_superuser boolean NOT NULL,
    username character varying(150) NOT NULL,
    first_name character varying(150) NOT NULL,
    last_name character varying(150) NOT NULL,
    email character varying(254) NOT NULL,
    is_staff boolean NOT NULL,
    is_active boolean NOT NULL,
    date_joined timestamp with time zone NOT NULL,
    cliente_id integer,
    "tecnico_FK_id" integer
);


ALTER TABLE public.usuarios_usuario OWNER TO ubuntu;

--
-- Name: usuarios_usuario_clientes; Type: TABLE; Schema: public; Owner: postgres
--

CREATE TABLE public.usuarios_usuario_clientes (
    id integer NOT NULL,
    usuario_id integer NOT NULL,
    cliente_id integer NOT NULL
);


ALTER TABLE public.usuarios_usuario_clientes OWNER TO postgres;

--
-- Name: usuarios_usuario_clientes_id_seq; Type: SEQUENCE; Schema: public; Owner: postgres
--

CREATE SEQUENCE public.usuarios_usuario_clientes_id_seq
    AS integer
    START WITH 1
    INCREMENT BY 1
    NO MINVALUE
    NO MAXVALUE
    CACHE 1;


ALTER TABLE public.usuarios_usuario_clientes_id_seq OWNER TO postgres;

--
-- Name: usuarios_usuario_clientes_id_seq; Type: SEQUENCE OWNED BY; Schema: public; Owner: postgres
--

ALTER SEQUENCE public.usuarios_usuario_clientes_id_seq OWNED BY public.usuarios_usuario_clientes.id;


--
-- Name: usuarios_usuario_groups; Type: TABLE; Schema: public; Owner: postgres
--

CREATE TABLE public.usuarios_usuario_groups (
    id integer NOT NULL,
    usuario_id integer NOT NULL,
    group_id integer NOT NULL
);


ALTER TABLE public.usuarios_usuario_groups OWNER TO postgres;

--
-- Name: usuarios_usuario_groups_id_seq; Type: SEQUENCE; Schema: public; Owner: postgres
--

CREATE SEQUENCE public.usuarios_usuario_groups_id_seq
    AS integer
    START WITH 1
    INCREMENT BY 1
    NO MINVALUE
    NO MAXVALUE
    CACHE 1;


ALTER TABLE public.usuarios_usuario_groups_id_seq OWNER TO postgres;

--
-- Name: usuarios_usuario_groups_id_seq; Type: SEQUENCE OWNED BY; Schema: public; Owner: postgres
--

ALTER SEQUENCE public.usuarios_usuario_groups_id_seq OWNED BY public.usuarios_usuario_groups.id;


--
-- Name: usuarios_usuario_id_seq; Type: SEQUENCE; Schema: public; Owner: ubuntu
--

CREATE SEQUENCE public.usuarios_usuario_id_seq
    AS integer
    START WITH 1
    INCREMENT BY 1
    NO MINVALUE
    NO MAXVALUE
    CACHE 1;


ALTER TABLE public.usuarios_usuario_id_seq OWNER TO ubuntu;

--
-- Name: usuarios_usuario_id_seq; Type: SEQUENCE OWNED BY; Schema: public; Owner: ubuntu
--

ALTER SEQUENCE public.usuarios_usuario_id_seq OWNED BY public.usuarios_usuario.id;


--
-- Name: usuarios_usuario_user_permissions; Type: TABLE; Schema: public; Owner: postgres
--

CREATE TABLE public.usuarios_usuario_user_permissions (
    id integer NOT NULL,
    usuario_id integer NOT NULL,
    permission_id integer NOT NULL
);


ALTER TABLE public.usuarios_usuario_user_permissions OWNER TO postgres;

--
-- Name: usuarios_usuario_user_permissions_id_seq; Type: SEQUENCE; Schema: public; Owner: postgres
--

CREATE SEQUENCE public.usuarios_usuario_user_permissions_id_seq
    AS integer
    START WITH 1
    INCREMENT BY 1
    NO MINVALUE
    NO MAXVALUE
    CACHE 1;


ALTER TABLE public.usuarios_usuario_user_permissions_id_seq OWNER TO postgres;

--
-- Name: usuarios_usuario_user_permissions_id_seq; Type: SEQUENCE OWNED BY; Schema: public; Owner: postgres
--

ALTER SEQUENCE public.usuarios_usuario_user_permissions_id_seq OWNED BY public.usuarios_usuario_user_permissions.id;


--
-- Name: account_emailaddress id; Type: DEFAULT; Schema: public; Owner: postgres
--

ALTER TABLE ONLY public.account_emailaddress ALTER COLUMN id SET DEFAULT nextval('public.account_emailaddress_id_seq'::regclass);


--
-- Name: account_emailconfirmation id; Type: DEFAULT; Schema: public; Owner: postgres
--

ALTER TABLE ONLY public.account_emailconfirmation ALTER COLUMN id SET DEFAULT nextval('public.account_emailconfirmation_id_seq'::regclass);


--
-- Name: admin_interface_theme id; Type: DEFAULT; Schema: public; Owner: postgres
--

ALTER TABLE ONLY public.admin_interface_theme ALTER COLUMN id SET DEFAULT nextval('public.admin_interface_theme_id_seq'::regclass);


--
-- Name: auth_group id; Type: DEFAULT; Schema: public; Owner: postgres
--

ALTER TABLE ONLY public.auth_group ALTER COLUMN id SET DEFAULT nextval('public.auth_group_id_seq'::regclass);


--
-- Name: auth_group_permissions id; Type: DEFAULT; Schema: public; Owner: postgres
--

ALTER TABLE ONLY public.auth_group_permissions ALTER COLUMN id SET DEFAULT nextval('public.auth_group_permissions_id_seq'::regclass);


--
-- Name: auth_permission id; Type: DEFAULT; Schema: public; Owner: postgres
--

ALTER TABLE ONLY public.auth_permission ALTER COLUMN id SET DEFAULT nextval('public.auth_permission_id_seq'::regclass);


--
-- Name: clientes_ambientesistemas id; Type: DEFAULT; Schema: public; Owner: postgres
--

ALTER TABLE ONLY public.clientes_ambientesistemas ALTER COLUMN id SET DEFAULT nextval('public.clientes_ambientesistemas_id_seq'::regclass);


--
-- Name: clientes_cliente id; Type: DEFAULT; Schema: public; Owner: ubuntu
--

ALTER TABLE ONLY public.clientes_cliente ALTER COLUMN id SET DEFAULT nextval('public.clientes_cliente_id_seq'::regclass);


--
-- Name: clientes_cliente_equipo_tecnico_clientes id; Type: DEFAULT; Schema: public; Owner: postgres
--

ALTER TABLE ONLY public.clientes_cliente_equipo_tecnico_clientes ALTER COLUMN id SET DEFAULT nextval('public.clientes_cliente_equipo_tecnico_clientes_id_seq'::regclass);


--
-- Name: clientes_cliente_sistema_FK id; Type: DEFAULT; Schema: public; Owner: postgres
--

ALTER TABLE ONLY public."clientes_cliente_sistema_FK" ALTER COLUMN id SET DEFAULT nextval('public."clientes_cliente_sistema_FK_id_seq"'::regclass);


--
-- Name: clientes_configuracioncliente id; Type: DEFAULT; Schema: public; Owner: ubuntu
--

ALTER TABLE ONLY public.clientes_configuracioncliente ALTER COLUMN id SET DEFAULT nextval('public.clientes_configuracioncliente_id_seq'::regclass);


--
-- Name: clientes_paisescliente id; Type: DEFAULT; Schema: public; Owner: postgres
--

ALTER TABLE ONLY public.clientes_paisescliente ALTER COLUMN id SET DEFAULT nextval('public.clientes_paisescliente_id_seq'::regclass);


--
-- Name: clientes_sistemascliente id; Type: DEFAULT; Schema: public; Owner: ubuntu
--

ALTER TABLE ONLY public.clientes_sistemascliente ALTER COLUMN id SET DEFAULT nextval('public.clientes_sistemascliente_id_seq'::regclass);


--
-- Name: clientes_usuariocliente id; Type: DEFAULT; Schema: public; Owner: ubuntu
--

ALTER TABLE ONLY public.clientes_usuariocliente ALTER COLUMN id SET DEFAULT nextval('public.clientes_usuariocliente_id_seq'::regclass);


--
-- Name: django_admin_log id; Type: DEFAULT; Schema: public; Owner: postgres
--

ALTER TABLE ONLY public.django_admin_log ALTER COLUMN id SET DEFAULT nextval('public.django_admin_log_id_seq'::regclass);


--
-- Name: django_celery_beat_clockedschedule id; Type: DEFAULT; Schema: public; Owner: ubuntu
--

ALTER TABLE ONLY public.django_celery_beat_clockedschedule ALTER COLUMN id SET DEFAULT nextval('public.django_celery_beat_clockedschedule_id_seq'::regclass);


--
-- Name: django_celery_beat_crontabschedule id; Type: DEFAULT; Schema: public; Owner: ubuntu
--

ALTER TABLE ONLY public.django_celery_beat_crontabschedule ALTER COLUMN id SET DEFAULT nextval('public.django_celery_beat_crontabschedule_id_seq'::regclass);


--
-- Name: django_celery_beat_intervalschedule id; Type: DEFAULT; Schema: public; Owner: ubuntu
--

ALTER TABLE ONLY public.django_celery_beat_intervalschedule ALTER COLUMN id SET DEFAULT nextval('public.django_celery_beat_intervalschedule_id_seq'::regclass);


--
-- Name: django_celery_beat_periodictask id; Type: DEFAULT; Schema: public; Owner: ubuntu
--

ALTER TABLE ONLY public.django_celery_beat_periodictask ALTER COLUMN id SET DEFAULT nextval('public.django_celery_beat_periodictask_id_seq'::regclass);


--
-- Name: django_celery_beat_solarschedule id; Type: DEFAULT; Schema: public; Owner: ubuntu
--

ALTER TABLE ONLY public.django_celery_beat_solarschedule ALTER COLUMN id SET DEFAULT nextval('public.django_celery_beat_solarschedule_id_seq'::regclass);


--
-- Name: django_celery_results_chordcounter id; Type: DEFAULT; Schema: public; Owner: ubuntu
--

ALTER TABLE ONLY public.django_celery_results_chordcounter ALTER COLUMN id SET DEFAULT nextval('public.django_celery_results_chordcounter_id_seq'::regclass);


--
-- Name: django_celery_results_groupresult id; Type: DEFAULT; Schema: public; Owner: ubuntu
--

ALTER TABLE ONLY public.django_celery_results_groupresult ALTER COLUMN id SET DEFAULT nextval('public.django_celery_results_groupresult_id_seq'::regclass);


--
-- Name: django_celery_results_taskresult id; Type: DEFAULT; Schema: public; Owner: ubuntu
--

ALTER TABLE ONLY public.django_celery_results_taskresult ALTER COLUMN id SET DEFAULT nextval('public.django_celery_results_taskresult_id_seq'::regclass);


--
-- Name: django_content_type id; Type: DEFAULT; Schema: public; Owner: postgres
--

ALTER TABLE ONLY public.django_content_type ALTER COLUMN id SET DEFAULT nextval('public.django_content_type_id_seq'::regclass);


--
-- Name: django_migrations id; Type: DEFAULT; Schema: public; Owner: postgres
--

ALTER TABLE ONLY public.django_migrations ALTER COLUMN id SET DEFAULT nextval('public.django_migrations_id_seq'::regclass);


--
-- Name: django_site id; Type: DEFAULT; Schema: public; Owner: postgres
--

ALTER TABLE ONLY public.django_site ALTER COLUMN id SET DEFAULT nextval('public.django_site_id_seq'::regclass);


--
-- Name: info_general_auditoria id; Type: DEFAULT; Schema: public; Owner: ubuntu
--

ALTER TABLE ONLY public.info_general_auditoria ALTER COLUMN id SET DEFAULT nextval('public.info_general_auditoria_id_seq'::regclass);


--
-- Name: info_general_regiones id; Type: DEFAULT; Schema: public; Owner: ubuntu
--

ALTER TABLE ONLY public.info_general_regiones ALTER COLUMN id SET DEFAULT nextval('public.info_general_regiones_id_seq'::regclass);


--
-- Name: info_general_tipoauditoria id; Type: DEFAULT; Schema: public; Owner: ubuntu
--

ALTER TABLE ONLY public.info_general_tipoauditoria ALTER COLUMN id SET DEFAULT nextval('public.info_general_tipoauditoria_id_seq'::regclass);


--
-- Name: orden_de_trabajo_detalleordendetrabajo id; Type: DEFAULT; Schema: public; Owner: ubuntu
--

ALTER TABLE ONLY public.orden_de_trabajo_detalleordendetrabajo ALTER COLUMN id SET DEFAULT nextval('public.orden_de_trabajo_detalleordendetrabajo_id_seq'::regclass);


--
-- Name: orden_de_trabajo_estadoorden id; Type: DEFAULT; Schema: public; Owner: ubuntu
--

ALTER TABLE ONLY public.orden_de_trabajo_estadoorden ALTER COLUMN id SET DEFAULT nextval('public.orden_de_trabajo_estadoorden_id_seq'::regclass);


--
-- Name: orden_de_trabajo_ordendetrabajo id; Type: DEFAULT; Schema: public; Owner: ubuntu
--

ALTER TABLE ONLY public.orden_de_trabajo_ordendetrabajo ALTER COLUMN id SET DEFAULT nextval('public.orden_de_trabajo_ordendetrabajo_id_seq'::regclass);


--
-- Name: orden_de_trabajo_tipodependencias id; Type: DEFAULT; Schema: public; Owner: ubuntu
--

ALTER TABLE ONLY public.orden_de_trabajo_tipodependencias ALTER COLUMN id SET DEFAULT nextval('public.orden_de_trabajo_tipodependencias_id_seq'::regclass);


--
-- Name: orden_de_trabajo_tipoerror id; Type: DEFAULT; Schema: public; Owner: ubuntu
--

ALTER TABLE ONLY public.orden_de_trabajo_tipoerror ALTER COLUMN id SET DEFAULT nextval('public.orden_de_trabajo_tipoerror_id_seq'::regclass);


--
-- Name: orden_de_trabajo_tipowarning id; Type: DEFAULT; Schema: public; Owner: ubuntu
--

ALTER TABLE ONLY public.orden_de_trabajo_tipowarning ALTER COLUMN id SET DEFAULT nextval('public.orden_de_trabajo_tipowarning_id_seq'::regclass);


--
-- Name: rfc_modulo_actividadesrfc id; Type: DEFAULT; Schema: public; Owner: postgres
--

ALTER TABLE ONLY public.rfc_modulo_actividadesrfc ALTER COLUMN id SET DEFAULT nextval('public.rfc_modulo_actividadesrfc_id_seq'::regclass);


--
-- Name: rfc_modulo_datosactividadesestandar id; Type: DEFAULT; Schema: public; Owner: postgres
--

ALTER TABLE ONLY public.rfc_modulo_datosactividadesestandar ALTER COLUMN id SET DEFAULT nextval('public.rfc_modulo_datosactividadesestandar_id_seq'::regclass);


--
-- Name: rfc_modulo_datosrfcestandar id; Type: DEFAULT; Schema: public; Owner: postgres
--

ALTER TABLE ONLY public.rfc_modulo_datosrfcestandar ALTER COLUMN id SET DEFAULT nextval('public.rfc_modulo_datosrfcestandar_id_seq'::regclass);


--
-- Name: rfc_modulo_datosseverityestandar id; Type: DEFAULT; Schema: public; Owner: postgres
--

ALTER TABLE ONLY public.rfc_modulo_datosseverityestandar ALTER COLUMN id SET DEFAULT nextval('public.rfc_modulo_datosseverityestandar_id_seq'::regclass);


--
-- Name: rfc_modulo_datostareasestandar id; Type: DEFAULT; Schema: public; Owner: postgres
--

ALTER TABLE ONLY public.rfc_modulo_datostareasestandar ALTER COLUMN id SET DEFAULT nextval('public.rfc_modulo_datostareasestandar_id_seq'::regclass);


--
-- Name: rfc_modulo_estadoactividad id; Type: DEFAULT; Schema: public; Owner: postgres
--

ALTER TABLE ONLY public.rfc_modulo_estadoactividad ALTER COLUMN id SET DEFAULT nextval('public.rfc_modulo_estadoactividad_id_seq'::regclass);


--
-- Name: rfc_modulo_estadorfc id; Type: DEFAULT; Schema: public; Owner: postgres
--

ALTER TABLE ONLY public.rfc_modulo_estadorfc ALTER COLUMN id SET DEFAULT nextval('public.rfc_modulo_estadorfc_id_seq'::regclass);


--
-- Name: rfc_modulo_historicocambio id; Type: DEFAULT; Schema: public; Owner: postgres
--

ALTER TABLE ONLY public.rfc_modulo_historicocambio ALTER COLUMN id SET DEFAULT nextval('public.rfc_modulo_historicocambio_id_seq'::regclass);


--
-- Name: rfc_modulo_historicocambio_actividadXestado id; Type: DEFAULT; Schema: public; Owner: postgres
--

ALTER TABLE ONLY public."rfc_modulo_historicocambio_actividadXestado" ALTER COLUMN id SET DEFAULT nextval('public."rfc_modulo_historicocambio_actividadXestado_id_seq"'::regclass);


--
-- Name: rfc_modulo_requestfor id; Type: DEFAULT; Schema: public; Owner: postgres
--

ALTER TABLE ONLY public.rfc_modulo_requestfor ALTER COLUMN id SET DEFAULT nextval('public.rfc_modulo_requestfor_id_seq'::regclass);


--
-- Name: rfc_modulo_retorno id; Type: DEFAULT; Schema: public; Owner: postgres
--

ALTER TABLE ONLY public.rfc_modulo_retorno ALTER COLUMN id SET DEFAULT nextval('public.rfc_modulo_retorno_id_seq'::regclass);


--
-- Name: rfc_modulo_rfc id; Type: DEFAULT; Schema: public; Owner: ubuntu
--

ALTER TABLE ONLY public.rfc_modulo_rfc ALTER COLUMN id SET DEFAULT nextval('public.rfc_modulo_rfc_id_seq'::regclass);


--
-- Name: rfc_modulo_rfc_equipo_tecnico id; Type: DEFAULT; Schema: public; Owner: postgres
--

ALTER TABLE ONLY public.rfc_modulo_rfc_equipo_tecnico ALTER COLUMN id SET DEFAULT nextval('public.rfc_modulo_rfc_equipo_tecnico_id_seq'::regclass);


--
-- Name: rfc_modulo_rfc_sistemas_FK id; Type: DEFAULT; Schema: public; Owner: postgres
--

ALTER TABLE ONLY public."rfc_modulo_rfc_sistemas_FK" ALTER COLUMN id SET DEFAULT nextval('public."rfc_modulo_rfc_sistemas_FK_id_seq"'::regclass);


--
-- Name: rfc_modulo_severity id; Type: DEFAULT; Schema: public; Owner: postgres
--

ALTER TABLE ONLY public.rfc_modulo_severity ALTER COLUMN id SET DEFAULT nextval('public.rfc_modulo_severity_id_seq'::regclass);


--
-- Name: rfc_modulo_tareasretorno id; Type: DEFAULT; Schema: public; Owner: postgres
--

ALTER TABLE ONLY public.rfc_modulo_tareasretorno ALTER COLUMN id SET DEFAULT nextval('public.rfc_modulo_tareasretorno_id_seq'::regclass);


--
-- Name: socialaccount_socialaccount id; Type: DEFAULT; Schema: public; Owner: postgres
--

ALTER TABLE ONLY public.socialaccount_socialaccount ALTER COLUMN id SET DEFAULT nextval('public.socialaccount_socialaccount_id_seq'::regclass);


--
-- Name: socialaccount_socialapp id; Type: DEFAULT; Schema: public; Owner: postgres
--

ALTER TABLE ONLY public.socialaccount_socialapp ALTER COLUMN id SET DEFAULT nextval('public.socialaccount_socialapp_id_seq'::regclass);


--
-- Name: socialaccount_socialapp_sites id; Type: DEFAULT; Schema: public; Owner: postgres
--

ALTER TABLE ONLY public.socialaccount_socialapp_sites ALTER COLUMN id SET DEFAULT nextval('public.socialaccount_socialapp_sites_id_seq'::regclass);


--
-- Name: socialaccount_socialtoken id; Type: DEFAULT; Schema: public; Owner: postgres
--

ALTER TABLE ONLY public.socialaccount_socialtoken ALTER COLUMN id SET DEFAULT nextval('public.socialaccount_socialtoken_id_seq'::regclass);


--
-- Name: tecnicos_cargo id; Type: DEFAULT; Schema: public; Owner: postgres
--

ALTER TABLE ONLY public.tecnicos_cargo ALTER COLUMN id SET DEFAULT nextval('public.tecnicos_cargo_id_seq'::regclass);


--
-- Name: tecnicos_domicilio id; Type: DEFAULT; Schema: public; Owner: postgres
--

ALTER TABLE ONLY public.tecnicos_domicilio ALTER COLUMN id SET DEFAULT nextval('public.tecnicos_domicilio_id_seq'::regclass);


--
-- Name: tecnicos_tecnico id; Type: DEFAULT; Schema: public; Owner: postgres
--

ALTER TABLE ONLY public.tecnicos_tecnico ALTER COLUMN id SET DEFAULT nextval('public.tecnicos_tecnico_id_seq'::regclass);


--
-- Name: tecnicos_tipotecnico id; Type: DEFAULT; Schema: public; Owner: postgres
--

ALTER TABLE ONLY public.tecnicos_tipotecnico ALTER COLUMN id SET DEFAULT nextval('public.tecnicos_tipotecnico_id_seq'::regclass);


--
-- Name: usuarios_usuario id; Type: DEFAULT; Schema: public; Owner: ubuntu
--

ALTER TABLE ONLY public.usuarios_usuario ALTER COLUMN id SET DEFAULT nextval('public.usuarios_usuario_id_seq'::regclass);


--
-- Name: usuarios_usuario_clientes id; Type: DEFAULT; Schema: public; Owner: postgres
--

ALTER TABLE ONLY public.usuarios_usuario_clientes ALTER COLUMN id SET DEFAULT nextval('public.usuarios_usuario_clientes_id_seq'::regclass);


--
-- Name: usuarios_usuario_groups id; Type: DEFAULT; Schema: public; Owner: postgres
--

ALTER TABLE ONLY public.usuarios_usuario_groups ALTER COLUMN id SET DEFAULT nextval('public.usuarios_usuario_groups_id_seq'::regclass);


--
-- Name: usuarios_usuario_user_permissions id; Type: DEFAULT; Schema: public; Owner: postgres
--

ALTER TABLE ONLY public.usuarios_usuario_user_permissions ALTER COLUMN id SET DEFAULT nextval('public.usuarios_usuario_user_permissions_id_seq'::regclass);


--
-- Data for Name: account_emailaddress; Type: TABLE DATA; Schema: public; Owner: postgres
--

COPY public.account_emailaddress (id, email, verified, "primary", user_id) FROM stdin;
1	enzo.rossi@cjgconsultores.com	t	t	68
2	pablo.sella@cjgconsultores.com	f	t	70
3	enzo@enzo.com	f	t	71
4	sellapablo9@gmail.com	f	t	72
5	enzo.rossi@cjg.com	f	t	73
6	enzofrossi95@gmail.com	t	t	74
7	estanislao.castellano@cjgconsultores.com	f	t	75
8	javier.duran@cjgconsultores.com	f	t	76
9	alicia.gutierrez@cjgconsultores.com	f	t	77
10	nahuel.guzman@cjgconsultores.com	f	t	78
11	Elimarys.Tineo@cjgconsultores.com	f	t	79
12	jose.camacho@cjgconsultores.com	f	t	80
13	Felipe.espinoza@cjgconsultores.com	f	t	81
14	Luis.duenas@cjgconsultores.com	f	t	82
15	michael.rodrigo@cjgconsultores.com	f	t	83
34	enzo.rossi@ch.com	f	t	100
35	jose@jsoe.com	f	t	101
\.


--
-- Data for Name: account_emailconfirmation; Type: TABLE DATA; Schema: public; Owner: postgres
--

COPY public.account_emailconfirmation (id, created, sent, key, email_address_id) FROM stdin;
\.


--
-- Data for Name: admin_interface_theme; Type: TABLE DATA; Schema: public; Owner: postgres
--

COPY public.admin_interface_theme (id, name, active, title, title_visible, logo, logo_visible, css_header_background_color, title_color, css_header_text_color, css_header_link_color, css_header_link_hover_color, css_module_background_color, css_module_text_color, css_module_link_color, css_module_link_hover_color, css_module_rounded_corners, css_generic_link_color, css_generic_link_hover_color, css_save_button_background_color, css_save_button_background_hover_color, css_save_button_text_color, css_delete_button_background_color, css_delete_button_background_hover_color, css_delete_button_text_color, css, list_filter_dropdown, related_modal_active, related_modal_background_color, related_modal_rounded_corners, logo_color, recent_actions_visible, favicon, related_modal_background_opacity, env_name, env_visible_in_header, env_color, env_visible_in_favicon, related_modal_close_button_visible, language_chooser_active, language_chooser_display, list_filter_sticky) FROM stdin;
1	Django	t	Django administration	t		t	#0C4B33	#F5DD5D	#44B78B	#FFFFFF	#C9F0DD	#44B78B	#FFFFFF	#FFFFFF	#C9F0DD	t	#0C3C26	#156641	#0C4B33	#0C3C26	#FFFFFF	#BA2121	#A41515	#FFFFFF		t	t	#000000	t	#FFFFFF	t		0.3		t	#E74C3C	t	t	t	code	t
\.


--
-- Data for Name: auth_group; Type: TABLE DATA; Schema: public; Owner: postgres
--

COPY public.auth_group (id, name) FROM stdin;
1	auditor
\.


--
-- Data for Name: auth_group_permissions; Type: TABLE DATA; Schema: public; Owner: postgres
--

COPY public.auth_group_permissions (id, group_id, permission_id) FROM stdin;
1	1	201
2	1	198
3	1	199
4	1	1
5	1	2
6	1	3
7	1	4
8	1	5
9	1	6
10	1	7
11	1	8
12	1	9
13	1	10
14	1	11
15	1	12
16	1	13
17	1	14
18	1	15
19	1	16
20	1	17
21	1	18
22	1	19
23	1	20
24	1	21
25	1	22
26	1	23
27	1	24
28	1	25
29	1	26
30	1	27
31	1	28
32	1	29
33	1	30
34	1	31
35	1	32
36	1	33
37	1	34
38	1	35
39	1	36
40	1	37
41	1	38
42	1	39
43	1	40
44	1	41
45	1	42
46	1	43
47	1	44
48	1	45
49	1	46
50	1	47
51	1	48
52	1	49
53	1	50
54	1	51
55	1	52
56	1	53
57	1	54
58	1	55
59	1	56
60	1	57
61	1	58
62	1	59
63	1	60
64	1	61
65	1	62
66	1	63
67	1	64
68	1	65
69	1	66
70	1	67
71	1	68
72	1	69
73	1	70
74	1	71
75	1	72
76	1	73
77	1	74
78	1	75
79	1	76
80	1	77
81	1	78
82	1	79
83	1	80
84	1	81
85	1	82
86	1	83
87	1	84
88	1	85
89	1	86
90	1	87
91	1	88
92	1	89
93	1	90
94	1	91
95	1	92
96	1	100
97	1	101
98	1	102
99	1	103
100	1	104
101	1	105
102	1	106
103	1	107
104	1	108
105	1	109
106	1	110
107	1	111
108	1	112
109	1	113
110	1	114
111	1	115
112	1	116
113	1	117
114	1	118
115	1	119
116	1	120
117	1	121
118	1	122
119	1	123
120	1	124
121	1	125
122	1	126
123	1	127
124	1	128
125	1	129
126	1	130
127	1	131
128	1	132
129	1	133
130	1	134
131	1	135
132	1	136
133	1	137
134	1	138
135	1	139
136	1	140
137	1	141
138	1	142
139	1	143
140	1	166
141	1	167
142	1	168
143	1	169
144	1	170
145	1	171
146	1	172
147	1	173
148	1	174
149	1	175
150	1	176
151	1	177
152	1	178
153	1	179
154	1	180
155	1	181
156	1	182
157	1	183
158	1	184
159	1	185
160	1	186
161	1	187
162	1	188
163	1	189
164	1	190
165	1	191
166	1	192
167	1	193
168	1	194
169	1	195
170	1	196
171	1	197
172	1	200
\.


--
-- Data for Name: auth_permission; Type: TABLE DATA; Schema: public; Owner: postgres
--

COPY public.auth_permission (id, name, content_type_id, codename) FROM stdin;
1	Can add Theme	1	add_theme
2	Can change Theme	1	change_theme
3	Can delete Theme	1	delete_theme
4	Can view Theme	1	view_theme
5	Can add log entry	2	add_logentry
6	Can change log entry	2	change_logentry
7	Can delete log entry	2	delete_logentry
8	Can view log entry	2	view_logentry
9	Can add permission	3	add_permission
10	Can change permission	3	change_permission
11	Can delete permission	3	delete_permission
12	Can view permission	3	view_permission
13	Can add group	4	add_group
14	Can change group	4	change_group
15	Can delete group	4	delete_group
16	Can view group	4	view_group
17	Can add content type	5	add_contenttype
18	Can change content type	5	change_contenttype
19	Can delete content type	5	delete_contenttype
20	Can view content type	5	view_contenttype
21	Can add session	6	add_session
22	Can change session	6	change_session
23	Can delete session	6	delete_session
24	Can view session	6	view_session
25	Can add ambiente sistemas	7	add_ambientesistemas
26	Can change ambiente sistemas	7	change_ambientesistemas
27	Can delete ambiente sistemas	7	delete_ambientesistemas
28	Can view ambiente sistemas	7	view_ambientesistemas
29	Can add cliente	8	add_cliente
30	Can change cliente	8	change_cliente
31	Can delete cliente	8	delete_cliente
32	Can view cliente	8	view_cliente
33	Can add sistemas cliente	9	add_sistemascliente
34	Can change sistemas cliente	9	change_sistemascliente
35	Can delete sistemas cliente	9	delete_sistemascliente
36	Can view sistemas cliente	9	view_sistemascliente
37	Can add usuario cliente	10	add_usuariocliente
38	Can change usuario cliente	10	change_usuariocliente
39	Can delete usuario cliente	10	delete_usuariocliente
40	Can view usuario cliente	10	view_usuariocliente
41	Can add cargo	11	add_cargo
42	Can change cargo	11	change_cargo
43	Can delete cargo	11	delete_cargo
44	Can view cargo	11	view_cargo
45	Can add domicilio	12	add_domicilio
46	Can change domicilio	12	change_domicilio
47	Can delete domicilio	12	delete_domicilio
48	Can view domicilio	12	view_domicilio
49	Can add tecnico	13	add_tecnico
50	Can change tecnico	13	change_tecnico
51	Can delete tecnico	13	delete_tecnico
52	Can view tecnico	13	view_tecnico
53	Can add actividades rfc	14	add_actividadesrfc
54	Can change actividades rfc	14	change_actividadesrfc
55	Can delete actividades rfc	14	delete_actividadesrfc
56	Can view actividades rfc	14	view_actividadesrfc
57	Can add estado actividad	15	add_estadoactividad
58	Can change estado actividad	15	change_estadoactividad
59	Can delete estado actividad	15	delete_estadoactividad
60	Can view estado actividad	15	view_estadoactividad
61	Can add estado rfc	16	add_estadorfc
62	Can change estado rfc	16	change_estadorfc
63	Can delete estado rfc	16	delete_estadorfc
64	Can view estado rfc	16	view_estadorfc
65	Can add request for	17	add_requestfor
66	Can change request for	17	change_requestfor
67	Can delete request for	17	delete_requestfor
68	Can view request for	17	view_requestfor
69	Can add retorno	18	add_retorno
70	Can change retorno	18	change_retorno
71	Can delete retorno	18	delete_retorno
72	Can view retorno	18	view_retorno
73	Can add rfc	19	add_rfc
74	Can change rfc	19	change_rfc
75	Can delete rfc	19	delete_rfc
76	Can view rfc	19	view_rfc
77	Can add severity	20	add_severity
78	Can change severity	20	change_severity
79	Can delete severity	20	delete_severity
80	Can view severity	20	view_severity
81	Can add tareas retorno	21	add_tareasretorno
82	Can change tareas retorno	21	change_tareasretorno
83	Can delete tareas retorno	21	delete_tareasretorno
84	Can view tareas retorno	21	view_tareasretorno
85	Can add historico cambio	22	add_historicocambio
86	Can change historico cambio	22	change_historicocambio
87	Can delete historico cambio	22	delete_historicocambio
88	Can view historico cambio	22	view_historicocambio
89	Can add user	23	add_usuario
90	Can change user	23	change_usuario
91	Can delete user	23	delete_usuario
92	Can view user	23	view_usuario
100	Can add tipo tecnico	34	add_tipotecnico
101	Can change tipo tecnico	34	change_tipotecnico
102	Can delete tipo tecnico	34	delete_tipotecnico
103	Can view tipo tecnico	34	view_tipotecnico
104	Can add datos tareas estandar	35	add_datostareasestandar
105	Can change datos tareas estandar	35	change_datostareasestandar
106	Can delete datos tareas estandar	35	delete_datostareasestandar
107	Can view datos tareas estandar	35	view_datostareasestandar
108	Can add datos severity e standar	36	add_datosseverityestandar
109	Can change datos severity e standar	36	change_datosseverityestandar
110	Can delete datos severity e standar	36	delete_datosseverityestandar
111	Can view datos severity e standar	36	view_datosseverityestandar
112	Can add datos rfc estandar	37	add_datosrfcestandar
113	Can change datos rfc estandar	37	change_datosrfcestandar
114	Can delete datos rfc estandar	37	delete_datosrfcestandar
115	Can view datos rfc estandar	37	view_datosrfcestandar
116	Can add datos actividades estandar	38	add_datosactividadesestandar
117	Can change datos actividades estandar	38	change_datosactividadesestandar
118	Can delete datos actividades estandar	38	delete_datosactividadesestandar
119	Can view datos actividades estandar	38	view_datosactividadesestandar
120	Can add site	39	add_site
121	Can change site	39	change_site
122	Can delete site	39	delete_site
123	Can view site	39	view_site
124	Can add email address	40	add_emailaddress
125	Can change email address	40	change_emailaddress
126	Can delete email address	40	delete_emailaddress
127	Can view email address	40	view_emailaddress
128	Can add email confirmation	41	add_emailconfirmation
129	Can change email confirmation	41	change_emailconfirmation
130	Can delete email confirmation	41	delete_emailconfirmation
131	Can view email confirmation	41	view_emailconfirmation
132	Can add social account	42	add_socialaccount
133	Can change social account	42	change_socialaccount
134	Can delete social account	42	delete_socialaccount
135	Can view social account	42	view_socialaccount
136	Can add social application	43	add_socialapp
137	Can change social application	43	change_socialapp
138	Can delete social application	43	delete_socialapp
139	Can view social application	43	view_socialapp
140	Can add social application token	44	add_socialtoken
141	Can change social application token	44	change_socialtoken
142	Can delete social application token	44	delete_socialtoken
143	Can view social application token	44	view_socialtoken
166	Can add paises cliente	67	add_paisescliente
167	Can change paises cliente	67	change_paisescliente
168	Can delete paises cliente	67	delete_paisescliente
169	Can view paises cliente	67	view_paisescliente
170	Can add estado orden	68	add_estadoorden
171	Can change estado orden	68	change_estadoorden
172	Can delete estado orden	68	delete_estadoorden
173	Can view estado orden	68	view_estadoorden
174	Can add tipo dependencias	69	add_tipodependencias
175	Can change tipo dependencias	69	change_tipodependencias
176	Can delete tipo dependencias	69	delete_tipodependencias
177	Can view tipo dependencias	69	view_tipodependencias
178	Can add tipo error	70	add_tipoerror
179	Can change tipo error	70	change_tipoerror
180	Can delete tipo error	70	delete_tipoerror
181	Can view tipo error	70	view_tipoerror
182	Can add tipo warning	71	add_tipowarning
183	Can change tipo warning	71	change_tipowarning
184	Can delete tipo warning	71	delete_tipowarning
185	Can view tipo warning	71	view_tipowarning
186	Can add orden de trabajo	72	add_ordendetrabajo
187	Can change orden de trabajo	72	change_ordendetrabajo
188	Can delete orden de trabajo	72	delete_ordendetrabajo
189	Can view orden de trabajo	72	view_ordendetrabajo
190	Can add detalle orden de trabajo	73	add_detalleordendetrabajo
191	Can change detalle orden de trabajo	73	change_detalleordendetrabajo
192	Can delete detalle orden de trabajo	73	delete_detalleordendetrabajo
193	Can view detalle orden de trabajo	73	view_detalleordendetrabajo
194	Can add regiones	74	add_regiones
195	Can change regiones	74	change_regiones
196	Can delete regiones	74	delete_regiones
197	Can view regiones	74	view_regiones
198	Can add auditoria	75	add_auditoria
199	Can change auditoria	75	change_auditoria
200	Can delete auditoria	75	delete_auditoria
201	Can view auditoria	75	view_auditoria
202	Can add tipo auditoria	76	add_tipoauditoria
203	Can change tipo auditoria	76	change_tipoauditoria
204	Can delete tipo auditoria	76	delete_tipoauditoria
205	Can view tipo auditoria	76	view_tipoauditoria
206	Can add configuracion cliente	77	add_configuracioncliente
207	Can change configuracion cliente	77	change_configuracioncliente
208	Can delete configuracion cliente	77	delete_configuracioncliente
209	Can view configuracion cliente	77	view_configuracioncliente
210	Can add task result	78	add_taskresult
211	Can change task result	78	change_taskresult
212	Can delete task result	78	delete_taskresult
213	Can view task result	78	view_taskresult
214	Can add chord counter	79	add_chordcounter
215	Can change chord counter	79	change_chordcounter
216	Can delete chord counter	79	delete_chordcounter
217	Can view chord counter	79	view_chordcounter
218	Can add group result	80	add_groupresult
219	Can change group result	80	change_groupresult
220	Can delete group result	80	delete_groupresult
221	Can view group result	80	view_groupresult
222	Can add crontab	81	add_crontabschedule
223	Can change crontab	81	change_crontabschedule
224	Can delete crontab	81	delete_crontabschedule
225	Can view crontab	81	view_crontabschedule
226	Can add interval	82	add_intervalschedule
227	Can change interval	82	change_intervalschedule
228	Can delete interval	82	delete_intervalschedule
229	Can view interval	82	view_intervalschedule
230	Can add periodic task	83	add_periodictask
231	Can change periodic task	83	change_periodictask
232	Can delete periodic task	83	delete_periodictask
233	Can view periodic task	83	view_periodictask
234	Can add periodic tasks	84	add_periodictasks
235	Can change periodic tasks	84	change_periodictasks
236	Can delete periodic tasks	84	delete_periodictasks
237	Can view periodic tasks	84	view_periodictasks
238	Can add solar event	85	add_solarschedule
239	Can change solar event	85	change_solarschedule
240	Can delete solar event	85	delete_solarschedule
241	Can view solar event	85	view_solarschedule
242	Can add clocked	86	add_clockedschedule
243	Can change clocked	86	change_clockedschedule
244	Can delete clocked	86	delete_clockedschedule
245	Can view clocked	86	view_clockedschedule
\.


--
-- Data for Name: celery_taskmeta; Type: TABLE DATA; Schema: public; Owner: ubuntu
--

COPY public.celery_taskmeta (id, task_id, status, result, date_done, traceback, name, args, kwargs, worker, retries, queue) FROM stdin;
1	ac25a09b-0572-462c-b0a0-a759e478f84c	SUCCESS	\\x80054b032e	2022-02-04 18:18:56.96057	\N	\N	\N	\N	\N	\N	\N
2	bd869cfd-e0c6-488d-b490-8987b047a5de	SUCCESS	\\x80054b032e	2022-02-04 18:19:02.919311	\N	\N	\N	\N	\N	\N	\N
3	dd976463-a500-4e4c-9882-cf7903d95b7a	FAILURE	\\x80059562000000000000007d94288c086578635f74797065948c094e616d654572726f72948c0b6578635f6d657373616765948c1b6e616d652027707269746e27206973206e6f7420646566696e65649485948c0a6578635f6d6f64756c65948c086275696c74696e7394752e	2022-02-04 18:22:51.694066	Traceback (most recent call last):\n  File "/home/DEV-ENV/DEV-ENV/lib/python3.8/site-packages/celery/app/trace.py", line 451, in trace_task\n    R = retval = fun(*args, **kwargs)\n  File "/home/DEV-ENV/DEV-ENV/lib/python3.8/site-packages/celery/app/trace.py", line 734, in __protected_call__\n    return self.run(*args, **kwargs)\n  File "/home/DEV-ENV/RFC-DEV/RFC-AWS/info_general/tasks.py", line 11, in mul\n    pritn(z*y)\nNameError: name 'pritn' is not defined\n	\N	\N	\N	\N	\N	\N
4	7608fbb5-b765-469c-bf40-ee934b4c04c5	FAILURE	\\x80059562000000000000007d94288c086578635f74797065948c094e616d654572726f72948c0b6578635f6d657373616765948c1b6e616d652027707269746e27206973206e6f7420646566696e65649485948c0a6578635f6d6f64756c65948c086275696c74696e7394752e	2022-02-04 18:23:16.153555	Traceback (most recent call last):\n  File "/home/DEV-ENV/DEV-ENV/lib/python3.8/site-packages/celery/app/trace.py", line 451, in trace_task\n    R = retval = fun(*args, **kwargs)\n  File "/home/DEV-ENV/DEV-ENV/lib/python3.8/site-packages/celery/app/trace.py", line 734, in __protected_call__\n    return self.run(*args, **kwargs)\n  File "/home/DEV-ENV/RFC-DEV/RFC-AWS/info_general/tasks.py", line 11, in mul\n    print(z*y)\nNameError: name 'pritn' is not defined\n	\N	\N	\N	\N	\N	\N
5	ac78edd9-491c-4017-afe0-f78d65f33790	SUCCESS	\\x80054b042e	2022-02-04 18:23:38.167992	\N	\N	\N	\N	\N	\N	\N
30	b18901af-9c40-40c4-bf4c-6a1be6efba3d	SUCCESS	\\x80054b032e	2022-02-07 15:41:05.754407	\N	\N	\N	\N	\N	\N	\N
6	1d303f20-2781-4317-9fea-99142deaf844	SUCCESS	\\x80054b042e	2022-02-04 18:33:36.809545	\N	\N	\N	\N	\N	\N	\N
7	c4414edf-3d5f-4198-ab2c-318da4193507	SUCCESS	\\x80054b032e	2022-02-07 12:56:39.229692	\N	\N	\N	\N	\N	\N	\N
8	9e80e8df-35b6-4a5f-95bc-cad33623df8b	SUCCESS	\\x80054b322e	2022-02-07 15:41:03.48369	\N	\N	\N	\N	\N	\N	\N
9	103190f3-7536-4439-b886-a5bbf907d974	SUCCESS	\\x80054b032e	2022-02-07 15:41:03.495868	\N	\N	\N	\N	\N	\N	\N
10	999d40b0-d880-44c1-b64a-e14b318480a2	SUCCESS	\\x80054b062e	2022-02-07 15:41:03.505787	\N	\N	\N	\N	\N	\N	\N
11	94148506-a1ca-40cb-8c6a-c3d778e215f1	SUCCESS	\\x80054b062e	2022-02-07 15:41:03.524338	\N	\N	\N	\N	\N	\N	\N
12	097aa485-fc55-4e21-886a-104d337309c7	SUCCESS	\\x80054b032e	2022-02-07 15:41:03.532073	\N	\N	\N	\N	\N	\N	\N
13	14aee85c-8e7e-4ecc-b9df-f3e03d2c14eb	SUCCESS	\\x80054b032e	2022-02-07 15:41:03.549244	\N	\N	\N	\N	\N	\N	\N
14	51ca7fa4-94b5-422f-a5e2-1b7d6e0efbb9	SUCCESS	\\x80054b032e	2022-02-07 15:41:03.562957	\N	\N	\N	\N	\N	\N	\N
15	8a9bb9c6-4290-4ed4-8689-f1d2c76e2df3	SUCCESS	\\x80054b062e	2022-02-07 15:41:03.57464	\N	\N	\N	\N	\N	\N	\N
16	d6a0eb05-5f9a-4a4b-b70c-09ff961feb4a	SUCCESS	\\x80054b032e	2022-02-07 15:41:03.592729	\N	\N	\N	\N	\N	\N	\N
17	3ff0e4b1-bc6e-4127-b895-70f4f4853b00	SUCCESS	\\x80054b062e	2022-02-07 15:41:03.610706	\N	\N	\N	\N	\N	\N	\N
18	8905149b-2b99-432d-a080-7641d2118915	SUCCESS	\\x80054b032e	2022-02-07 15:41:03.622412	\N	\N	\N	\N	\N	\N	\N
19	517d1c7f-6c00-47a4-a705-e4fd3037deae	SUCCESS	\\x80054b062e	2022-02-07 15:41:03.638385	\N	\N	\N	\N	\N	\N	\N
20	6fcfa42d-9c3e-46a2-a90e-58272be996eb	SUCCESS	\\x80054b032e	2022-02-07 15:41:03.649518	\N	\N	\N	\N	\N	\N	\N
21	9e3d931c-d590-4bee-aa35-38836608ca2d	SUCCESS	\\x80054b032e	2022-02-07 15:41:03.66092	\N	\N	\N	\N	\N	\N	\N
22	9e18ed9c-48b4-4c18-bbec-c94ecf201779	SUCCESS	\\x80054b062e	2022-02-07 15:41:03.673382	\N	\N	\N	\N	\N	\N	\N
23	7367ac7a-e077-428a-a110-e7d534bb106d	SUCCESS	\\x80054b032e	2022-02-07 15:41:03.685306	\N	\N	\N	\N	\N	\N	\N
24	16134148-7b6f-40aa-a876-1e2a7bd8acef	SUCCESS	\\x80054b032e	2022-02-07 15:41:03.696074	\N	\N	\N	\N	\N	\N	\N
25	dfcf7bf2-a0c2-4382-9cdc-4c6f86471e42	SUCCESS	\\x800595d0000000000000005d94287d94288c07636c69656e7465948c03434a47948c0564756d7073944b008c0773697374656d61948c084445564d5353514c94757d942868028c07414d53435245579468044b0068058c0344455694757d942868028c035153499468044b0068058c0344455694757d942868028c0d4d415448494553454e205341509468044b0068058c0344533494757d942868028c094d4544494641524d419468044b0168058c0344455694757d942868028c0b434a472053414e44424f589468044b0168058c074445564d53514c9475652e	2022-02-07 15:41:05.684914	\N	\N	\N	\N	\N	\N	\N
26	d2773fe8-ef88-482c-bb9d-3237330d0d05	SUCCESS	\\x80054b032e	2022-02-07 15:41:05.696638	\N	\N	\N	\N	\N	\N	\N
27	e56c6742-f218-4895-8d76-00472e61d8c1	SUCCESS	\\x80054b032e	2022-02-07 15:41:05.708859	\N	\N	\N	\N	\N	\N	\N
28	86f2fad9-c037-4f52-8f08-dd553eaed449	SUCCESS	\\x80054b062e	2022-02-07 15:41:05.721759	\N	\N	\N	\N	\N	\N	\N
29	50b59962-0b72-4041-a446-18037678ed5a	SUCCESS	\\x80054b032e	2022-02-07 15:41:05.733811	\N	\N	\N	\N	\N	\N	\N
31	b78bf74c-4f24-474b-bd4c-fc138b7aeaa3	SUCCESS	\\x800595d0000000000000005d94287d94288c07636c69656e7465948c03434a47948c0564756d7073944b008c0773697374656d61948c084445564d5353514c94757d942868028c07414d53435245579468044b0068058c0344455694757d942868028c035153499468044b0068058c0344455694757d942868028c0d4d415448494553454e205341509468044b0068058c0344533494757d942868028c094d4544494641524d419468044b0168058c0344455694757d942868028c0b434a472053414e44424f589468044b0168058c074445564d53514c9475652e	2022-02-07 15:41:07.352785	\N	\N	\N	\N	\N	\N	\N
32	169e5019-2658-4e20-b170-135b7e438b68	SUCCESS	\\x800595d0000000000000005d94287d94288c07636c69656e7465948c03434a47948c0564756d7073944b008c0773697374656d61948c084445564d5353514c94757d942868028c07414d53435245579468044b0068058c0344455694757d942868028c035153499468044b0068058c0344455694757d942868028c0d4d415448494553454e205341509468044b0068058c0344533494757d942868028c094d4544494641524d419468044b0168058c0344455694757d942868028c0b434a472053414e44424f589468044b0168058c074445564d53514c9475652e	2022-02-07 15:41:08.727727	\N	\N	\N	\N	\N	\N	\N
33	b0c72560-9db9-4a83-a368-44f92d613a7b	SUCCESS	\\x80054b032e	2022-02-07 15:41:08.738053	\N	\N	\N	\N	\N	\N	\N
34	0024bfdc-f603-404c-8005-49392028616d	SUCCESS	\\x80054b032e	2022-02-07 15:41:08.747228	\N	\N	\N	\N	\N	\N	\N
35	c0ab64c2-f4cf-4eee-a6de-5d191b7622f8	SUCCESS	\\x80054b032e	2022-02-07 15:41:08.75516	\N	\N	\N	\N	\N	\N	\N
36	432f3ff9-6a98-4b62-8255-fe7295291165	SUCCESS	\\x80054b032e	2022-02-07 15:41:08.765976	\N	\N	\N	\N	\N	\N	\N
37	10a2cdca-45c4-4f47-94a4-5fa043536852	SUCCESS	\\x80054b062e	2022-02-07 15:41:08.776188	\N	\N	\N	\N	\N	\N	\N
38	ab2fdc58-185c-4d3e-ae9d-bf463f199621	SUCCESS	\\x80054b032e	2022-02-07 15:41:08.785363	\N	\N	\N	\N	\N	\N	\N
39	2ef4118f-6275-43b5-86b1-80d36df0a442	SUCCESS	\\x80054b062e	2022-02-07 15:41:08.802135	\N	\N	\N	\N	\N	\N	\N
40	5c95018b-4c6b-4a89-8788-e5bb07400ee1	SUCCESS	\\x80054b062e	2022-02-07 15:41:08.813731	\N	\N	\N	\N	\N	\N	\N
41	96576661-77f2-45be-8140-0f03d03f73cb	SUCCESS	\\x80054b032e	2022-02-07 15:41:08.823705	\N	\N	\N	\N	\N	\N	\N
42	84d581f6-ed6c-4093-aded-d8a8b76f03b7	SUCCESS	\\x80054b062e	2022-02-07 15:41:08.84129	\N	\N	\N	\N	\N	\N	\N
43	1f21c3bb-e384-4b10-b63d-89c64126b2f9	SUCCESS	\\x80054b062e	2022-02-07 15:41:08.857184	\N	\N	\N	\N	\N	\N	\N
44	f529ba28-45cf-4915-afc2-aa13bfa9495f	SUCCESS	\\x80054b032e	2022-02-07 15:41:08.869064	\N	\N	\N	\N	\N	\N	\N
45	055dcc45-0629-4cb3-8ad2-edaa9c17ab9f	SUCCESS	\\x80054b062e	2022-02-07 15:41:08.887015	\N	\N	\N	\N	\N	\N	\N
46	7965ceaa-4c18-48dc-8d1d-c49a75727f7d	SUCCESS	\\x80054b032e	2022-02-07 15:41:08.904078	\N	\N	\N	\N	\N	\N	\N
47	1653d666-55f5-443c-81fb-49fdae5e455a	SUCCESS	\\x80054b032e	2022-02-07 15:41:08.916364	\N	\N	\N	\N	\N	\N	\N
48	76a611b0-b70f-4069-b9cf-f3d7eb9ef05e	SUCCESS	\\x80054b062e	2022-02-07 15:41:08.927473	\N	\N	\N	\N	\N	\N	\N
49	a973dce0-c3ae-41e1-8de0-68be079881b3	SUCCESS	\\x80054b062e	2022-02-07 15:41:08.938853	\N	\N	\N	\N	\N	\N	\N
50	8b6f6516-03f1-45a1-9386-fd5a5a304a8f	SUCCESS	\\x80059504000000000000004d0d022e	2022-02-07 15:41:08.950016	\N	\N	\N	\N	\N	\N	\N
51	b1f75090-168e-45d6-8fbd-5e35b9bc247a	SUCCESS	\\x80054b062e	2022-02-07 15:41:08.961666	\N	\N	\N	\N	\N	\N	\N
52	760f675e-aa7b-447f-82fd-1b5645b8d82d	SUCCESS	\\x80054b062e	2022-02-07 15:41:08.971977	\N	\N	\N	\N	\N	\N	\N
53	ed235f84-ab01-4741-9cb4-a44698244a54	SUCCESS	\\x80054b032e	2022-02-07 15:41:08.987343	\N	\N	\N	\N	\N	\N	\N
54	02de10d7-53df-4a94-aa20-99bada6dc462	SUCCESS	\\x80054b062e	2022-02-07 15:41:08.997793	\N	\N	\N	\N	\N	\N	\N
55	26f0cfdf-fe3f-408d-9077-71b88eea3a0c	SUCCESS	\\x80054b032e	2022-02-07 15:41:09.018713	\N	\N	\N	\N	\N	\N	\N
56	042ece71-ff6d-49bd-a807-e4be76d6e73d	SUCCESS	\\x80054b032e	2022-02-07 15:41:09.029676	\N	\N	\N	\N	\N	\N	\N
57	956a41b8-2d90-4e9c-b4d7-d25a90c6da12	SUCCESS	\\x80054b062e	2022-02-07 15:41:09.066769	\N	\N	\N	\N	\N	\N	\N
58	2cc1b174-7895-4cc6-9bd7-8d1616ae351f	SUCCESS	\\x800595d0000000000000005d94287d94288c07636c69656e7465948c03434a47948c0564756d7073944b008c0773697374656d61948c084445564d5353514c94757d942868028c07414d53435245579468044b0068058c0344455694757d942868028c035153499468044b0068058c0344455694757d942868028c0d4d415448494553454e205341509468044b0068058c0344533494757d942868028c094d4544494641524d419468044b0168058c0344455694757d942868028c0b434a472053414e44424f589468044b0168058c074445564d53514c9475652e	2022-02-07 15:45:18.152894	\N	\N	\N	\N	\N	\N	\N
59	8966847f-cee4-4919-850b-bae3c3914881	SUCCESS	\\x800595d0000000000000005d94287d94288c07636c69656e7465948c03434a47948c0564756d7073944b008c0773697374656d61948c084445564d5353514c94757d942868028c07414d53435245579468044b0068058c0344455694757d942868028c035153499468044b0068058c0344455694757d942868028c0d4d415448494553454e205341509468044b0068058c0344533494757d942868028c094d4544494641524d419468044b0168058c0344455694757d942868028c0b434a472053414e44424f589468044b0168058c074445564d53514c9475652e	2022-02-07 15:45:20.445574	\N	\N	\N	\N	\N	\N	\N
60	8b210163-b89e-4120-8ec3-df4ec3983dff	SUCCESS	\\x800595d0000000000000005d94287d94288c07636c69656e7465948c03434a47948c0564756d7073944b008c0773697374656d61948c084445564d5353514c94757d942868028c07414d53435245579468044b0068058c0344455694757d942868028c035153499468044b0068058c0344455694757d942868028c0d4d415448494553454e205341509468044b0068058c0344533494757d942868028c094d4544494641524d419468044b0168058c0344455694757d942868028c0b434a472053414e44424f589468044b0168058c074445564d53514c9475652e	2022-02-07 15:45:22.48319	\N	\N	\N	\N	\N	\N	\N
61	33e67ea9-52c7-4a79-bf28-9bd29f5300fa	SUCCESS	\\x800595d0000000000000005d94287d94288c07636c69656e7465948c03434a47948c0564756d7073944b008c0773697374656d61948c084445564d5353514c94757d942868028c07414d53435245579468044b0068058c0344455694757d942868028c035153499468044b0068058c0344455694757d942868028c0d4d415448494553454e205341509468044b0068058c0344533494757d942868028c094d4544494641524d419468044b0168058c0344455694757d942868028c0b434a472053414e44424f589468044b0168058c074445564d53514c9475652e	2022-02-07 15:45:24.702636	\N	\N	\N	\N	\N	\N	\N
62	a93d6915-2e8e-4917-89b6-b67c0525b2f2	SUCCESS	\\x800595d0000000000000005d94287d94288c07636c69656e7465948c03434a47948c0564756d7073944b008c0773697374656d61948c084445564d5353514c94757d942868028c07414d53435245579468044b0068058c0344455694757d942868028c035153499468044b0068058c0344455694757d942868028c0d4d415448494553454e205341509468044b0068058c0344533494757d942868028c094d4544494641524d419468044b0168058c0344455694757d942868028c0b434a472053414e44424f589468044b0168058c074445564d53514c9475652e	2022-02-07 15:48:28.561546	\N	\N	\N	\N	\N	\N	\N
63	cafa7246-e22f-4c96-b12f-e5cd6636df5a	SUCCESS	\\x800595d0000000000000005d94287d94288c07636c69656e7465948c03434a47948c0564756d7073944b008c0773697374656d61948c084445564d5353514c94757d942868028c07414d53435245579468044b0068058c0344455694757d942868028c035153499468044b0068058c0344455694757d942868028c0d4d415448494553454e205341509468044b0068058c0344533494757d942868028c094d4544494641524d419468044b0168058c0344455694757d942868028c0b434a472053414e44424f589468044b0168058c074445564d53514c9475652e	2022-02-07 15:48:30.993556	\N	\N	\N	\N	\N	\N	\N
64	ef3e22a7-6519-4f4a-9cac-b467f96d4d4e	SUCCESS	\\x800595d0000000000000005d94287d94288c07636c69656e7465948c03434a47948c0564756d7073944b008c0773697374656d61948c084445564d5353514c94757d942868028c07414d53435245579468044b0068058c0344455694757d942868028c035153499468044b0068058c0344455694757d942868028c0d4d415448494553454e205341509468044b0068058c0344533494757d942868028c094d4544494641524d419468044b0168058c0344455694757d942868028c0b434a472053414e44424f589468044b0168058c074445564d53514c9475652e	2022-02-07 15:48:32.868846	\N	\N	\N	\N	\N	\N	\N
65	69678f18-721b-4502-83c8-0bb264e0c540	SUCCESS	\\x800595d0000000000000005d94287d94288c07636c69656e7465948c03434a47948c0564756d7073944b008c0773697374656d61948c084445564d5353514c94757d942868028c07414d53435245579468044b0068058c0344455694757d942868028c035153499468044b0068058c0344455694757d942868028c0d4d415448494553454e205341509468044b0068058c0344533494757d942868028c094d4544494641524d419468044b0168058c0344455694757d942868028c0b434a472053414e44424f589468044b0168058c074445564d53514c9475652e	2022-02-07 15:49:23.372848	\N	\N	\N	\N	\N	\N	\N
66	138fdc33-821d-472a-9a56-4f93ddf61689	SUCCESS	\\x800595d0000000000000005d94287d94288c07636c69656e7465948c03434a47948c0564756d7073944b008c0773697374656d61948c084445564d5353514c94757d942868028c07414d53435245579468044b0068058c0344455694757d942868028c035153499468044b0068058c0344455694757d942868028c0d4d415448494553454e205341509468044b0068058c0344533494757d942868028c094d4544494641524d419468044b0168058c0344455694757d942868028c0b434a472053414e44424f589468044b0168058c074445564d53514c9475652e	2022-02-07 15:50:59.274962	\N	\N	\N	\N	\N	\N	\N
67	0a2e632b-a77a-49db-aefb-2734affefbe8	SUCCESS	\\x800595d0000000000000005d94287d94288c07636c69656e7465948c03434a47948c0564756d7073944b008c0773697374656d61948c084445564d5353514c94757d942868028c07414d53435245579468044b0068058c0344455694757d942868028c035153499468044b0068058c0344455694757d942868028c0d4d415448494553454e205341509468044b0068058c0344533494757d942868028c094d4544494641524d419468044b0168058c0344455694757d942868028c0b434a472053414e44424f589468044b0168058c074445564d53514c9475652e	2022-02-07 15:51:01.821961	\N	\N	\N	\N	\N	\N	\N
68	6d084681-1616-4269-a1ac-89cdd3c9b6c9	SUCCESS	\\x800595d0000000000000005d94287d94288c07636c69656e7465948c03434a47948c0564756d7073944b008c0773697374656d61948c084445564d5353514c94757d942868028c07414d53435245579468044b0068058c0344455694757d942868028c035153499468044b0068058c0344455694757d942868028c0d4d415448494553454e205341509468044b0068058c0344533494757d942868028c094d4544494641524d419468044b0168058c0344455694757d942868028c0b434a472053414e44424f589468044b0168058c074445564d53514c9475652e	2022-02-07 17:22:34.160939	\N	\N	\N	\N	\N	\N	\N
69	f8a8aee7-2a62-435c-9278-c4bc54e383b1	SUCCESS	\\x800595d0000000000000005d94287d94288c07636c69656e7465948c03434a47948c0564756d7073944b008c0773697374656d61948c084445564d5353514c94757d942868028c07414d53435245579468044b0068058c0344455694757d942868028c035153499468044b0068058c0344455694757d942868028c0d4d415448494553454e205341509468044b0068058c0344533494757d942868028c094d4544494641524d419468044b0168058c0344455694757d942868028c0b434a472053414e44424f589468044b0168058c074445564d53514c9475652e	2022-02-07 17:30:44.676266	\N	\N	\N	\N	\N	\N	\N
70	0a4d93cb-5dab-4425-9631-a15e74f485a8	SUCCESS	\\x800595d0000000000000005d94287d94288c07636c69656e7465948c03434a47948c0564756d7073944b008c0773697374656d61948c084445564d5353514c94757d942868028c07414d53435245579468044b0068058c0344455694757d942868028c035153499468044b0068058c0344455694757d942868028c0d4d415448494553454e205341509468044b0068058c0344533494757d942868028c094d4544494641524d419468044b0168058c0344455694757d942868028c0b434a472053414e44424f589468044b0168058c074445564d53514c9475652e	2022-02-07 17:37:15.878852	\N	\N	\N	\N	\N	\N	\N
\.


--
-- Data for Name: celery_tasksetmeta; Type: TABLE DATA; Schema: public; Owner: ubuntu
--

COPY public.celery_tasksetmeta (id, taskset_id, result, date_done) FROM stdin;
\.


--
-- Data for Name: clientes_ambientesistemas; Type: TABLE DATA; Schema: public; Owner: postgres
--

COPY public.clientes_ambientesistemas (id, ambiente, tipo_ambiente) FROM stdin;
1	DEV	2
2	PRD	1
34	QAS	3
35	SANDBOX	2
\.


--
-- Data for Name: clientes_cliente; Type: TABLE DATA; Schema: public; Owner: ubuntu
--

COPY public.clientes_cliente (id, cliente_id, nombre, apellido, celular, email, cliente_pais_id, perfil_aws, logo, token_api_cli, perfil_sap, bucket_s3_sap) FROM stdin;
48	INC_016	INCHCAPE	\N	-	inchcape@inchcape.com	\N	\N	https://rfc-prod.s3.amazonaws.com/logos/inchcape.png	\N	\N	\N
38	CORONEL_1995	PUERTO CORONEL	\N	123456	puerto@puerto.com	1	puerto_coronel	https://rfc-prod.s3.amazonaws.com/logos/puerto-coronel.png	\N	\N	\N
47	DER_015	DERCO	\N	-	derco@derco.com	\N	\N	https://rfc-prod.s3.amazonaws.com/logos/derco.png	\N	\N	\N
46	VIT_014	VITAFOODS	\N	-	vitafoods@vitafoods.com	\N	vitafoods	https://rfc-prod.s3.amazonaws.com/logos/vitafoods.png	\N	\N	\N
44	CAR_012	CARSOL	\N	1	carsol@carsol.com	\N	carsol	https://rfc-prod.s3.amazonaws.com/logos/carsol.png	\N	\N	\N
35	ICB_1991_1	ICB	\N	123456	icb@icb.ca	\N	icb	https://rfc-prod.s3.amazonaws.com/logos/icb.png	\N	\N	\N
45	VIP_013	VIPAC	\N	1	vipac@vipac.com	\N	\N	https://rfc-prod.s3.amazonaws.com/logos/pacifico.png	\N	\N	\N
39	STC-005	SANTA CLARA	\N	123456	enzo.rossi@cjgconsultores.com	\N	\N	https://rfc-prod.s3.amazonaws.com/logos/santa_clara.png	\N	\N	\N
37	CHAMPION_1992	CHAMPION	\N	123456	champion@champion	\N	\N	https://rfc-prod.s3.amazonaws.com/logos/champion.png	\N	\N	\N
42	BLU_010	BLUMAR	\N	1	blumar@bluma.com	\N	blumar	https://rfc-prod.s3.amazonaws.com/logos/blumar.png	\N	\N	\N
40	IND_0008	INDURA	\N	123456	indura@indura.com	\N	\N	https://rfc-prod.s3.amazonaws.com/logos/indura.png	\N	\N	\N
43	IAN_011	IANSA	\N	1	iansa@iansa.com	\N	\N	https://rfc-prod.s3.amazonaws.com/logos/iansa.png	\N	\N	\N
67	CJG_001	CJG	\N	56235689	enzo.rossi@cjgconsultores.com	1	cjgconsulting	https://rfc-prod.s3.amazonaws.com/logos/cjg.png	\N	t	lambda-sap-logs-cjg
34	ART-2016	ARTEL	\N	123456	enzo.rossi@cjgconsultores.com	1	artel	https://rfc-prod.s3.amazonaws.com/logos/artel.png	AB9E-32EB-5899-F628-9B42-E579-388B-05AB-4770-6654-CF67-2866-F9CC-BDF6-076F-606C	t	lambda-sap-logs-artel
72	SATELNET	SATELNET	\N	-	-	1	satelnet	\N	\N	\N	\N
70	linetec_0001	LINETEC	\N	-	-	1	linetec	\N	\N	\N	\N
49	CVT_017	CV-TRADING	\N	-	cvtradign@cvtrading.com	\N	cv_trading	https://rfc-prod.s3.amazonaws.com/logos/cv_trading.png	9F81-E096-E576-F917-3719-AA30-EA74-21E7-4B64-24AC-A830-CD14-0B49-E6FE-BBEF-8111	\N	\N
36	EDELPA_1995	EDELPA	\N	123456789	edelpa@edelpa.com	\N	edelpa	https://rfc-prod.s3.amazonaws.com/logos/edelpa.png	A139-28E0-E9AD-10DE-AF31-9956-2769-D257-BFCB-7B16-F5A9-1B90-51E4-58D5-1FCB-63ED	\N	\N
1	Mat_1993_1001	MATHIESSEN TI	\N	351656565	mathiesen@mathiesen.com	\N	\N	https://rfc-prod.s3.amazonaws.com/logos/mathisen.png	\N	\N	\N
73	UBO	UBO	\N	-	-	1	ubo	\N	\N	\N	\N
69	CRUZ_00001	CRUZ DEL SUR	\N	-	-	1	cruz_del_sur	\N	\N	\N	\N
41	AMS_008	AMSCREW	\N	1235	amscrew@amscrew.com	\N	amscrew	https://rfc-prod.s3.amazonaws.com/logos/amscrew.png	903B-28B6-C4B5-7435-D473-6DE4-3796-73B5-10ED-BDE5-A4BF-C8E4-0A8A-5944-194B-B8D6	t	lambda-sap-logs-amscrew
75	QSI_02021	QSI	\N	-	-	1	qsi	https://rfc-prod.s3.amazonaws.com/logos/qsi.png	2EEC-023E-AADF-D52B-AF77-A478-90D8-BEAE-2BE6-2C9F-4C37-34A6-979A-F73B-39AD-2D2E	t	lambda-sap-logs-qsi
71	MAT_0002	MATHIESEN SAP	\N	-	-	1	mathiesen_sap	\N	2EEC-023E-AADF-D52B-AF77-A478-90D8-BEAE-2BE6-2C9F-4C37-34A6-979A-F73B-39AD-2D2E	t	lambda-sap-logs-mathiesen
74	medifarma_0001	MEDIFARMA	\N	-	-	1	MEDIFARMA	https://rfc-prod.s3.amazonaws.com/logos/medifarma.png	\N	t	lambda-sap-logs-medifarma
68	CJGSAND_0002	CJG SANDBOX	\N	-	enzo.rossi@cjgconsultores.com	1	cjgsandbox	\N	\N	t	lambda-sap-logs-cjgsandbox
\.


--
-- Data for Name: clientes_cliente_equipo_tecnico_clientes; Type: TABLE DATA; Schema: public; Owner: postgres
--

COPY public.clientes_cliente_equipo_tecnico_clientes (id, cliente_id, tecnico_id) FROM stdin;
2	1	3
35	34	34
36	34	35
37	34	36
38	34	37
40	35	40
41	35	41
42	35	42
43	35	39
44	36	43
45	36	44
47	37	45
48	37	46
49	38	34
50	38	47
51	38	48
52	39	49
53	39	34
57	35	4
60	35	38
61	35	34
69	40	34
70	40	4
71	40	38
72	40	50
73	40	51
74	40	52
75	40	53
76	40	54
77	40	55
78	40	56
79	40	57
80	41	4
81	41	38
82	41	52
83	41	53
84	41	54
85	41	55
86	41	56
87	41	57
88	41	58
89	41	59
90	41	60
91	41	61
92	1	64
93	1	65
95	1	52
96	1	53
97	1	54
98	1	55
99	1	56
100	1	57
101	1	62
102	1	63
103	1	34
104	1	4
105	1	37
106	42	34
107	42	66
108	42	4
109	42	38
110	42	52
111	42	53
112	42	54
113	42	55
114	42	56
115	42	57
116	42	67
117	42	68
118	42	69
119	39	4
120	39	38
121	39	52
122	39	53
123	39	54
124	39	55
125	39	56
126	39	57
127	34	4
128	34	38
129	34	52
130	34	53
131	34	54
132	34	55
133	34	56
134	34	57
135	35	52
136	35	53
137	35	54
138	35	55
139	35	56
140	35	57
141	36	34
142	36	4
143	36	38
144	36	52
145	36	53
146	36	54
147	36	55
148	36	56
149	36	57
150	37	34
151	37	4
152	37	38
153	37	52
154	37	53
155	37	54
156	37	55
157	37	56
158	37	57
159	38	4
160	38	38
161	38	52
162	38	53
163	38	54
164	38	55
165	38	56
166	38	57
167	43	34
168	43	4
169	43	38
170	43	52
171	43	53
172	43	54
173	43	55
174	43	56
175	43	57
176	43	70
177	44	34
178	44	4
179	44	38
180	44	71
181	44	52
182	44	53
183	44	54
184	44	55
185	44	56
186	44	57
187	45	34
188	45	4
189	45	38
190	45	52
191	45	53
192	45	54
193	45	55
194	45	56
195	45	57
196	45	72
197	46	34
198	46	4
199	46	38
200	46	52
201	46	53
202	46	54
203	46	55
204	46	56
205	46	57
206	46	73
207	46	74
208	47	34
209	47	4
210	47	38
211	47	52
212	47	53
213	47	54
214	47	55
215	47	56
216	47	57
217	47	75
218	48	34
219	48	4
220	48	38
221	48	52
222	48	53
223	48	54
224	48	55
225	48	56
226	48	57
227	48	76
228	48	77
229	49	34
230	49	4
231	49	38
232	49	52
233	49	53
234	49	54
235	49	55
236	49	56
237	49	57
238	49	78
239	49	79
240	34	2
265	41	2
266	67	2
267	68	34
268	68	2
269	68	4
270	68	38
271	68	80
272	68	52
273	68	53
274	68	54
275	68	55
276	68	56
277	68	57
278	69	34
279	69	2
280	69	4
281	69	38
282	69	80
283	69	52
284	69	53
285	69	54
286	69	55
287	69	56
288	69	57
289	70	34
290	70	2
291	70	4
292	70	38
293	70	80
294	70	52
295	70	53
296	70	54
297	70	55
298	70	56
299	70	57
300	71	34
301	71	2
302	71	4
303	71	38
304	71	80
305	71	52
306	71	53
307	71	54
308	71	55
309	71	56
310	71	57
311	72	34
312	72	2
313	72	4
314	72	38
315	72	80
316	72	52
317	72	53
318	72	54
319	72	55
320	72	56
321	72	57
322	73	34
323	73	2
324	73	4
325	73	38
326	73	80
327	73	52
328	73	53
329	73	54
330	73	55
331	73	56
332	73	57
333	74	34
334	74	2
335	74	4
336	74	38
337	74	80
338	74	52
339	74	53
340	74	54
341	74	55
342	74	56
343	74	57
344	75	34
345	75	2
346	75	4
347	75	38
348	75	80
349	75	52
350	75	53
351	75	54
352	75	55
353	75	56
354	75	57
\.


--
-- Data for Name: clientes_cliente_sistema_FK; Type: TABLE DATA; Schema: public; Owner: postgres
--

COPY public."clientes_cliente_sistema_FK" (id, cliente_id, sistemascliente_id) FROM stdin;
1	1	1
34	34	34
35	34	35
36	34	36
37	34	37
38	34	38
40	35	40
41	35	41
42	35	42
43	35	43
44	35	44
45	35	45
47	36	40
48	36	41
49	36	42
50	36	45
51	36	46
52	36	47
53	36	48
54	36	49
55	36	50
56	36	51
57	37	40
58	37	41
59	37	42
60	37	45
61	37	52
62	37	53
63	34	39
64	38	56
65	38	54
66	38	55
67	39	57
68	39	58
69	39	59
70	39	60
72	40	64
73	40	65
77	40	66
78	40	67
79	40	68
81	41	2
82	41	35
83	41	34
84	41	36
85	41	72
86	41	69
87	41	70
88	41	71
89	40	73
90	40	74
91	40	75
92	40	76
93	1	73
94	1	74
95	1	75
96	1	77
97	1	78
98	1	79
99	1	80
100	1	81
101	1	82
102	1	83
103	1	84
104	1	2
106	42	85
107	42	86
108	42	87
109	42	88
110	42	89
111	42	90
112	42	91
113	42	92
114	42	93
115	43	96
116	43	97
117	43	85
118	43	86
119	43	87
120	43	94
121	43	95
122	42	96
123	44	98
124	44	99
125	44	100
126	44	101
127	44	102
128	44	103
129	44	104
130	44	105
131	44	106
132	45	107
133	45	108
134	45	109
135	46	110
136	46	111
137	47	58
138	47	59
140	49	61
141	48	128
142	48	129
143	48	130
144	48	131
145	48	132
146	48	34
147	48	35
148	48	36
149	48	63
150	48	112
151	48	113
152	48	114
153	48	115
154	48	116
155	48	117
156	48	118
157	48	119
158	48	120
159	48	121
160	48	122
161	48	123
162	48	124
163	48	125
164	48	126
165	48	127
166	67	1
167	68	2
168	69	60
169	70	41
170	71	36
171	72	42
172	73	41
174	75	34
175	74	2
176	74	34
177	74	35
178	74	36
179	74	37
180	74	38
181	74	39
182	74	40
183	74	41
184	74	42
185	74	43
186	74	44
187	74	45
188	74	46
189	74	47
190	74	48
191	74	49
192	74	50
193	74	51
194	74	52
195	74	53
196	74	54
197	74	55
198	74	56
199	74	57
200	74	58
201	74	59
202	74	60
203	74	61
204	74	62
205	74	63
206	74	64
207	74	65
208	74	66
209	74	67
210	74	68
211	74	69
212	74	70
213	74	71
214	74	72
215	74	73
216	74	74
217	74	75
218	74	76
219	74	77
220	74	78
221	74	79
222	74	80
223	74	81
224	74	82
225	74	83
226	74	84
227	74	85
228	74	86
229	74	87
230	74	88
231	74	89
232	74	90
233	74	91
234	74	92
235	74	93
236	74	94
237	74	95
238	74	96
239	74	97
240	74	98
241	74	99
242	74	100
243	74	101
244	74	102
245	74	103
246	74	104
247	74	105
248	74	106
249	74	107
250	74	108
251	74	109
252	74	110
253	74	111
254	74	112
255	74	113
256	74	114
257	74	115
258	74	116
259	74	117
260	74	118
261	74	119
262	74	120
263	74	121
264	74	122
265	74	123
266	74	124
267	74	125
268	74	126
269	74	127
270	74	128
271	74	129
272	74	130
273	74	131
274	74	132
\.


--
-- Data for Name: clientes_configuracioncliente; Type: TABLE DATA; Schema: public; Owner: ubuntu
--

COPY public.clientes_configuracioncliente (id, umbral_billing, cliente_id, descripcion_configuracion, tipo_base_datos) FROM stdin;
2	10500	74	Configuracin para MEDIFARMA	1
5	1500	38	Configuracion PUERTO CORONEL	1
6	6000	47	Derco	1
7	5500	46	Vita	1
8	1300	44	carsol	1
9	3455	35	icb	1
10	4500	45	vipac	1
11	6700	39	santa clara	1
12	3400	37	champion	1
13	500	70	linetec	1
14	650	72	saltenet	1
16	200	36	EDELPA	1
17	450	73	ubo	1
20	1200	41	AMS	1
18	1250	1	Mathisen	2
19	1600	71	mathisen SAP	1
21	350	43	nueva iansa	1
24	1200	48	l	1
26	1250	67	CJG	2
27	1500	68	SANDBOX	2
15	5500	34	Congi para ARTEL	2
\.


--
-- Data for Name: clientes_paisescliente; Type: TABLE DATA; Schema: public; Owner: postgres
--

COPY public.clientes_paisescliente (id, nombre_pais) FROM stdin;
1	Chile
\.


--
-- Data for Name: clientes_sistemascliente; Type: TABLE DATA; Schema: public; Owner: ubuntu
--

COPY public.clientes_sistemascliente (id, "nombreSistema", "ambiente_FK_id", bd_sistema, hostname_db_sistema, hostname_sistema, infraestructura_sistema, ip_db_sistema, ip_privada_sistema, ip_publica_sistema, version_bd_sistema, version_sistema) FROM stdin;
1	SAP CRM	1	\N	\N	\N	\N	\N	\N	\N	\N	\N
2	Solman 7.2	2	\N	\N	\N	\N	\N	\N	\N	\N	\N
34	SAP ERP 6.0 EHP 8	1	\N	\N	\N	\N	\N	\N	\N	\N	\N
36	SAP ERP 6.0 EHP 8	2	\N	\N	\N	\N	\N	\N	\N	\N	\N
38	SAP BW NETWEAVER 7.5	2	\N	\N	\N	\N	\N	\N	\N	\N	\N
39	SAP SOLMAN 7.2	1	\N	\N	\N	\N	\N	\N	\N	\N	\N
40	EHP5 SAP ERP 6.0	1	\N	\N	\N	\N	\N	\N	\N	\N	\N
41	EHP5 SAP ERP 6.0	34	\N	\N	\N	\N	\N	\N	\N	\N	\N
42	EHP5 SAP ERP 6.0	2	\N	\N	\N	\N	\N	\N	\N	\N	\N
43	Solution Manager 7.1 SP13	2	\N	\N	\N	\N	\N	\N	\N	\N	\N
44	WebDispacher 7.49	2	\N	\N	\N	\N	\N	\N	\N	\N	\N
45	SAP ROUTER 7.21	2	\N	\N	\N	\N	\N	\N	\N	\N	\N
37	SAP BW NETWEAVER 7.5	1	\N	\N	\N	\N	\N	\N	\N	\N	\N
46	SQL MII QAS	34	\N	\N	\N	\N	\N	\N	\N	\N	\N
48	SQL MII PRD SAP	2	\N	\N	\N	\N	\N	\N	\N	\N	\N
49	SAP Solution Manager 7.2 SP9	2	\N	\N	\N	\N	\N	\N	\N	\N	\N
50	MII QAS Netweaver 7.31 SP11	34	\N	\N	\N	\N	\N	\N	\N	\N	\N
51	MII PRD Netweaver 7.31 SP11	2	\N	\N	\N	\N	\N	\N	\N	\N	\N
53	SAP PIP Netweaver 7.5 SP15	2	\N	\N	\N	\N	\N	\N	\N	\N	\N
52	SAP PID Netweaver 7.5 SP15	1	\N	\N	\N	\N	\N	\N	\N	\N	\N
47	SQL MII PRD SQL	2	\N	\N	\N	\N	\N	\N	\N	\N	\N
54	SAP BW/4HANA 2.0	1	\N	\N	\N	\N	\N	\N	\N	\N	\N
55	SAP BW/4HANA 2.0	2	\N	\N	\N	\N	\N	\N	\N	\N	\N
56	SAP CLOUD CONNECTOR 2.12.3	2	\N	\N	\N	\N	\N	\N	\N	\N	\N
57	SAP ERP 6.0 EHP 7	1	\N	\N	\N	\N	\N	\N	\N	\N	\N
58	SAP ERP 6.0 EHP 7	34	\N	\N	\N	\N	\N	\N	\N	\N	\N
59	SAP ERP 6.0 EHP 7	2	\N	\N	\N	\N	\N	\N	\N	\N	\N
60	WebDispatcher 7.81.0	1	\N	\N	\N	\N	\N	\N	\N	\N	\N
61	Pre-Requisitos	1	\N	\N	\N	\N	\N	\N	\N	\N	\N
62	Post-Requisitos	2	\N	\N	\N	\N	\N	\N	\N	\N	\N
35	SAP ERP 6.0 EHP 8	34	\N	\N	\N	\N	\N	\N	\N	\N	\N
63	SAP ERP 6.0 EHP 8	35	\N	\N	\N	\N	\N	\N	\N	\N	\N
64	SAP BW NetWeaver 2004s	1	\N	\N	\N	\N	\N	\N	\N	\N	\N
65	SAP BW NetWeaver 2004s	2	\N	\N	\N	\N	\N	\N	\N	\N	\N
66	SAP Portal NetWeaver 2004s	1	\N	\N	\N	\N	\N	\N	\N	\N	\N
67	SAP Portal NetWeaver 2004s	2	\N	\N	\N	\N	\N	\N	\N	\N	\N
68	SAP Solution Manager 7.2 SP5	2	\N	\N	\N	\N	\N	\N	\N	\N	\N
69	Saprouter - WDP	2	\N	\N	\N	\N	\N	\N	\N	\N	\N
70	SAP Java MII NW 7.5	1	\N	\N	\N	\N	\N	\N	\N	\N	\N
71	SAP Java MII NW 7.5	2	\N	\N	\N	\N	\N	\N	\N	\N	\N
72	SAP Java ADS PRD NW 7.5	2	\N	\N	\N	\N	\N	\N	\N	\N	\N
73	SAP ERP 6.0	1	\N	\N	\N	\N	\N	\N	\N	\N	\N
74	SAP ERP 6.0	34	\N	\N	\N	\N	\N	\N	\N	\N	\N
75	SAP ERP 6.0	2	\N	\N	\N	\N	\N	\N	\N	\N	\N
76	SAP ERP 6.0	35	\N	\N	\N	\N	\N	\N	\N	\N	\N
77	SAP SDI - WDP	2	\N	\N	\N	\N	\N	\N	\N	\N	\N
78	SAProuter	2	\N	\N	\N	\N	\N	\N	\N	\N	\N
79	SAP BO 4.2	2	\N	\N	\N	\N	\N	\N	\N	\N	\N
80	SAP BO 4.3	2	\N	\N	\N	\N	\N	\N	\N	\N	\N
81	SAP BW	2	\N	\N	\N	\N	\N	\N	\N	\N	\N
82	SAP BW	1	\N	\N	\N	\N	\N	\N	\N	\N	\N
83	SAP SDI	1	\N	\N	\N	\N	\N	\N	\N	\N	\N
84	Cludendure PRD	2	\N	\N	\N	\N	\N	\N	\N	\N	\N
85	SAP Cloud Platform Cockpit	2	\N	\N	\N	\N	\N	\N	\N	\N	\N
86	SAP Cloud Connector	34	\N	\N	\N	\N	\N	\N	\N	\N	\N
87	SAP Cloud Connector	2	\N	\N	\N	\N	\N	\N	\N	\N	\N
88	Blucomunidades	2	\N	\N	\N	\N	\N	\N	\N	\N	\N
89	Blucomunidades	34	\N	\N	\N	\N	\N	\N	\N	\N	\N
90	Blucontrol	2	\N	\N	\N	\N	\N	\N	\N	\N	\N
91	Blucontrol	34	\N	\N	\N	\N	\N	\N	\N	\N	\N
92	Bluharina	2	\N	\N	\N	\N	\N	\N	\N	\N	\N
93	Bluharina	34	\N	\N	\N	\N	\N	\N	\N	\N	\N
94	SAP HANA SDI	2	\N	\N	\N	\N	\N	\N	\N	\N	\N
95	SAP HANA SDI	34	\N	\N	\N	\N	\N	\N	\N	\N	\N
96	SAP Cloud Platform Cockpit	34	\N	\N	\N	\N	\N	\N	\N	\N	\N
97	JNV	2	\N	\N	\N	\N	\N	\N	\N	\N	\N
98	Domain Controller	2	\N	\N	\N	\N	\N	\N	\N	\N	\N
99	DB SAP	2	\N	\N	\N	\N	\N	\N	\N	\N	\N
100	Servidor de Respaldo	2	\N	\N	\N	\N	\N	\N	\N	\N	\N
101	Sistemas Carsol	2	\N	\N	\N	\N	\N	\N	\N	\N	\N
102	Carsol Facturacin	2	\N	\N	\N	\N	\N	\N	\N	\N	\N
103	Domain Controller PRD 1	2	\N	\N	\N	\N	\N	\N	\N	\N	\N
104	Domain Controller PRD 2	2	\N	\N	\N	\N	\N	\N	\N	\N	\N
105	Servidor Clickview RDP	2	\N	\N	\N	\N	\N	\N	\N	\N	\N
106	Sistema Carsol Per	2	\N	\N	\N	\N	\N	\N	\N	\N	\N
107	SRV-SAP PROD	2	\N	\N	\N	\N	\N	\N	\N	\N	\N
108	SRV-WS-SAP	2	\N	\N	\N	\N	\N	\N	\N	\N	\N
109	SRV-GOGLOBAL	2	\N	\N	\N	\N	\N	\N	\N	\N	\N
110	vitafoods_sap_webdispatcher	2	\N	\N	\N	\N	\N	\N	\N	\N	\N
111	vitafoods_webserver	2	\N	\N	\N	\N	\N	\N	\N	\N	\N
112	SAP BW NETWEAVER 7.5	1	\N	\N	\N	\N	\N	\N	\N	\N	\N
113	SAP Portal NETWEAVER 7.5	1	\N	\N	\N	\N	\N	\N	\N	\N	\N
114	SAP Portal NETWEAVER 7.5	34	\N	\N	\N	\N	\N	\N	\N	\N	\N
115	SAP PO NETWEAVER 7.5	1	\N	\N	\N	\N	\N	\N	\N	\N	\N
116	SAP TRX	1	\N	\N	\N	\N	\N	\N	\N	\N	\N
117	SAP ERP EHP4	34	\N	\N	\N	\N	\N	\N	\N	\N	\N
118	SAP Webdispatcher	1	\N	\N	\N	\N	\N	\N	\N	\N	\N
119	SAP BW NETWEAVER 7.5	2	\N	\N	\N	\N	\N	\N	\N	\N	\N
120	NODO 1 BD INP	2	\N	\N	\N	\N	\N	\N	\N	\N	\N
121	NODO 2 BD INP	2	\N	\N	\N	\N	\N	\N	\N	\N	\N
122	SAP ERP EHP8 INP APP1	2	\N	\N	\N	\N	\N	\N	\N	\N	\N
123	SAP ERP EHP8 INP APP2	2	\N	\N	\N	\N	\N	\N	\N	\N	\N
124	SAP ERP EHP8 INP APP3	2	\N	\N	\N	\N	\N	\N	\N	\N	\N
125	SAP ERP EHP8 INP Central	2	\N	\N	\N	\N	\N	\N	\N	\N	\N
126	SAP Portal NETWEAVER 7.5	2	\N	\N	\N	\N	\N	\N	\N	\N	\N
127	SAP PO NETWEAVER 7.5	2	\N	\N	\N	\N	\N	\N	\N	\N	\N
128	SAP Webdispatcher	2	\N	\N	\N	\N	\N	\N	\N	\N	\N
129	SAP TRX	2	\N	\N	\N	\N	\N	\N	\N	\N	\N
130	SAP SOLMAN 7.2	2	\N	\N	\N	\N	\N	\N	\N	\N	\N
131	Servidor Respaldo	2	\N	\N	\N	\N	\N	\N	\N	\N	\N
132	SAP Router	2	\N	\N	\N	\N	\N	\N	\N	\N	\N
\.


--
-- Data for Name: clientes_usuariocliente; Type: TABLE DATA; Schema: public; Owner: ubuntu
--

COPY public.clientes_usuariocliente (id, nombre_usuario, apellido_usuario, telefono, cargo, email, "cliente_FK_id", "consultor_FK_id") FROM stdin;
\.


--
-- Data for Name: django_admin_log; Type: TABLE DATA; Schema: public; Owner: postgres
--

COPY public.django_admin_log (id, action_time, object_id, object_repr, action_flag, change_message, content_type_id, user_id) FROM stdin;
1	2021-03-24 15:44:09.455748+00	34	cliente	1	[{"added": {}}]	23	1
2	2021-03-24 15:44:30.305348+00	34	cliente	2	[{"changed": {"fields": ["First name", "Last name", "Email address"]}}]	23	1
3	2021-03-24 17:09:58.942073+00	1	Cargo 1: Developer	1	[{"added": {}}]	11	1
4	2021-03-24 17:10:27.578787+00	2	Cargo 2: Supervisor SAP	1	[{"added": {}}]	11	1
5	2021-03-24 17:13:35.382351+00	1	AMBIENTE: DEV	1	[{"added": {}}]	7	1
6	2021-03-24 17:13:39.330217+00	1	Sistema: SAP CRM | AMBIENTE: DEV	1	[{"added": {}}]	9	1
7	2021-03-24 17:14:06.489446+00	2	AMBIENTE: PRD	1	[{"added": {}}]	7	1
8	2021-03-24 17:14:08.688026+00	2	Sistema: Solman 7.2 | AMBIENTE: PRD	1	[{"added": {}}]	9	1
9	2021-03-24 17:26:22.117451+00	1	 Enzo Rossi	1	[{"added": {}}]	13	1
10	2021-03-24 17:27:50.052143+00	2	 Enzo Rossi	1	[{"added": {}}]	13	1
11	2021-03-24 17:28:24.851716+00	1	 Enzo Rossi	3		13	1
12	2021-03-24 17:28:49.502607+00	1	MATHIESSEN	1	[{"added": {}}]	8	1
13	2021-03-24 17:29:55.164343+00	1	En proceso	1	[{"added": {}}]	16	1
14	2021-03-24 17:30:06.608885+00	2	Completado	1	[{"added": {}}]	16	1
15	2021-03-24 17:30:36.652081+00	1	 Pendiente	1	[{"added": {}}]	15	1
16	2021-03-24 17:30:43.580158+00	2	 Resuelta	1	[{"added": {}}]	15	1
17	2021-03-24 17:30:50.121256+00	3	 Testeando	1	[{"added": {}}]	15	1
18	2021-03-24 17:31:19.251233+00	1	Solicitud: Actualizar CR-CONTENT JAVA	1	[{"added": {}}]	17	1
19	2021-03-24 17:33:07.757087+00	3	Cargo 3: Supervisor area cliente	1	[{"added": {}}]	11	1
20	2021-03-24 17:33:11.702192+00	3	 Felix Diaz	1	[{"added": {}}]	13	1
21	2021-03-24 17:33:25.110499+00	1	MATHIESSEN	2	[{"changed": {"fields": ["Equipo tecnico clientes"]}}]	8	1
22	2021-03-24 17:37:44.849252+00	34	cliente	2	[{"changed": {"fields": ["Cliente"]}}]	23	1
23	2021-03-24 17:45:26.966438+00	4	 Jose Camacho	1	[{"added": {}}]	13	1
24	2021-03-24 17:46:12.017143+00	35	jose	1	[{"added": {}}]	23	1
25	2021-03-24 17:46:30.250296+00	35	jose	2	[{"changed": {"fields": ["First name", "Last name", "Email address", "Staff status", "Cliente"]}}]	23	1
34	2021-04-13 13:49:42.679324+00	34	Cargo 34: Consultor SAP Tecnologico	1	[{"added": {}}]	11	1
35	2021-04-13 13:51:56.791829+00	1	Numero: 3 | Tipo: tecnico	1	[{"added": {}}]	34	1
36	2021-04-13 13:53:12.197651+00	34	Sistema:34: SAP ERP 6.0 EHP 8 | AMBIENTE: DEV	1	[{"added": {}}]	9	1
37	2021-04-13 13:53:36.400593+00	34	AMBIENTE: QAS	1	[{"added": {}}]	7	1
38	2021-04-13 13:53:38.669372+00	35	Sistema:35: SAPR ERP 6.0 EHP 8 | AMBIENTE: QAS	1	[{"added": {}}]	9	1
39	2021-04-13 13:53:51.001942+00	36	Sistema:36: SAP ERP 6.0 EHP 8 | AMBIENTE: PRD	1	[{"added": {}}]	9	1
40	2021-04-13 13:54:08.345483+00	37	Sistema:37: SAP NETWEAVER 7.5 | AMBIENTE: DEV	1	[{"added": {}}]	9	1
41	2021-04-13 13:54:23.270941+00	38	Sistema:38: SAP BW NETWEAVER 7.5 | AMBIENTE: PRD	1	[{"added": {}}]	9	1
42	2021-04-13 13:54:44.82467+00	39	Sistema:39: SAP SOLMAN 7.2 | AMBIENTE: DEV	1	[{"added": {}}]	9	1
43	2021-04-13 13:55:11.40383+00	34	Artel	1	[{"added": {}}]	8	1
44	2021-04-13 13:55:30.095452+00	34	 Estanislao Calletano	1	[{"added": {}}]	13	1
45	2021-04-13 13:56:34.034441+00	35	Cargo 35: Jefe departamento Informatica	1	[{"added": {}}]	11	1
46	2021-04-13 13:56:57.191651+00	2	Numero: 2 | Tipo: Supervisor Cliente	1	[{"added": {}}]	34	1
47	2021-04-13 13:57:04.55448+00	35	 Antonio Vivanco	1	[{"added": {}}]	13	1
48	2021-04-13 14:07:12.261559+00	36	Cargo 36: Jefe de proyectos T.I	1	[{"added": {}}]	11	1
49	2021-04-13 14:07:52.182784+00	3	Numero: 4 | Tipo: Tecnico Cliente	1	[{"added": {}}]	34	1
50	2021-04-13 14:07:53.765721+00	36	 Omar Colihuinca	1	[{"added": {}}]	13	1
51	2021-04-13 14:08:46.381753+00	37	Cargo 37: Gerente de administracion y Finanzas	1	[{"added": {}}]	11	1
52	2021-04-13 14:08:54.185814+00	37	 Mario Calderon	1	[{"added": {}}]	13	1
53	2021-04-13 14:09:22.219281+00	34	Artel	2	[{"changed": {"fields": ["Equipo tecnico clientes"]}}]	8	1
54	2021-04-13 14:09:40.108817+00	67	esta	1	[{"added": {}}]	23	1
55	2021-04-13 14:10:04.873635+00	67	esta	2	[{"changed": {"fields": ["First name", "Last name", "Email address", "Staff status", "Cliente"]}}]	23	1
56	2021-04-13 14:10:43.106066+00	34	Solicitud: Actualizacion SAP Kernel	1	[{"added": {}}]	17	1
57	2021-04-13 14:13:22.268687+00	35	Solicitud: Actualizacin ST-PI y ST-A/PI	1	[{"added": {}}]	17	1
58	2021-04-13 14:13:49.487394+00	1	Datos para: Solicitud: Actualizacin ST-PI y ST-A/PI	1	[{"added": {}}]	37	1
59	2021-04-13 14:14:18.31539+00	1	Severity para: Solicitud: Actualizacin ST-PI y ST-A/PI	1	[{"added": {}}]	36	1
60	2021-04-13 14:14:34.547459+00	1	Datos tarea para: Solicitud: Actualizacin ST-PI y ST-A/PI	1	[{"added": {}}]	35	1
61	2021-04-13 14:14:46.339639+00	2	Datos tarea para: Solicitud: Actualizacin ST-PI y ST-A/PI	1	[{"added": {}}]	35	1
62	2021-04-13 14:15:18.808524+00	1	Datos de actividades para: Solicitud: Actualizacin ST-PI y ST-A/PI, | PRE-REQUIOSITOS: Descarga de medios | None	1	[{"added": {}}]	38	1
63	2021-04-13 14:16:30.693147+00	2	Datos de actividades para: Solicitud: Actualizacin ST-PI y ST-A/PI, | Actualizacin DEV: ACtualizacion ST-PI | Sistema:34: SAP ERP 6.0 EHP 8 | AMBIENTE: DEV	1	[{"added": {}}]	38	1
64	2021-04-13 14:16:50.786361+00	3	Datos de actividades para: Solicitud: Actualizacin ST-PI y ST-A/PI, | Actualizacin DEV: Actualizacion ST-A/PI | Sistema:34: SAP ERP 6.0 EHP 8 | AMBIENTE: DEV	1	[{"added": {}}]	38	1
65	2021-04-13 14:17:17.179736+00	4	Datos de actividades para: Solicitud: Actualizacin ST-PI y ST-A/PI, | Actualizacin QAS: Actualizacin ST-PI | Sistema:35: SAPR ERP 6.0 EHP 8 | AMBIENTE: QAS	1	[{"added": {}}]	38	1
66	2021-04-13 14:17:35.874851+00	5	Datos de actividades para: Solicitud: Actualizacin ST-PI y ST-A/PI, | Actualizacin QAS: Actualizacin ST-A/PI | Sistema:35: SAPR ERP 6.0 EHP 8 | AMBIENTE: QAS	1	[{"added": {}}]	38	1
67	2021-04-13 14:18:07.709877+00	6	Datos de actividades para: Solicitud: Actualizacin ST-PI y ST-A/PI, | Actualizacin PRD: Actualizacin ST-PI | Sistema:36: SAP ERP 6.0 EHP 8 | AMBIENTE: PRD	1	[{"added": {}}]	38	1
68	2021-04-13 14:18:25.817209+00	7	Datos de actividades para: Solicitud: Actualizacin ST-PI y ST-A/PI, | Actualizacin PRD: Actualizacin ST-A/PI | Sistema:36: SAP ERP 6.0 EHP 8 | AMBIENTE: PRD	1	[{"added": {}}]	38	1
69	2021-04-13 14:19:33.663849+00	8	Datos de actividades para: Solicitud: Actualizacin ST-PI y ST-A/PI, | Actualizacin BWD: Actualizacin ST-PI | Sistema:37: SAP NETWEAVER 7.5 | AMBIENTE: DEV	1	[{"added": {}}]	38	1
70	2021-04-13 14:19:56.461221+00	9	Datos de actividades para: Solicitud: Actualizacin ST-PI y ST-A/PI, | Actualizacin BWD: Actualizacion ST-A/PI | Sistema:37: SAP NETWEAVER 7.5 | AMBIENTE: DEV	1	[{"added": {}}]	38	1
71	2021-04-13 14:20:33.895462+00	10	Datos de actividades para: Solicitud: Actualizacin ST-PI y ST-A/PI, | Actualizacin BWP: Actualizacin ST-PI | Sistema:38: SAP BW NETWEAVER 7.5 | AMBIENTE: PRD	1	[{"added": {}}]	38	1
159	2021-04-14 15:12:46.416791+00	2	2 AMBIENTE: PRD	2	[{"changed": {"fields": ["Ambiente"]}}]	7	1
72	2021-04-13 14:20:55.224424+00	11	Datos de actividades para: Solicitud: Actualizacin ST-PI y ST-A/PI, | Actualizacin BWP: Actualizacin ST-A/PI | Sistema:38: SAP BW NETWEAVER 7.5 | AMBIENTE: PRD	1	[{"added": {}}]	38	1
73	2021-04-13 14:38:30.58205+00	12	Datos de actividades para: Solicitud: Actualizacin ST-PI y ST-A/PI, | Actualizacin SMA: Actualizacin ST-A/PI | Sistema:39: SAP SOLMAN 7.2 | AMBIENTE: DEV	1	[{"added": {}}]	38	1
74	2021-04-13 14:59:11.155233+00	4	Numero: 1 | Tipo: Supervisor SAP	1	[{"added": {}}]	34	1
75	2021-04-13 14:59:18.905844+00	38	 Michael Rodrigo	1	[{"added": {}}]	13	1
76	2021-04-13 15:02:20.905353+00	38	Cargo 38: Gerente operacion	1	[{"added": {}}]	11	1
77	2021-04-13 15:02:27.318225+00	38	 Michael Rodrigo	2	[{"changed": {"fields": ["Cargo FK"]}}]	13	1
78	2021-04-13 15:16:35.879713+00	1	Numero: 1 | Tipo: Supervisor SAP	2	[{"changed": {"fields": ["Numero tipo", "Nombre tipo"]}}]	34	1
79	2021-04-13 15:16:38.962398+00	38	 Michael Rodrigo	2	[{"changed": {"fields": ["Tipo FK"]}}]	13	1
80	2021-04-13 15:16:51.370264+00	1	Numero: 3 | Tipo: tecnico	2	[{"changed": {"fields": ["Numero tipo", "Nombre tipo"]}}]	34	1
81	2021-04-13 15:16:53.494362+00	34	 Estanislao Calletano	2	[]	13	1
82	2021-04-13 15:21:55.070608+00	38	 Michael Rodrigo	2	[{"changed": {"fields": ["Tipo FK"]}}]	13	1
83	2021-04-13 15:22:08.806608+00	34	 Estanislao Calletano	2	[]	13	1
84	2021-04-13 15:23:29.025083+00	1	Id:1 ,nuemero: 3 | Tipo: Supervisor SAP	2	[{"changed": {"fields": ["Nombre tipo"]}}]	34	1
85	2021-04-13 15:23:39.787422+00	4	Id:4 ,nuemero: 1 | Tipo: Tecnico	2	[{"changed": {"fields": ["Nombre tipo"]}}]	34	1
86	2021-04-13 15:23:51.358261+00	38	 Michael Rodrigo	2	[{"changed": {"fields": ["Tipo FK"]}}]	13	1
87	2021-04-13 15:24:02.203425+00	34	 Estanislao Calletano	2	[{"changed": {"fields": ["Tipo FK"]}}]	13	1
88	2021-04-13 16:58:54.27046+00	36	Solicitud: Cambio Hora invierno	1	[{"added": {}}]	17	1
89	2021-04-13 17:00:25.340256+00	2	Datos para: Solicitud: Cambio Hora invierno	1	[{"added": {}}]	37	1
90	2021-04-13 17:01:29.91034+00	2	Severity para: Solicitud: Cambio Hora invierno	1	[{"added": {}}]	36	1
91	2021-04-13 17:01:55.677237+00	3	Datos tarea para: Solicitud: Cambio Hora invierno	1	[{"added": {}}]	35	1
92	2021-04-13 17:02:04.346599+00	4	Datos tarea para: Solicitud: Cambio Hora invierno	1	[{"added": {}}]	35	1
93	2021-04-13 17:02:47.047658+00	13	Datos de actividades para: Solicitud: Cambio Hora invierno, | Revisin y/o aplicacin de nota: Revisar nota 010203 | None	1	[{"added": {}}]	38	1
94	2021-04-13 17:03:25.060545+00	14	Datos de actividades para: Solicitud: Cambio Hora invierno, | Bajada de sistema: SAP ERP DEV | Sistema:34: SAP ERP 6.0 EHP 8 | AMBIENTE: DEV	1	[{"added": {}}]	38	1
95	2021-04-13 17:03:50.983435+00	15	Datos de actividades para: Solicitud: Cambio Hora invierno, | Bajada de sistema: SAP ERP QAS | Sistema:35: SAPR ERP 6.0 EHP 8 | AMBIENTE: QAS	1	[{"added": {}}]	38	1
96	2021-04-13 17:04:16.272078+00	16	Datos de actividades para: Solicitud: Cambio Hora invierno, | Bajada de sistema: SAP ERP PRD | Sistema:36: SAP ERP 6.0 EHP 8 | AMBIENTE: PRD	1	[{"added": {}}]	38	1
97	2021-04-13 17:04:49.765128+00	17	Datos de actividades para: Solicitud: Cambio Hora invierno, | Subida de sistema (hora nueva): SAP ERP PRD | Sistema:36: SAP ERP 6.0 EHP 8 | AMBIENTE: PRD	1	[{"added": {}}]	38	1
98	2021-04-13 17:05:08.164781+00	18	Datos de actividades para: Solicitud: Cambio Hora invierno, | Subida de sistema : SAP ERP QAS | Sistema:35: SAPR ERP 6.0 EHP 8 | AMBIENTE: QAS	1	[{"added": {}}]	38	1
99	2021-04-13 17:05:28.963622+00	19	Datos de actividades para: Solicitud: Cambio Hora invierno, | Subida de sistema : SAP ERP DEV | Sistema:34: SAP ERP 6.0 EHP 8 | AMBIENTE: DEV	1	[{"added": {}}]	38	1
100	2021-04-13 17:05:40.91255+00	20	Datos de actividades para: Solicitud: Cambio Hora invierno, | Monitoreo | None	1	[{"added": {}}]	38	1
101	2021-04-13 17:11:05.221557+00	37	Solicitud: Actualizacion OS	1	[{"added": {}}]	17	1
102	2021-04-13 17:13:06.465305+00	3	Datos para: Solicitud: Actualizacion OS	1	[{"added": {}}]	37	1
103	2021-04-13 17:13:36.838355+00	3	Severity para: Solicitud: Actualizacion OS	1	[{"added": {}}]	36	1
104	2021-04-13 17:14:05.293092+00	5	Datos tarea para: Solicitud: Actualizacion OS	1	[{"added": {}}]	35	1
105	2021-04-13 17:14:10.55085+00	6	Datos tarea para: Solicitud: Actualizacion OS	1	[{"added": {}}]	35	1
106	2021-04-13 17:14:40.051023+00	21	Datos de actividades para: Solicitud: Actualizacion OS, | PRE-REQUISITOS: Descarga de medios | None	1	[{"added": {}}]	38	1
107	2021-04-13 17:15:02.894109+00	22	Datos de actividades para: Solicitud: Actualizacion OS, | ACTUALIZACION DEV: Bajda del sistema | Sistema:34: SAP ERP 6.0 EHP 8 | AMBIENTE: DEV	1	[{"added": {}}]	38	1
108	2021-04-13 17:15:45.699354+00	23	Datos de actividades para: Solicitud: Actualizacion OS, | ACTUALIZACION DEV: Actualizacin OS | Sistema:34: SAP ERP 6.0 EHP 8 | AMBIENTE: DEV	1	[{"added": {}}]	38	1
109	2021-04-13 17:16:07.859069+00	24	Datos de actividades para: Solicitud: Actualizacion OS, | ACTUALIZACION DEV: Reinicio Servidor | Sistema:34: SAP ERP 6.0 EHP 8 | AMBIENTE: DEV	1	[{"added": {}}]	38	1
110	2021-04-13 17:16:23.351358+00	25	Datos de actividades para: Solicitud: Actualizacion OS, | ACTUALIZACION DEV:  Subida sistema | Sistema:34: SAP ERP 6.0 EHP 8 | AMBIENTE: DEV	1	[{"added": {}}]	38	1
111	2021-04-13 17:47:20.402685+00	22	Datos de actividades para: Solicitud: Actualizacion OS, | ACTUALIZACION DEV: Bajda del sistema | Sistema:34: SAP ERP 6.0 EHP 8 | AMBIENTE: DEV	2	[{"changed": {"fields": ["Est orden"]}}]	38	1
112	2021-04-13 17:47:34.383084+00	23	Datos de actividades para: Solicitud: Actualizacion OS, | ACTUALIZACION DEV: Actualizacin OS | Sistema:34: SAP ERP 6.0 EHP 8 | AMBIENTE: DEV	2	[{"changed": {"fields": ["Est orden"]}}]	38	1
113	2021-04-13 17:48:02.903216+00	24	Datos de actividades para: Solicitud: Actualizacion OS, | ACTUALIZACION DEV: Reinicio Servidor | Sistema:34: SAP ERP 6.0 EHP 8 | AMBIENTE: DEV	2	[{"changed": {"fields": ["Est orden"]}}]	38	1
114	2021-04-13 17:48:16.301313+00	25	Datos de actividades para: Solicitud: Actualizacion OS, | ACTUALIZACION DEV:  Subida sistema | Sistema:34: SAP ERP 6.0 EHP 8 | AMBIENTE: DEV	2	[{"changed": {"fields": ["Est orden"]}}]	38	1
115	2021-04-13 17:49:15.388316+00	26	Datos de actividades para: Solicitud: Actualizacion OS, | Actualizacin BWD: Bajada Del sistema | Sistema:37: SAP NETWEAVER 7.5 | AMBIENTE: DEV	1	[{"added": {}}]	38	1
116	2021-04-13 17:49:39.515662+00	27	Datos de actividades para: Solicitud: Actualizacion OS, | Actualizacin BWD: Actualizacin OS | Sistema:37: SAP NETWEAVER 7.5 | AMBIENTE: DEV	1	[{"added": {}}]	38	1
117	2021-04-13 17:49:59.614925+00	28	Datos de actividades para: Solicitud: Actualizacion OS, | Actualizacin BWD: Reinicio SErvidor | Sistema:37: SAP NETWEAVER 7.5 | AMBIENTE: DEV	1	[{"added": {}}]	38	1
118	2021-04-13 17:50:23.824296+00	29	Datos de actividades para: Solicitud: Actualizacion OS, | Actualizacin BWD: Subida sistema | Sistema:37: SAP NETWEAVER 7.5 | AMBIENTE: DEV	1	[{"added": {}}]	38	1
160	2021-04-14 15:29:36.904522+00	1	AMBIENTE: DEV	2	[{"changed": {"fields": ["Tipo_ambiente"]}}]	7	1
119	2021-04-13 17:52:53.903681+00	28	Datos de actividades para: Solicitud: Actualizacion OS, | Actualizacin BWD: Reinicio Servidor | Sistema:37: SAP NETWEAVER 7.5 | AMBIENTE: DEV	2	[{"changed": {"fields": ["Est descripcion actividad"]}}]	38	1
120	2021-04-13 17:54:10.381362+00	30	Datos de actividades para: Solicitud: Actualizacion OS, | Actualizacin QAS: Bajada del sistema | Sistema:35: SAPR ERP 6.0 EHP 8 | AMBIENTE: QAS	1	[{"added": {}}]	38	1
121	2021-04-13 17:55:02.154916+00	31	Datos de actividades para: Solicitud: Actualizacion OS, | Actualizacin QAS: Bajada del sistema | Sistema:35: SAPR ERP 6.0 EHP 8 | AMBIENTE: QAS	1	[{"added": {}}]	38	1
122	2021-04-13 17:55:29.030758+00	31	Datos de actividades para: Solicitud: Actualizacion OS, | Actualizacin QAS: Bajada del sistema | Sistema:35: SAPR ERP 6.0 EHP 8 | AMBIENTE: QAS	3		38	1
123	2021-04-13 17:55:59.151518+00	32	Datos de actividades para: Solicitud: Actualizacion OS, | Actualizacin QAS:  Actualizacion OS | Sistema:35: SAPR ERP 6.0 EHP 8 | AMBIENTE: QAS	1	[{"added": {}}]	38	1
124	2021-04-13 17:56:21.752509+00	33	Datos de actividades para: Solicitud: Actualizacion OS, | Actualizacin QAS:  Reinicio Servidor | Sistema:35: SAPR ERP 6.0 EHP 8 | AMBIENTE: QAS	1	[{"added": {}}]	38	1
125	2021-04-13 17:56:56.684172+00	34	Datos de actividades para: Solicitud: Actualizacion OS, | Actualizacin QAS:  Subida del sistema | Sistema:35: SAPR ERP 6.0 EHP 8 | AMBIENTE: QAS	1	[{"added": {}}]	38	1
126	2021-04-13 17:57:43.468728+00	35	Datos de actividades para: Solicitud: Actualizacion OS, | Actualizacin SMA/SMJ: Bajada del sistema | Sistema:2: Solman 7.2 | AMBIENTE: PRD	1	[{"added": {}}]	38	1
127	2021-04-13 17:58:02.469333+00	36	Datos de actividades para: Solicitud: Actualizacion OS, | Actualizacin SMA/SMJ: Actualizacin OS | Sistema:2: Solman 7.2 | AMBIENTE: PRD	1	[{"added": {}}]	38	1
128	2021-04-13 17:58:21.773516+00	37	Datos de actividades para: Solicitud: Actualizacion OS, | Actualizacin SMA/SMJ: Reinicio Servidor | Sistema:2: Solman 7.2 | AMBIENTE: PRD	1	[{"added": {}}]	38	1
129	2021-04-13 17:58:41.304828+00	38	Datos de actividades para: Solicitud: Actualizacion OS, | Actualizacin SMA/SMJ: Subida del sistema | Sistema:2: Solman 7.2 | AMBIENTE: PRD	1	[{"added": {}}]	38	1
130	2021-04-13 17:59:12.149181+00	39	Datos de actividades para: Solicitud: Actualizacion OS, | Actualizacin BWP: Bajada del sistema | Sistema:38: SAP BW NETWEAVER 7.5 | AMBIENTE: PRD	1	[{"added": {}}]	38	1
131	2021-04-13 17:59:26.783947+00	40	Datos de actividades para: Solicitud: Actualizacion OS, | Actualizacin BWP: Actualizacion OS | Sistema:38: SAP BW NETWEAVER 7.5 | AMBIENTE: PRD	1	[{"added": {}}]	38	1
132	2021-04-13 17:59:47.659861+00	41	Datos de actividades para: Solicitud: Actualizacion OS, | Actualizacin BWP: Reinicio Servidor | Sistema:38: SAP BW NETWEAVER 7.5 | AMBIENTE: PRD	1	[{"added": {}}]	38	1
133	2021-04-13 18:00:04.173695+00	42	Datos de actividades para: Solicitud: Actualizacion OS, | Actualizacin BWP: Subida del sistema | Sistema:2: Solman 7.2 | AMBIENTE: PRD	1	[{"added": {}}]	38	1
134	2021-04-13 18:00:28.789015+00	43	Datos de actividades para: Solicitud: Actualizacion OS, | Actualizacin PRD: Bajda del sistema | Sistema:36: SAP ERP 6.0 EHP 8 | AMBIENTE: PRD	1	[{"added": {}}]	38	1
135	2021-04-13 18:00:49.356351+00	44	Datos de actividades para: Solicitud: Actualizacion OS, | Actualizacin PRD:  Actualizacin OS | Sistema:36: SAP ERP 6.0 EHP 8 | AMBIENTE: PRD	1	[{"added": {}}]	38	1
136	2021-04-13 18:01:07.860568+00	45	Datos de actividades para: Solicitud: Actualizacion OS, | Actualizacin PRD: Reinicio Servidor | Sistema:36: SAP ERP 6.0 EHP 8 | AMBIENTE: PRD	1	[{"added": {}}]	38	1
137	2021-04-13 18:01:37.20122+00	46	Datos de actividades para: Solicitud: Actualizacion OS, | Actualizacin PRD:  Subida del sistema | Sistema:36: SAP ERP 6.0 EHP 8 | AMBIENTE: PRD	1	[{"added": {}}]	38	1
138	2021-04-13 18:27:18.584201+00	40	Sistema:40: EHP5 SAP ERP 6.0 | AMBIENTE: DEV	1	[{"added": {}}]	9	1
139	2021-04-13 18:27:42.074258+00	41	Sistema:41: EHP5 SAP ERP 6.0 | AMBIENTE: QAS	1	[{"added": {}}]	9	1
140	2021-04-13 18:27:47.714727+00	42	Sistema:42: EHP5 SAP ERP 6.0 | AMBIENTE: PRD	1	[{"added": {}}]	9	1
141	2021-04-13 18:28:42.176956+00	43	Sistema:43: Solution Manager 7.1 SP13 | AMBIENTE: PRD	1	[{"added": {}}]	9	1
142	2021-04-13 18:29:33.838022+00	44	Sistema:44: WebDispacher 7.49 | AMBIENTE: PRD	1	[{"added": {}}]	9	1
143	2021-04-13 18:29:49.141654+00	45	Sistema:45: SAP ROUTER 7.21 | AMBIENTE: PRD	1	[{"added": {}}]	9	1
144	2021-04-13 18:30:54.6766+00	39	Cargo 39: Supervisor Informtica SAP / ABAP	1	[{"added": {}}]	11	1
145	2021-04-13 18:31:22.849485+00	35	ICB	1	[{"added": {}}]	8	1
146	2021-04-13 18:32:02.158203+00	39	 Ricardo Pinninghoff	1	[{"added": {}}]	13	1
147	2021-04-14 13:39:27.45217+00	8	Datos de actividades para: Solicitud: Actualizacin ST-PI y ST-A/PI, | Actualizacin BWD: Actualizacin ST-PI | Sistema:37: SAP NETWEAVER 7.5 | AMBIENTE: DEV	2	[{"changed": {"fields": ["Est orden"]}}]	38	1
148	2021-04-14 13:39:31.146973+00	9	Datos de actividades para: Solicitud: Actualizacin ST-PI y ST-A/PI, | Actualizacin BWD: Actualizacion ST-A/PI | Sistema:37: SAP NETWEAVER 7.5 | AMBIENTE: DEV	2	[{"changed": {"fields": ["Est orden"]}}]	38	1
149	2021-04-14 13:39:33.667164+00	12	Datos de actividades para: Solicitud: Actualizacin ST-PI y ST-A/PI, | Actualizacin SMA: Actualizacin ST-A/PI | Sistema:39: SAP SOLMAN 7.2 | AMBIENTE: DEV	2	[{"changed": {"fields": ["Est orden"]}}]	38	1
150	2021-04-14 13:39:44.497825+00	4	Datos de actividades para: Solicitud: Actualizacin ST-PI y ST-A/PI, | Actualizacin QAS: Actualizacin ST-PI | Sistema:35: SAPR ERP 6.0 EHP 8 | AMBIENTE: QAS	2	[{"changed": {"fields": ["Est orden"]}}]	38	1
151	2021-04-14 13:39:46.397987+00	5	Datos de actividades para: Solicitud: Actualizacin ST-PI y ST-A/PI, | Actualizacin QAS: Actualizacin ST-A/PI | Sistema:35: SAPR ERP 6.0 EHP 8 | AMBIENTE: QAS	2	[{"changed": {"fields": ["Est orden"]}}]	38	1
152	2021-04-14 13:39:58.84081+00	6	Datos de actividades para: Solicitud: Actualizacin ST-PI y ST-A/PI, | Actualizacin PRD: Actualizacin ST-PI | Sistema:36: SAP ERP 6.0 EHP 8 | AMBIENTE: PRD	2	[{"changed": {"fields": ["Est orden"]}}]	38	1
153	2021-04-14 13:40:03.113766+00	7	Datos de actividades para: Solicitud: Actualizacin ST-PI y ST-A/PI, | Actualizacin PRD: Actualizacin ST-A/PI | Sistema:36: SAP ERP 6.0 EHP 8 | AMBIENTE: PRD	2	[{"changed": {"fields": ["Est orden"]}}]	38	1
154	2021-04-14 13:40:06.743296+00	10	Datos de actividades para: Solicitud: Actualizacin ST-PI y ST-A/PI, | Actualizacin BWP: Actualizacin ST-PI | Sistema:38: SAP BW NETWEAVER 7.5 | AMBIENTE: PRD	2	[{"changed": {"fields": ["Est orden"]}}]	38	1
155	2021-04-14 13:40:10.229323+00	11	Datos de actividades para: Solicitud: Actualizacin ST-PI y ST-A/PI, | Actualizacin BWP: Actualizacin ST-A/PI | Sistema:38: SAP BW NETWEAVER 7.5 | AMBIENTE: PRD	2	[{"changed": {"fields": ["Est orden"]}}]	38	1
156	2021-04-14 15:08:16.400355+00	1	AMBIENTE: PRD	2	[{"changed": {"fields": ["Ambiente"]}}]	7	1
157	2021-04-14 15:08:23.32165+00	2	AMBIENTE: DEV	2	[{"changed": {"fields": ["Ambiente"]}}]	7	1
158	2021-04-14 15:12:37.328177+00	1	1 AMBIENTE: DEV	2	[{"changed": {"fields": ["Ambiente"]}}]	7	1
161	2021-04-14 15:29:42.278553+00	2	AMBIENTE: PRD	2	[{"changed": {"fields": ["Tipo_ambiente"]}}]	7	1
162	2021-04-14 15:29:47.49258+00	34	AMBIENTE: QAS	2	[{"changed": {"fields": ["Tipo_ambiente"]}}]	7	1
163	2021-04-14 15:40:56.483269+00	34	ARTEL	2	[{"changed": {"fields": ["Nombre"]}}]	8	1
164	2021-04-14 15:42:17.172782+00	40	Cargo 40: Encargada de seguridad	1	[{"added": {}}]	11	1
165	2021-04-14 15:42:27.163697+00	40	 Paola Droguett Barraza	1	[{"added": {}}]	13	1
166	2021-04-14 15:43:05.293098+00	41	 Marcelo Aazco	1	[{"added": {}}]	13	1
167	2021-04-14 15:44:05.147805+00	41	Cargo 41: Jefe Redes y Servidores	1	[{"added": {}}]	11	1
168	2021-04-14 15:44:10.169328+00	42	 Rodrigo Miranda Troncoso	1	[{"added": {}}]	13	1
169	2021-04-14 15:44:24.848615+00	35	ICB	2	[{"changed": {"fields": ["Equipo tecnico clientes"]}}]	8	1
170	2021-04-14 15:52:46.555452+00	47	Datos de actividades para: Solicitud: Actualizacin ST-PI y ST-A/PI, | Actualizacin DEV: Actualizacin ST-PI | Sistema:40: EHP5 SAP ERP 6.0 | AMBIENTE: DEV	1	[{"added": {}}]	38	1
171	2021-04-14 15:53:36.098355+00	48	Datos de actividades para: Solicitud: Actualizacin ST-PI y ST-A/PI, | Actualizacin DEV: Actualizacin ST-A/PI | Sistema:40: EHP5 SAP ERP 6.0 | AMBIENTE: DEV	1	[{"added": {}}]	38	1
172	2021-04-14 15:54:10.878008+00	49	Datos de actividades para: Solicitud: Actualizacin ST-PI y ST-A/PI, | Actualizacin BWD: Actualizacin ST-PI | Sistema:41: EHP5 SAP ERP 6.0 | AMBIENTE: QAS	1	[{"added": {}}]	38	1
173	2021-04-14 15:54:29.92901+00	50	Datos de actividades para: Solicitud: Actualizacin ST-PI y ST-A/PI, | Actualizacin BWD: Actualizacin ST-A/PI | Sistema:41: EHP5 SAP ERP 6.0 | AMBIENTE: QAS	1	[{"added": {}}]	38	1
174	2021-04-14 15:55:18.607782+00	51	Datos de actividades para: Solicitud: Actualizacin ST-PI y ST-A/PI, | Actualizacin QAS: Actualizacin ST-A/PI | Sistema:41: EHP5 SAP ERP 6.0 | AMBIENTE: QAS	1	[{"added": {}}]	38	1
175	2021-04-14 15:55:48.100699+00	49	Datos de actividades para: Solicitud: Actualizacin ST-PI y ST-A/PI, | Actualizacin QAS: Actualizacin ST-PI | Sistema:41: EHP5 SAP ERP 6.0 | AMBIENTE: QAS	2	[{"changed": {"fields": ["Est descripcion actividad"]}}]	38	1
176	2021-04-14 15:55:58.752092+00	50	Datos de actividades para: Solicitud: Actualizacin ST-PI y ST-A/PI, | Actualizacin BWD: Actualizacin ST-A/PI | Sistema:41: EHP5 SAP ERP 6.0 | AMBIENTE: QAS	3		38	1
177	2021-04-14 15:57:09.717252+00	52	Datos de actividades para: Solicitud: Actualizacin ST-PI y ST-A/PI, | Actualizacin SAP PRD: Actualizacin ST-PI | Sistema:42: EHP5 SAP ERP 6.0 | AMBIENTE: PRD	1	[{"added": {}}]	38	1
178	2021-04-14 15:57:31.462617+00	53	Datos de actividades para: Solicitud: Actualizacin ST-PI y ST-A/PI, | Actualizacin SAP ERP: Actualizacin ST-A/PI | Sistema:42: EHP5 SAP ERP 6.0 | AMBIENTE: PRD	1	[{"added": {}}]	38	1
179	2021-04-14 15:57:56.710743+00	54	Datos de actividades para: Solicitud: Actualizacin ST-PI y ST-A/PI, | Actualizacin SAP SOLMAN: Actualizacin ST-PI | Sistema:43: Solution Manager 7.1 SP13 | AMBIENTE: PRD	1	[{"added": {}}]	38	1
180	2021-04-14 15:58:18.340534+00	55	Datos de actividades para: Solicitud: Actualizacin ST-PI y ST-A/PI, | Actualizacin SAP SOLMAN: Actualizacin ST-A/PI | Sistema:43: Solution Manager 7.1 SP13 | AMBIENTE: PRD	1	[{"added": {}}]	38	1
181	2021-04-14 15:58:46.00032+00	56	Datos de actividades para: Solicitud: Actualizacin ST-PI y ST-A/PI, | Actualizacin WebDispatcher: Actualizacin ST-PI | Sistema:44: WebDispacher 7.49 | AMBIENTE: PRD	1	[{"added": {}}]	38	1
182	2021-04-14 15:58:59.133456+00	57	Datos de actividades para: Solicitud: Actualizacin ST-PI y ST-A/PI, | Actualizacin WebDispatcher: Actualizacin ST-A/PI | Sistema:44: WebDispacher 7.49 | AMBIENTE: PRD	1	[{"added": {}}]	38	1
183	2021-04-14 15:59:21.614461+00	58	Datos de actividades para: Solicitud: Actualizacin ST-PI y ST-A/PI, | Actualizacin SAPROUTER: Actualizacin ST-PI | Sistema:45: SAP ROUTER 7.21 | AMBIENTE: PRD	1	[{"added": {}}]	38	1
184	2021-04-14 15:59:40.828317+00	59	Datos de actividades para: Solicitud: Actualizacin ST-PI y ST-A/PI, | Actualizacin SAPROUTER: Actualizacin ST-A/PI | Sistema:45: SAP ROUTER 7.21 | AMBIENTE: PRD	1	[{"added": {}}]	38	1
185	2021-04-14 18:34:07.600285+00	60	Datos de actividades para: Solicitud: Actualizacion OS, | Actualizacin SAP DEV: Bajada del sistema | Sistema:40: EHP5 SAP ERP 6.0 | AMBIENTE: DEV	1	[{"added": {}}]	38	1
186	2021-04-14 18:34:34.120361+00	61	Datos de actividades para: Solicitud: Actualizacion OS, | Actualizacin SAP DEV:  Actualizacion OS | Sistema:40: EHP5 SAP ERP 6.0 | AMBIENTE: DEV	1	[{"added": {}}]	38	1
187	2021-04-14 18:34:57.459996+00	62	Datos de actividades para: Solicitud: Actualizacion OS, | Actualizacin SAP DEV: Reinicio Servidor | Sistema:40: EHP5 SAP ERP 6.0 | AMBIENTE: DEV	1	[{"added": {}}]	38	1
188	2021-04-14 18:35:30.856785+00	63	Datos de actividades para: Solicitud: Actualizacion OS, | Actualizacin SAP DEV: Subida sistema | Sistema:40: EHP5 SAP ERP 6.0 | AMBIENTE: DEV	1	[{"added": {}}]	38	1
189	2021-04-14 18:36:02.362384+00	64	Datos de actividades para: Solicitud: Actualizacion OS, | Actualizacin SAP QAS: Bajada del sistema | Sistema:41: EHP5 SAP ERP 6.0 | AMBIENTE: QAS	1	[{"added": {}}]	38	1
190	2021-04-14 18:36:30.878652+00	65	Datos de actividades para: Solicitud: Actualizacion OS, | Actualizacin SAP QAS: Actualizacin OS | Sistema:41: EHP5 SAP ERP 6.0 | AMBIENTE: QAS	1	[{"added": {}}]	38	1
191	2021-04-14 18:36:46.669116+00	66	Datos de actividades para: Solicitud: Actualizacion OS, | Actualizacin SAP QAS: Reinicio Servidor | Sistema:41: EHP5 SAP ERP 6.0 | AMBIENTE: QAS	1	[{"added": {}}]	38	1
192	2021-04-14 18:37:02.716756+00	67	Datos de actividades para: Solicitud: Actualizacion OS, | Actualizacin SAP QAS: Subida sistema | Sistema:41: EHP5 SAP ERP 6.0 | AMBIENTE: QAS	1	[{"added": {}}]	38	1
193	2021-04-14 18:37:38.18664+00	68	Datos de actividades para: Solicitud: Actualizacion OS, | Actualizacin SAP PRD: Bajada del sistema | Sistema:42: EHP5 SAP ERP 6.0 | AMBIENTE: PRD	1	[{"added": {}}]	38	1
194	2021-04-14 18:37:58.474746+00	69	Datos de actividades para: Solicitud: Actualizacion OS, | Actualizacin SAP PRD: Actualizacin OS | Sistema:42: EHP5 SAP ERP 6.0 | AMBIENTE: PRD	1	[{"added": {}}]	38	1
195	2021-04-14 18:38:22.275338+00	70	Datos de actividades para: Solicitud: Actualizacion OS, | Actualizacin SAP PRD: Reinicio Servidor | Sistema:42: EHP5 SAP ERP 6.0 | AMBIENTE: PRD	1	[{"added": {}}]	38	1
196	2021-04-14 18:38:50.51354+00	71	Datos de actividades para: Solicitud: Actualizacion OS, | Actualizacin SAP PRD: Subida sistema | Sistema:42: EHP5 SAP ERP 6.0 | AMBIENTE: PRD	1	[{"added": {}}]	38	1
197	2021-04-14 18:40:09.871659+00	72	Datos de actividades para: Solicitud: Actualizacion OS, | Actualizacin Solution Manager: Bajada del sistema | Sistema:43: Solution Manager 7.1 SP13 | AMBIENTE: PRD	1	[{"added": {}}]	38	1
198	2021-04-14 18:40:31.780031+00	73	Datos de actividades para: Solicitud: Actualizacion OS, | Actualizacin Solution Manager: Actualizacin OS | Sistema:43: Solution Manager 7.1 SP13 | AMBIENTE: PRD	1	[{"added": {}}]	38	1
272	2021-04-14 19:41:13.023014+00	135	Datos de actividades para: Solicitud: Parchado Base de datos, | Parchado DB BWD: Bajada de sistema | Sistema:37: SAP BW NETWEAVER 7.5 | AMBIENTE: DEV	1	[{"added": {}}]	38	1
199	2021-04-14 18:40:48.056574+00	74	Datos de actividades para: Solicitud: Actualizacion OS, | Actualizacin Solution Manager: Reinicio Servidor | Sistema:43: Solution Manager 7.1 SP13 | AMBIENTE: PRD	1	[{"added": {}}]	38	1
200	2021-04-14 18:41:00.273098+00	75	Datos de actividades para: Solicitud: Actualizacion OS, | Actualizacin Solution Manager: Subida sistema | Sistema:43: Solution Manager 7.1 SP13 | AMBIENTE: PRD	1	[{"added": {}}]	38	1
201	2021-04-14 18:41:28.821619+00	76	Datos de actividades para: Solicitud: Actualizacion OS, | Actualizacin WebDispatcher: Bajada del sistema | Sistema:44: WebDispacher 7.49 | AMBIENTE: PRD	1	[{"added": {}}]	38	1
202	2021-04-14 18:41:44.423955+00	77	Datos de actividades para: Solicitud: Actualizacion OS, | Actualizacin WebDispatcher: Actualizacin OS | Sistema:44: WebDispacher 7.49 | AMBIENTE: PRD	1	[{"added": {}}]	38	1
203	2021-04-14 18:41:57.685961+00	78	Datos de actividades para: Solicitud: Actualizacion OS, | Actualizacin WebDispatcher: Reinicio servidor | Sistema:44: WebDispacher 7.49 | AMBIENTE: PRD	1	[{"added": {}}]	38	1
204	2021-04-14 18:42:13.057742+00	79	Datos de actividades para: Solicitud: Actualizacion OS, | Actualizacin WebDispatcher: Subida sistema | Sistema:44: WebDispacher 7.49 | AMBIENTE: PRD	1	[{"added": {}}]	38	1
205	2021-04-14 18:42:42.52998+00	80	Datos de actividades para: Solicitud: Actualizacion OS, | Actualizacin SAP ROUTER: Bajada del sistema | Sistema:45: SAP ROUTER 7.21 | AMBIENTE: PRD	1	[{"added": {}}]	38	1
206	2021-04-14 18:42:59.500764+00	81	Datos de actividades para: Solicitud: Actualizacion OS, | Actualizacin SAP ROUTER: Actualizacin OS | Sistema:45: SAP ROUTER 7.21 | AMBIENTE: PRD	1	[{"added": {}}]	38	1
207	2021-04-14 18:43:14.773039+00	82	Datos de actividades para: Solicitud: Actualizacion OS, | Actualizacin SAP ROUTER: Reinicio servidor | Sistema:45: SAP ROUTER 7.21 | AMBIENTE: PRD	1	[{"added": {}}]	38	1
208	2021-04-14 18:43:27.370025+00	83	Datos de actividades para: Solicitud: Actualizacion OS, | Actualizacin SAP ROUTER: Subida del sistema | Sistema:45: SAP ROUTER 7.21 | AMBIENTE: PRD	1	[{"added": {}}]	38	1
209	2021-04-14 18:47:12.024688+00	4	Datos para: Solicitud: Actualizacion SAP Kernel	1	[{"added": {}}]	37	1
210	2021-04-14 18:47:50.211128+00	4	Severity para: Solicitud: Actualizacion SAP Kernel	1	[{"added": {}}]	36	1
211	2021-04-14 18:48:06.819965+00	7	Datos tarea para: Solicitud: Actualizacion SAP Kernel	1	[{"added": {}}]	35	1
212	2021-04-14 18:49:08.384151+00	84	Datos de actividades para: Solicitud: Actualizacion SAP Kernel, | Pre-requisitos: Descarga de medios | None	1	[{"added": {}}]	38	1
213	2021-04-14 18:49:58.297398+00	85	Datos de actividades para: Solicitud: Actualizacion SAP Kernel, | Actualizacin DEV: Bajada de sistema | Sistema:40: EHP5 SAP ERP 6.0 | AMBIENTE: DEV	1	[{"added": {}}]	38	1
214	2021-04-14 18:50:47.459675+00	86	Datos de actividades para: Solicitud: Actualizacion SAP Kernel, | Actualizacin DEV: Actualizacin Kernel SAP | Sistema:40: EHP5 SAP ERP 6.0 | AMBIENTE: DEV	1	[{"added": {}}]	38	1
215	2021-04-14 18:51:24.738653+00	87	Datos de actividades para: Solicitud: Actualizacion OS, | Actualizacin SAP DEV: Subida de sistema | Sistema:40: EHP5 SAP ERP 6.0 | AMBIENTE: DEV	1	[{"added": {}}]	38	1
216	2021-04-14 18:52:31.193047+00	88	Datos de actividades para: Solicitud: Actualizacion SAP Kernel, | Actualizacin SAP DEV: Pruebas tecnicas | Sistema:40: EHP5 SAP ERP 6.0 | AMBIENTE: DEV	1	[{"added": {}}]	38	1
217	2021-04-14 18:52:46.292863+00	85	Datos de actividades para: Solicitud: Actualizacion SAP Kernel, | Actualizacin SAP DEV: Bajada de sistema | Sistema:40: EHP5 SAP ERP 6.0 | AMBIENTE: DEV	2	[{"changed": {"fields": ["Est descripcion actividad"]}}]	38	1
218	2021-04-14 18:52:56.356224+00	86	Datos de actividades para: Solicitud: Actualizacion SAP Kernel, | Actualizacin SAP DEV: Actualizacin Kernel SAP | Sistema:40: EHP5 SAP ERP 6.0 | AMBIENTE: DEV	2	[{"changed": {"fields": ["Est descripcion actividad"]}}]	38	1
219	2021-04-14 18:53:43.94307+00	89	Datos de actividades para: Solicitud: Actualizacion SAP Kernel, | Actualizacin SAP QAS: Bajada de sistema | Sistema:41: EHP5 SAP ERP 6.0 | AMBIENTE: QAS	1	[{"added": {}}]	38	1
220	2021-04-14 18:54:16.683578+00	90	Datos de actividades para: Solicitud: Actualizacion SAP Kernel, | Actualizacin SAP QAS: Actualizacin Kernel SAP | Sistema:41: EHP5 SAP ERP 6.0 | AMBIENTE: QAS	1	[{"added": {}}]	38	1
221	2021-04-14 18:54:40.136456+00	91	Datos de actividades para: Solicitud: Actualizacion SAP Kernel, | Actualizacin SAP QAS: Subida sistema | Sistema:41: EHP5 SAP ERP 6.0 | AMBIENTE: QAS	1	[{"added": {}}]	38	1
222	2021-04-14 18:55:02.096694+00	92	Datos de actividades para: Solicitud: Actualizacion SAP Kernel, | Actualizacin SAP QAS: Pruebas tcnicas | Sistema:41: EHP5 SAP ERP 6.0 | AMBIENTE: QAS	1	[{"added": {}}]	38	1
223	2021-04-14 18:56:04.678165+00	93	Datos de actividades para: Solicitud: Actualizacion SAP Kernel, | Actualizacin SAP ERP: Bajada de sistema | Sistema:42: EHP5 SAP ERP 6.0 | AMBIENTE: PRD	1	[{"added": {}}]	38	1
224	2021-04-14 18:56:35.87176+00	94	Datos de actividades para: Solicitud: Actualizacion SAP Kernel, | Actualizacin SAP ERP: Actualizacin Kernel SAP | Sistema:42: EHP5 SAP ERP 6.0 | AMBIENTE: PRD	1	[{"added": {}}]	38	1
225	2021-04-14 18:57:24.456773+00	95	Datos de actividades para: Solicitud: Actualizacion SAP Kernel, | Actualizacin SAP ERP: Subida sistema | Sistema:42: EHP5 SAP ERP 6.0 | AMBIENTE: PRD	1	[{"added": {}}]	38	1
226	2021-04-14 18:57:43.800615+00	96	Datos de actividades para: Solicitud: Actualizacion SAP Kernel, | Actualizacin SAP ERP: Pruebas tcnicas | Sistema:42: EHP5 SAP ERP 6.0 | AMBIENTE: PRD	1	[{"added": {}}]	38	1
227	2021-04-14 18:58:23.637111+00	97	Datos de actividades para: Solicitud: Actualizacion SAP Kernel, | Actualizacin Solution Manager: Bajada sistema | Sistema:43: Solution Manager 7.1 SP13 | AMBIENTE: PRD	1	[{"added": {}}]	38	1
228	2021-04-14 18:59:04.97347+00	98	Datos de actividades para: Solicitud: Actualizacion SAP Kernel, | Actualizacin Solution Manager: Actualizacin Kernel SAP | Sistema:43: Solution Manager 7.1 SP13 | AMBIENTE: PRD	1	[{"added": {}}]	38	1
229	2021-04-14 18:59:23.568368+00	99	Datos de actividades para: Solicitud: Actualizacion SAP Kernel, | Actualizacin Solution Manager: Subida sistema | Sistema:43: Solution Manager 7.1 SP13 | AMBIENTE: PRD	1	[{"added": {}}]	38	1
230	2021-04-14 18:59:42.699926+00	100	Datos de actividades para: Solicitud: Actualizacion SAP Kernel, | Actualizacin Solution Manager: Pruebas tcnicas | Sistema:43: Solution Manager 7.1 SP13 | AMBIENTE: PRD	1	[{"added": {}}]	38	1
231	2021-04-14 19:02:07.185012+00	101	Datos de actividades para: Solicitud: Actualizacion SAP Kernel, | Actualizacin WebDispatcher: Bajada de sistema | Sistema:44: WebDispacher 7.49 | AMBIENTE: PRD	1	[{"added": {}}]	38	1
232	2021-04-14 19:02:39.86696+00	102	Datos de actividades para: Solicitud: Actualizacion SAP Kernel, | Actualizacin WebDispatcher: Actualizacin Kernel | Sistema:44: WebDispacher 7.49 | AMBIENTE: PRD	1	[{"added": {}}]	38	1
233	2021-04-14 19:03:00.984861+00	103	Datos de actividades para: Solicitud: Actualizacion SAP Kernel, | Actualizacin WebDispatcher: Subida sistema | Sistema:44: WebDispacher 7.49 | AMBIENTE: PRD	1	[{"added": {}}]	38	1
704	2021-04-28 13:09:00.90891+00	40	INDURA	2	[{"changed": {"fields": ["Sistema FK"]}}]	8	1
234	2021-04-14 19:03:22.305223+00	104	Datos de actividades para: Solicitud: Actualizacion SAP Kernel, | Actualizacin WebDispatcher: Pruebas tecnicas | Sistema:44: WebDispacher 7.49 | AMBIENTE: PRD	1	[{"added": {}}]	38	1
235	2021-04-14 19:03:55.440778+00	105	Datos de actividades para: Solicitud: Actualizacion SAP Kernel, | Actualizacin SAPROUTER: Bajada de sistema | Sistema:45: SAP ROUTER 7.21 | AMBIENTE: PRD	1	[{"added": {}}]	38	1
236	2021-04-14 19:04:11.434678+00	106	Datos de actividades para: Solicitud: Actualizacion SAP Kernel, | Actualizacin SAPROUTER: Actualizacion Kernel | Sistema:45: SAP ROUTER 7.21 | AMBIENTE: PRD	1	[{"added": {}}]	38	1
237	2021-04-14 19:04:30.362976+00	107	Datos de actividades para: Solicitud: Actualizacion SAP Kernel, | Actualizacin SAPROUTER: Subida sistema | Sistema:45: SAP ROUTER 7.21 | AMBIENTE: PRD	1	[{"added": {}}]	38	1
238	2021-04-14 19:04:46.489931+00	108	Datos de actividades para: Solicitud: Actualizacion SAP Kernel, | Actualizacin SAPROUTER: Pruebas tcnicas | Sistema:45: SAP ROUTER 7.21 | AMBIENTE: PRD	1	[{"added": {}}]	38	1
239	2021-04-14 19:05:48.840048+00	109	Datos de actividades para: Solicitud: Actualizacion SAP Kernel, | Actualizacin SAP DEV: Bajada de sistema. | Sistema:34: SAP ERP 6.0 EHP 8 | AMBIENTE: DEV	1	[{"added": {}}]	38	1
240	2021-04-14 19:06:22.965542+00	110	Datos de actividades para: Solicitud: Actualizacion SAP Kernel, | Actualizacin SAP DEV: Actualizacin Kernel SAP | Sistema:34: SAP ERP 6.0 EHP 8 | AMBIENTE: DEV	1	[{"added": {}}]	38	1
241	2021-04-14 19:06:35.134703+00	111	Datos de actividades para: Solicitud: Actualizacion SAP Kernel, | Actualizacin SAP DEV: Subida de sistema | Sistema:34: SAP ERP 6.0 EHP 8 | AMBIENTE: DEV	1	[{"added": {}}]	38	1
242	2021-04-14 19:06:46.938799+00	112	Datos de actividades para: Solicitud: Actualizacion SAP Kernel, | Actualizacin SAP DEV: Pruebas tecnicas | Sistema:34: SAP ERP 6.0 EHP 8 | AMBIENTE: DEV	1	[{"added": {}}]	38	1
243	2021-04-14 19:07:19.891984+00	113	Datos de actividades para: Solicitud: Actualizacion SAP Kernel, | Actualizacin SAP QAS: Bajada de sistema | Sistema:35: SAPR ERP 6.0 EHP 8 | AMBIENTE: QAS	1	[{"added": {}}]	38	1
244	2021-04-14 19:07:44.561973+00	114	Datos de actividades para: Solicitud: Actualizacion SAP Kernel, | Actualizacin SAP QAS: Actualizacin Kernel SAP | Sistema:35: SAPR ERP 6.0 EHP 8 | AMBIENTE: QAS	1	[{"added": {}}]	38	1
245	2021-04-14 19:08:16.701535+00	115	Datos de actividades para: Solicitud: Actualizacion SAP Kernel, | Actualizacin SAP QAS: Subida sistema | Sistema:35: SAPR ERP 6.0 EHP 8 | AMBIENTE: QAS	1	[{"added": {}}]	38	1
246	2021-04-14 19:08:34.786548+00	116	Datos de actividades para: Solicitud: Actualizacion SAP Kernel, | Actualizacin SAP QAS: Pruebas tcnicas | Sistema:35: SAPR ERP 6.0 EHP 8 | AMBIENTE: QAS	1	[{"added": {}}]	38	1
247	2021-04-14 19:10:11.579542+00	117	Datos de actividades para: Solicitud: Actualizacion SAP Kernel, | Actualizacin BWD: Bajada de sistema | Sistema:37: SAP NETWEAVER 7.5 | AMBIENTE: DEV	1	[{"added": {}}]	38	1
248	2021-04-14 19:10:47.918103+00	118	Datos de actividades para: Solicitud: Actualizacion SAP Kernel, | Actualizacin BWD: Actualizacin Kernel | Sistema:37: SAP NETWEAVER 7.5 | AMBIENTE: DEV	1	[{"added": {}}]	38	1
249	2021-04-14 19:11:10.716136+00	119	Datos de actividades para: Solicitud: Actualizacion SAP Kernel, | Actualizacin BWD: Subida sistema | Sistema:37: SAP NETWEAVER 7.5 | AMBIENTE: DEV	1	[{"added": {}}]	38	1
250	2021-04-14 19:11:31.027841+00	120	Datos de actividades para: Solicitud: Actualizacion SAP Kernel, | Actualizacin BWD: Prueba tcnicas | Sistema:37: SAP NETWEAVER 7.5 | AMBIENTE: DEV	1	[{"added": {}}]	38	1
251	2021-04-14 19:12:32.901647+00	34	ARTEL	2	[{"changed": {"fields": ["Sistema FK"]}}]	8	1
252	2021-04-14 19:12:55.872716+00	37	Sistema:37: SAP BW NETWEAVER 7.5 | AMBIENTE: DEV	2	[{"changed": {"fields": ["NombreSistema"]}}]	9	1
253	2021-04-14 19:15:46.262122+00	121	Datos de actividades para: Solicitud: Actualizacion SAP Kernel, | Actualizacin BWP: Bajada sistema | Sistema:38: SAP BW NETWEAVER 7.5 | AMBIENTE: PRD	1	[{"added": {}}]	38	1
254	2021-04-14 19:16:35.253634+00	122	Datos de actividades para: Solicitud: Actualizacion SAP Kernel, | Actualizacin BWP: Actualizacin Kernel | Sistema:38: SAP BW NETWEAVER 7.5 | AMBIENTE: PRD	1	[{"added": {}}]	38	1
255	2021-04-14 19:17:03.191855+00	123	Datos de actividades para: Solicitud: Actualizacion SAP Kernel, | Actualizacin BWP: Subida sistema | Sistema:38: SAP BW NETWEAVER 7.5 | AMBIENTE: PRD	1	[{"added": {}}]	38	1
256	2021-04-14 19:17:27.796605+00	124	Datos de actividades para: Solicitud: Actualizacion SAP Kernel, | Actualizacin BWP: Pruebas tcnicas | Sistema:38: SAP BW NETWEAVER 7.5 | AMBIENTE: PRD	1	[{"added": {}}]	38	1
257	2021-04-14 19:18:28.232871+00	125	Datos de actividades para: Solicitud: Actualizacion SAP Kernel, | Actualizacin SAP PRD: Bajada sistema | Sistema:36: SAP ERP 6.0 EHP 8 | AMBIENTE: PRD	1	[{"added": {}}]	38	1
258	2021-04-14 19:18:50.883133+00	126	Datos de actividades para: Solicitud: Actualizacion SAP Kernel, | Actualizacin SAP PRD: Actualizacin Kernel | Sistema:36: SAP ERP 6.0 EHP 8 | AMBIENTE: PRD	1	[{"added": {}}]	38	1
259	2021-04-14 19:19:07.599475+00	127	Datos de actividades para: Solicitud: Actualizacion SAP Kernel, | Actualizacin SAP PRD: Subida sistema | Sistema:36: SAP ERP 6.0 EHP 8 | AMBIENTE: PRD	1	[{"added": {}}]	38	1
260	2021-04-14 19:19:25.118631+00	128	Datos de actividades para: Solicitud: Actualizacion SAP Kernel, | Actualizacin SAP PRD: Pruebas tecnicas | Sistema:36: SAP ERP 6.0 EHP 8 | AMBIENTE: PRD	1	[{"added": {}}]	38	1
261	2021-04-14 19:31:13.88021+00	38	Solicitud: Parchado Base de datos	1	[{"added": {}}]	17	1
262	2021-04-14 19:32:05.752136+00	5	Datos para: Solicitud: Parchado Base de datos	1	[{"added": {}}]	37	1
263	2021-04-14 19:32:59.280113+00	5	Severity para: Solicitud: Parchado Base de datos	1	[{"added": {}}]	36	1
264	2021-04-14 19:33:20.142685+00	8	Datos tarea para: Solicitud: Parchado Base de datos	1	[{"added": {}}]	35	1
265	2021-04-14 19:33:51.879268+00	129	Datos de actividades para: Solicitud: Parchado Base de datos, | Pre-requisitos: Descarga de medios | None	1	[{"added": {}}]	38	1
266	2021-04-14 19:34:11.821871+00	130	Datos de actividades para: Solicitud: Parchado Base de datos, | Pre-requisitos: Backup FULL | None	1	[{"added": {}}]	38	1
267	2021-04-14 19:34:48.628248+00	131	Datos de actividades para: Solicitud: Parchado Base de datos, | Parchado DB DEV: Bajada de sistema | Sistema:34: SAP ERP 6.0 EHP 8 | AMBIENTE: DEV	1	[{"added": {}}]	38	1
268	2021-04-14 19:39:16.771201+00	132	Datos de actividades para: Solicitud: Parchado Base de datos, | Parchado DB DEV: Parchado | Sistema:34: SAP ERP 6.0 EHP 8 | AMBIENTE: DEV	1	[{"added": {}}]	38	1
269	2021-04-14 19:39:34.872724+00	133	Datos de actividades para: Solicitud: Actualizacion OS, | Parchado DB DEV:  Subida sistema | Sistema:34: SAP ERP 6.0 EHP 8 | AMBIENTE: DEV	1	[{"added": {}}]	38	1
270	2021-04-14 19:39:58.981435+00	134	Datos de actividades para: Solicitud: Parchado Base de datos, | Parchado DB DEV: Pruebas tcnicas | Sistema:34: SAP ERP 6.0 EHP 8 | AMBIENTE: DEV	1	[{"added": {}}]	38	1
271	2021-04-14 19:40:18.533115+00	133	Datos de actividades para: Solicitud: Parchado Base de datos, | Parchado DB DEV:  Subida sistema | Sistema:34: SAP ERP 6.0 EHP 8 | AMBIENTE: DEV	2	[{"changed": {"fields": ["Est request FK"]}}]	38	1
273	2021-04-14 19:41:37.173925+00	136	Datos de actividades para: Solicitud: Parchado Base de datos, | Parchado DB BWD: Parchado | Sistema:37: SAP BW NETWEAVER 7.5 | AMBIENTE: DEV	1	[{"added": {}}]	38	1
274	2021-04-14 19:41:52.67219+00	137	Datos de actividades para: Solicitud: Parchado Base de datos, | Parchado DB BWD: Subida sistema | Sistema:37: SAP BW NETWEAVER 7.5 | AMBIENTE: DEV	1	[{"added": {}}]	38	1
275	2021-04-14 19:42:12.465293+00	138	Datos de actividades para: Solicitud: Parchado Base de datos, | Parchado DB BWD: Subida sistema | Sistema:37: SAP BW NETWEAVER 7.5 | AMBIENTE: DEV	1	[{"added": {}}]	38	1
276	2021-04-14 19:42:34.232583+00	139	Datos de actividades para: Solicitud: Parchado Base de datos, | Parchado DB BWD: Pruebas tecnicas | Sistema:37: SAP BW NETWEAVER 7.5 | AMBIENTE: DEV	1	[{"added": {}}]	38	1
277	2021-04-14 20:15:36.349177+00	140	Datos de actividades para: Solicitud: Parchado Base de datos, | Parchado DB ERP QAS: Bajada de sistema | Sistema:35: SAPR ERP 6.0 EHP 8 | AMBIENTE: QAS	1	[{"added": {}}]	38	1
278	2021-04-14 20:15:57.416736+00	141	Datos de actividades para: Solicitud: Parchado Base de datos, | Parchado DB ERP QAS: Parchado | Sistema:35: SAPR ERP 6.0 EHP 8 | AMBIENTE: QAS	1	[{"added": {}}]	38	1
279	2021-04-14 20:16:22.304591+00	142	Datos de actividades para: Solicitud: Parchado Base de datos, | Parchado DB ERP QAS: Subida de sistema | Sistema:35: SAPR ERP 6.0 EHP 8 | AMBIENTE: QAS	1	[{"added": {}}]	38	1
280	2021-04-14 20:16:40.474613+00	143	Datos de actividades para: Solicitud: Parchado Base de datos, | Parchado DB ERP QAS: Pruebas tcnicas | Sistema:35: SAPR ERP 6.0 EHP 8 | AMBIENTE: QAS	1	[{"added": {}}]	38	1
281	2021-04-14 20:17:09.850024+00	144	Datos de actividades para: Solicitud: Parchado Base de datos, | Parchado DB SMA: Bajada de sistema | Sistema:2: Solman 7.2 | AMBIENTE: PRD	1	[{"added": {}}]	38	1
282	2021-04-14 20:17:30.853684+00	145	Datos de actividades para: Solicitud: Parchado Base de datos, | Parchado DB SMA: Parchado | Sistema:2: Solman 7.2 | AMBIENTE: PRD	1	[{"added": {}}]	38	1
283	2021-04-14 20:17:44.886263+00	146	Datos de actividades para: Solicitud: Parchado Base de datos, | Parchado DB SMA: Subida de sistema | Sistema:2: Solman 7.2 | AMBIENTE: PRD	1	[{"added": {}}]	38	1
284	2021-04-14 20:17:59.102909+00	147	Datos de actividades para: Solicitud: Parchado Base de datos, | Parchado DB SMA: Pruebas tecnicas | Sistema:2: Solman 7.2 | AMBIENTE: PRD	1	[{"added": {}}]	38	1
285	2021-04-14 20:18:23.257232+00	148	Datos de actividades para: Solicitud: Parchado Base de datos, | Parchado DB BWP: Bajada de sistema | Sistema:38: SAP BW NETWEAVER 7.5 | AMBIENTE: PRD	1	[{"added": {}}]	38	1
286	2021-04-14 20:18:37.291507+00	149	Datos de actividades para: Solicitud: Parchado Base de datos, | Parchado DB BWP: Parchado | Sistema:38: SAP BW NETWEAVER 7.5 | AMBIENTE: PRD	1	[{"added": {}}]	38	1
287	2021-04-14 20:18:51.165996+00	150	Datos de actividades para: Solicitud: Parchado Base de datos, | Parchado DB BWP: Subida de sistema | Sistema:38: SAP BW NETWEAVER 7.5 | AMBIENTE: PRD	1	[{"added": {}}]	38	1
288	2021-04-14 20:19:11.305801+00	151	Datos de actividades para: Solicitud: Parchado Base de datos, | Parchado DB BWP: Pruebas tecnicas | Sistema:38: SAP BW NETWEAVER 7.5 | AMBIENTE: PRD	1	[{"added": {}}]	38	1
289	2021-04-14 20:19:32.772271+00	152	Datos de actividades para: Solicitud: Parchado Base de datos, | Parchado DB SAP PRD: Bajada de sistema | Sistema:36: SAP ERP 6.0 EHP 8 | AMBIENTE: PRD	1	[{"added": {}}]	38	1
290	2021-04-14 20:19:56.666971+00	153	Datos de actividades para: Solicitud: Parchado Base de datos, | Parchado DB PRD: Parchado | Sistema:36: SAP ERP 6.0 EHP 8 | AMBIENTE: PRD	1	[{"added": {}}]	38	1
291	2021-04-14 20:20:12.565425+00	154	Datos de actividades para: Solicitud: Parchado Base de datos, | Parchado DB PRD: Subida de sistema | Sistema:36: SAP ERP 6.0 EHP 8 | AMBIENTE: PRD	1	[{"added": {}}]	38	1
292	2021-04-14 20:20:27.437724+00	155	Datos de actividades para: Solicitud: Parchado Base de datos, | Parchado DB PRD: Pruebas tcnicas | Sistema:36: SAP ERP 6.0 EHP 8 | AMBIENTE: PRD	1	[{"added": {}}]	38	1
293	2021-04-14 20:25:26.254013+00	46	Sistema:46: SQL MII QAS | AMBIENTE: QAS	1	[{"added": {}}]	9	1
294	2021-04-14 20:25:43.720256+00	47	Sistema:47: SQL MII PRD | AMBIENTE: PRD	1	[{"added": {}}]	9	1
295	2021-04-14 20:26:14.756677+00	48	Sistema:48: SQL MII PRD SAP | AMBIENTE: PRD	1	[{"added": {}}]	9	1
296	2021-04-14 20:26:39.495067+00	49	Sistema:49: SAP Solution Manager 7.2 SP9 | AMBIENTE: PRD	1	[{"added": {}}]	9	1
297	2021-04-14 20:27:43.605213+00	50	Sistema:50: MII QAS Netweaver 7.31 SP11 | AMBIENTE: QAS	1	[{"added": {}}]	9	1
298	2021-04-14 20:27:57.103179+00	51	Sistema:51: MII PRD Netweaver 7.31 SP11 | AMBIENTE: PRD	1	[{"added": {}}]	9	1
299	2021-04-14 20:29:19.464122+00	42	Cargo 42: Encargado Infraestructura - Telecomunicaciones y Soporte TI	1	[{"added": {}}]	11	1
300	2021-04-14 20:29:49.41072+00	43	 Victorino Rodriguez	1	[{"added": {}}]	13	1
301	2021-04-14 20:29:52.700046+00	36	EDELPA	1	[{"added": {}}]	8	1
302	2021-04-14 20:30:07.304617+00	43	 Victorino Rodriguez	2	[{"changed": {"fields": ["Cliente"]}}]	13	1
303	2021-04-14 20:30:42.939044+00	44	 Patricio Flores	1	[{"added": {}}]	13	1
304	2021-04-14 20:30:47.15077+00	36	EDELPA	2	[{"changed": {"fields": ["Equipo tecnico clientes"]}}]	8	1
305	2021-04-14 20:31:44.801932+00	2	Datos de actividades para: Solicitud: Actualizacin ST-PI y ST-A/PI, | Actualizacin DEV: Actualizacin ST-PI | Sistema:34: SAP ERP 6.0 EHP 8 | AMBIENTE: DEV	2	[{"changed": {"fields": ["Est descripcion actividad"]}}]	38	1
306	2021-04-14 20:35:45.583427+00	156	Datos de actividades para: Solicitud: Actualizacin ST-PI y ST-A/PI, | Actualizacin MII QAS: Actualizacin ST-PI | Sistema:50: MII QAS Netweaver 7.31 SP11 | AMBIENTE: QAS	1	[{"added": {}}]	38	1
307	2021-04-14 20:36:03.623112+00	157	Datos de actividades para: Solicitud: Actualizacin ST-PI y ST-A/PI, | Actualizacin MII QAS: Actualizacin ST-A/PI | Sistema:50: MII QAS Netweaver 7.31 SP11 | AMBIENTE: QAS	1	[{"added": {}}]	38	1
308	2021-04-14 20:36:48.082679+00	158	Datos de actividades para: Solicitud: Actualizacin ST-PI y ST-A/PI, | Actualizacin SQL MII QAS: Actualizacin ST-PI | Sistema:46: SQL MII QAS | AMBIENTE: QAS	1	[{"added": {}}]	38	1
309	2021-04-14 20:37:08.926431+00	159	Datos de actividades para: Solicitud: Actualizacin ST-PI y ST-A/PI, | Actualizacin SQL MII QAS: Actualizacin ST-A/PI | Sistema:46: SQL MII QAS | AMBIENTE: QAS	1	[{"added": {}}]	38	1
310	2021-04-14 20:38:09.938977+00	160	Datos de actividades para: Solicitud: Actualizacin ST-PI y ST-A/PI, | Actualizacin MII PRD: Actualizacin ST-PI | Sistema:51: MII PRD Netweaver 7.31 SP11 | AMBIENTE: PRD	1	[{"added": {}}]	38	1
311	2021-04-14 20:38:55.479195+00	161	Datos de actividades para: Solicitud: Actualizacin ST-PI y ST-A/PI, | Actualizacin MII PRD: Actualizacin ST-A/PI | Sistema:51: MII PRD Netweaver 7.31 SP11 | AMBIENTE: PRD	1	[{"added": {}}]	38	1
312	2021-04-14 20:39:49.750363+00	162	Datos de actividades para: Solicitud: Actualizacin ST-PI y ST-A/PI, | Actualizacin SQL MII PRD: Actualizacin ST-PI | Sistema:47: SQL MII PRD | AMBIENTE: PRD	1	[{"added": {}}]	38	1
705	2021-04-28 13:09:43.533206+00	77	Sistema:77: SAP SDI - WDP | AMBIENTE: PRD	1	[{"added": {}}]	9	1
313	2021-04-14 20:40:54.102838+00	163	Datos de actividades para: Solicitud: Actualizacin ST-PI y ST-A/PI, | Actualizacin EDELPA-SQL2 MII PRD: Actualizacin ST-A/PI | Sistema:47: SQL MII PRD | AMBIENTE: PRD	1	[{"added": {}}]	38	1
314	2021-04-14 20:41:24.834481+00	162	Datos de actividades para: Solicitud: Actualizacin ST-PI y ST-A/PI, | Actualizacin EDELPA-SQL2 MII PRD: Actualizacin ST-PI | Sistema:47: SQL MII PRD | AMBIENTE: PRD	2	[{"changed": {"fields": ["Est descripcion actividad"]}}]	38	1
315	2021-04-14 20:42:28.186978+00	164	Datos de actividades para: Solicitud: Actualizacin ST-PI y ST-A/PI, | Actualizacin EDELPA-SAP SQL MII PRD: Actualizacin ST-PI | Sistema:48: SQL MII PRD SAP | AMBIENTE: PRD	1	[{"added": {}}]	38	1
316	2021-04-14 20:42:53.064256+00	165	Datos de actividades para: Solicitud: Actualizacin ST-PI y ST-A/PI, | Actualizacin EDELPA-SAP SQL MII PRD: Actualizacin ST-A/PI | Sistema:48: SQL MII PRD SAP | AMBIENTE: PRD	1	[{"added": {}}]	38	1
317	2021-04-14 20:44:34.206564+00	166	Datos de actividades para: Solicitud: Actualizacin ST-PI y ST-A/PI, | Actualizacin SMP / SMJ: Actualizacin ST-PI | Sistema:49: SAP Solution Manager 7.2 SP9 | AMBIENTE: PRD	1	[{"added": {}}]	38	1
318	2021-04-14 20:44:49.043482+00	167	Datos de actividades para: Solicitud: Actualizacin ST-PI y ST-A/PI, | Actualizacin SMP / SMJ: Actualizacin ST-PI | Sistema:49: SAP Solution Manager 7.2 SP9 | AMBIENTE: PRD	1	[{"added": {}}]	38	1
319	2021-04-14 20:47:28.167587+00	52	Datos de actividades para: Solicitud: Actualizacin ST-PI y ST-A/PI, | Actualizacin SAP PRD: Actualizacin ST-PI | Sistema:42: EHP5 SAP ERP 6.0 | AMBIENTE: PRD	2	[{"changed": {"fields": ["Est orden"]}}]	38	1
320	2021-04-14 20:47:39.062922+00	53	Datos de actividades para: Solicitud: Actualizacin ST-PI y ST-A/PI, | Actualizacin SAP ERP: Actualizacin ST-A/PI | Sistema:42: EHP5 SAP ERP 6.0 | AMBIENTE: PRD	2	[{"changed": {"fields": ["Est orden"]}}]	38	1
321	2021-04-14 20:47:55.313313+00	58	Datos de actividades para: Solicitud: Actualizacin ST-PI y ST-A/PI, | Actualizacin SAPROUTER: Actualizacin ST-PI | Sistema:45: SAP ROUTER 7.21 | AMBIENTE: PRD	2	[{"changed": {"fields": ["Est orden"]}}]	38	1
322	2021-04-14 20:47:58.966757+00	59	Datos de actividades para: Solicitud: Actualizacin ST-PI y ST-A/PI, | Actualizacin SAPROUTER: Actualizacin ST-A/PI | Sistema:45: SAP ROUTER 7.21 | AMBIENTE: PRD	2	[{"changed": {"fields": ["Est orden"]}}]	38	1
323	2021-04-14 20:48:49.061414+00	2	Datos de actividades para: Solicitud: Actualizacin ST-PI y ST-A/PI, | Actualizacin DEV: Actualizacin ST-PI | Sistema:34: SAP ERP 6.0 EHP 8 | AMBIENTE: DEV	2	[{"changed": {"fields": ["Est orden"]}}]	38	1
324	2021-04-14 20:48:53.3307+00	3	Datos de actividades para: Solicitud: Actualizacin ST-PI y ST-A/PI, | Actualizacin DEV: Actualizacion ST-A/PI | Sistema:34: SAP ERP 6.0 EHP 8 | AMBIENTE: DEV	2	[{"changed": {"fields": ["Est orden"]}}]	38	1
325	2021-04-14 20:49:18.300314+00	8	Datos de actividades para: Solicitud: Actualizacin ST-PI y ST-A/PI, | Actualizacin BWD: Actualizacin ST-PI | Sistema:37: SAP BW NETWEAVER 7.5 | AMBIENTE: DEV	2	[{"changed": {"fields": ["Est orden"]}}]	38	1
326	2021-04-14 20:49:21.605446+00	9	Datos de actividades para: Solicitud: Actualizacin ST-PI y ST-A/PI, | Actualizacin BWD: Actualizacion ST-A/PI | Sistema:37: SAP BW NETWEAVER 7.5 | AMBIENTE: DEV	2	[{"changed": {"fields": ["Est orden"]}}]	38	1
327	2021-04-14 20:49:27.16325+00	12	Datos de actividades para: Solicitud: Actualizacin ST-PI y ST-A/PI, | Actualizacin SMA: Actualizacin ST-A/PI | Sistema:39: SAP SOLMAN 7.2 | AMBIENTE: DEV	2	[{"changed": {"fields": ["Est orden"]}}]	38	1
328	2021-04-14 20:49:46.530673+00	5	Datos de actividades para: Solicitud: Actualizacin ST-PI y ST-A/PI, | Actualizacin QAS: Actualizacin ST-A/PI | Sistema:35: SAPR ERP 6.0 EHP 8 | AMBIENTE: QAS	2	[{"changed": {"fields": ["Est orden"]}}]	38	1
329	2021-04-14 20:49:49.695555+00	4	Datos de actividades para: Solicitud: Actualizacin ST-PI y ST-A/PI, | Actualizacin QAS: Actualizacin ST-PI | Sistema:35: SAPR ERP 6.0 EHP 8 | AMBIENTE: QAS	2	[{"changed": {"fields": ["Est orden"]}}]	38	1
330	2021-04-14 20:50:15.800836+00	6	Datos de actividades para: Solicitud: Actualizacin ST-PI y ST-A/PI, | Actualizacin PRD: Actualizacin ST-PI | Sistema:36: SAP ERP 6.0 EHP 8 | AMBIENTE: PRD	2	[{"changed": {"fields": ["Est orden"]}}]	38	1
331	2021-04-14 20:50:18.936277+00	7	Datos de actividades para: Solicitud: Actualizacin ST-PI y ST-A/PI, | Actualizacin PRD: Actualizacin ST-A/PI | Sistema:36: SAP ERP 6.0 EHP 8 | AMBIENTE: PRD	2	[{"changed": {"fields": ["Est orden"]}}]	38	1
332	2021-04-14 20:50:22.476024+00	10	Datos de actividades para: Solicitud: Actualizacin ST-PI y ST-A/PI, | Actualizacin BWP: Actualizacin ST-PI | Sistema:38: SAP BW NETWEAVER 7.5 | AMBIENTE: PRD	2	[{"changed": {"fields": ["Est orden"]}}]	38	1
333	2021-04-14 20:50:26.217085+00	11	Datos de actividades para: Solicitud: Actualizacin ST-PI y ST-A/PI, | Actualizacin BWP: Actualizacin ST-A/PI | Sistema:38: SAP BW NETWEAVER 7.5 | AMBIENTE: PRD	2	[{"changed": {"fields": ["Est orden"]}}]	38	1
334	2021-04-14 20:53:39.261297+00	7	Datos de actividades para: Solicitud: Actualizacin ST-PI y ST-A/PI, | Actualizacin PRD: Actualizacin ST-A/PI | Sistema:36: SAP ERP 6.0 EHP 8 | AMBIENTE: PRD	2	[{"changed": {"fields": ["Est orden"]}}]	38	1
335	2021-04-14 20:53:42.654451+00	6	Datos de actividades para: Solicitud: Actualizacin ST-PI y ST-A/PI, | Actualizacin PRD: Actualizacin ST-PI | Sistema:36: SAP ERP 6.0 EHP 8 | AMBIENTE: PRD	2	[{"changed": {"fields": ["Est orden"]}}]	38	1
336	2021-04-14 20:53:57.241964+00	54	Datos de actividades para: Solicitud: Actualizacin ST-PI y ST-A/PI, | Actualizacin SAP SOLMAN: Actualizacin ST-PI | Sistema:43: Solution Manager 7.1 SP13 | AMBIENTE: PRD	2	[{"changed": {"fields": ["Est orden"]}}]	38	1
337	2021-04-14 20:54:00.768808+00	55	Datos de actividades para: Solicitud: Actualizacin ST-PI y ST-A/PI, | Actualizacin SAP SOLMAN: Actualizacin ST-A/PI | Sistema:43: Solution Manager 7.1 SP13 | AMBIENTE: PRD	2	[{"changed": {"fields": ["Est orden"]}}]	38	1
338	2021-04-14 20:54:25.605652+00	10	Datos de actividades para: Solicitud: Actualizacin ST-PI y ST-A/PI, | Actualizacin BWP: Actualizacin ST-PI | Sistema:38: SAP BW NETWEAVER 7.5 | AMBIENTE: PRD	2	[{"changed": {"fields": ["Est orden"]}}]	38	1
339	2021-04-14 20:54:29.282776+00	11	Datos de actividades para: Solicitud: Actualizacin ST-PI y ST-A/PI, | Actualizacin BWP: Actualizacin ST-A/PI | Sistema:38: SAP BW NETWEAVER 7.5 | AMBIENTE: PRD	2	[{"changed": {"fields": ["Est orden"]}}]	38	1
340	2021-04-14 20:56:51.561573+00	47	Datos de actividades para: Solicitud: Actualizacin ST-PI y ST-A/PI, | Actualizacin DEV: Actualizacin ST-PI | Sistema:40: EHP5 SAP ERP 6.0 | AMBIENTE: DEV	2	[{"changed": {"fields": ["Est orden"]}}]	38	1
341	2021-04-14 20:56:54.63188+00	48	Datos de actividades para: Solicitud: Actualizacin ST-PI y ST-A/PI, | Actualizacin DEV: Actualizacin ST-A/PI | Sistema:40: EHP5 SAP ERP 6.0 | AMBIENTE: DEV	2	[{"changed": {"fields": ["Est orden"]}}]	38	1
342	2021-04-14 20:57:17.196704+00	49	Datos de actividades para: Solicitud: Actualizacin ST-PI y ST-A/PI, | Actualizacin QAS: Actualizacin ST-PI | Sistema:41: EHP5 SAP ERP 6.0 | AMBIENTE: QAS	2	[{"changed": {"fields": ["Est orden"]}}]	38	1
343	2021-04-14 20:57:20.366649+00	51	Datos de actividades para: Solicitud: Actualizacin ST-PI y ST-A/PI, | Actualizacin QAS: Actualizacin ST-A/PI | Sistema:41: EHP5 SAP ERP 6.0 | AMBIENTE: QAS	2	[{"changed": {"fields": ["Est orden"]}}]	38	1
344	2021-04-14 20:57:55.739667+00	54	Datos de actividades para: Solicitud: Actualizacin ST-PI y ST-A/PI, | Actualizacin SAP SOLMAN: Actualizacin ST-PI | Sistema:43: Solution Manager 7.1 SP13 | AMBIENTE: PRD	2	[{"changed": {"fields": ["Est orden"]}}]	38	1
345	2021-04-14 20:58:02.153982+00	55	Datos de actividades para: Solicitud: Actualizacin ST-PI y ST-A/PI, | Actualizacin SAP SOLMAN: Actualizacin ST-A/PI | Sistema:43: Solution Manager 7.1 SP13 | AMBIENTE: PRD	2	[]	38	1
346	2021-04-14 20:58:08.418618+00	54	Datos de actividades para: Solicitud: Actualizacin ST-PI y ST-A/PI, | Actualizacin SAP SOLMAN: Actualizacin ST-PI | Sistema:43: Solution Manager 7.1 SP13 | AMBIENTE: PRD	2	[{"changed": {"fields": ["Est orden"]}}]	38	1
347	2021-04-14 20:58:31.136672+00	59	Datos de actividades para: Solicitud: Actualizacin ST-PI y ST-A/PI, | Actualizacin SAPROUTER: Actualizacin ST-A/PI | Sistema:45: SAP ROUTER 7.21 | AMBIENTE: PRD	2	[{"changed": {"fields": ["Est orden"]}}]	38	1
348	2021-04-14 20:58:34.371273+00	58	Datos de actividades para: Solicitud: Actualizacin ST-PI y ST-A/PI, | Actualizacin SAPROUTER: Actualizacin ST-PI | Sistema:45: SAP ROUTER 7.21 | AMBIENTE: PRD	2	[{"changed": {"fields": ["Est orden"]}}]	38	1
349	2021-04-14 20:58:47.847882+00	56	Datos de actividades para: Solicitud: Actualizacin ST-PI y ST-A/PI, | Actualizacin WebDispatcher: Actualizacin ST-PI | Sistema:44: WebDispacher 7.49 | AMBIENTE: PRD	2	[{"changed": {"fields": ["Est orden"]}}]	38	1
350	2021-04-14 20:58:51.067706+00	57	Datos de actividades para: Solicitud: Actualizacin ST-PI y ST-A/PI, | Actualizacin WebDispatcher: Actualizacin ST-A/PI | Sistema:44: WebDispacher 7.49 | AMBIENTE: PRD	2	[{"changed": {"fields": ["Est orden"]}}]	38	1
351	2021-04-14 20:58:57.296264+00	52	Datos de actividades para: Solicitud: Actualizacin ST-PI y ST-A/PI, | Actualizacin SAP PRD: Actualizacin ST-PI | Sistema:42: EHP5 SAP ERP 6.0 | AMBIENTE: PRD	2	[{"changed": {"fields": ["Est orden"]}}]	38	1
352	2021-04-14 20:59:02.460079+00	53	Datos de actividades para: Solicitud: Actualizacin ST-PI y ST-A/PI, | Actualizacin SAP ERP: Actualizacin ST-A/PI | Sistema:42: EHP5 SAP ERP 6.0 | AMBIENTE: PRD	2	[{"changed": {"fields": ["Est orden"]}}]	38	1
353	2021-04-14 20:59:55.071281+00	65	Datos de actividades para: Solicitud: Actualizacion OS, | Actualizacin SAP QAS: Actualizacin OS | Sistema:41: EHP5 SAP ERP 6.0 | AMBIENTE: QAS	2	[{"changed": {"fields": ["Est orden"]}}]	38	1
354	2021-04-14 20:59:59.669866+00	66	Datos de actividades para: Solicitud: Actualizacion OS, | Actualizacin SAP QAS: Reinicio Servidor | Sistema:41: EHP5 SAP ERP 6.0 | AMBIENTE: QAS	2	[{"changed": {"fields": ["Est orden"]}}]	38	1
355	2021-04-14 21:00:18.553351+00	67	Datos de actividades para: Solicitud: Actualizacion OS, | Actualizacin SAP QAS: Subida sistema | Sistema:41: EHP5 SAP ERP 6.0 | AMBIENTE: QAS	2	[{"changed": {"fields": ["Est orden"]}}]	38	1
356	2021-04-14 21:06:13.954896+00	168	Datos de actividades para: Solicitud: Actualizacion OS, | Actualizacin MII QAS: Bajada de sistema | Sistema:50: MII QAS Netweaver 7.31 SP11 | AMBIENTE: QAS	1	[{"added": {}}]	38	1
357	2021-04-14 21:06:48.715731+00	169	Datos de actividades para: Solicitud: Actualizacion OS, | Actualizacin MII QAS: Actualizacin OS | Sistema:50: MII QAS Netweaver 7.31 SP11 | AMBIENTE: QAS	1	[{"added": {}}]	38	1
358	2021-04-14 21:07:13.117536+00	170	Datos de actividades para: Solicitud: Actualizacion OS, | Actualizacin MII QAS: Reinicio Servidor | Sistema:50: MII QAS Netweaver 7.31 SP11 | AMBIENTE: QAS	1	[{"added": {}}]	38	1
359	2021-04-14 21:07:28.387898+00	171	Datos de actividades para: Solicitud: Actualizacion OS, | Actualizacin MII QAS: Subida de sistema | Sistema:50: MII QAS Netweaver 7.31 SP11 | AMBIENTE: QAS	1	[{"added": {}}]	38	1
360	2021-04-14 21:20:44.649201+00	172	Datos de actividades para: Solicitud: Actualizacion OS, | Actualizacin MII PRD: Bajada de sistema | Sistema:51: MII PRD Netweaver 7.31 SP11 | AMBIENTE: PRD	1	[{"added": {}}]	38	1
361	2021-04-14 21:21:06.111087+00	173	Datos de actividades para: Solicitud: Actualizacion OS, | Actualizacin MII PRD: Actualizacin OS | Sistema:51: MII PRD Netweaver 7.31 SP11 | AMBIENTE: PRD	1	[{"added": {}}]	38	1
362	2021-04-14 21:21:41.255217+00	174	Datos de actividades para: Solicitud: Actualizacion OS, | Actualizacin MII PRD: Reinicio servidor | Sistema:51: MII PRD Netweaver 7.31 SP11 | AMBIENTE: PRD	1	[{"added": {}}]	38	1
363	2021-04-14 21:21:57.462185+00	175	Datos de actividades para: Solicitud: Actualizacion OS, | Actualizacin MII PRD: Subida de sistema | Sistema:51: MII PRD Netweaver 7.31 SP11 | AMBIENTE: PRD	1	[{"added": {}}]	38	1
364	2021-04-14 21:22:48.276903+00	176	Datos de actividades para: Solicitud: Actualizacion OS, | Actualizacin SQL MII QAS: Bajada de sistema | Sistema:46: SQL MII QAS | AMBIENTE: QAS	1	[{"added": {}}]	38	1
365	2021-04-14 21:23:10.827352+00	177	Datos de actividades para: Solicitud: Actualizacion OS, | Actualizacin SQL MII QAS: Actualizacin OS | Sistema:46: SQL MII QAS | AMBIENTE: QAS	1	[{"added": {}}]	38	1
366	2021-04-14 21:23:26.459741+00	178	Datos de actividades para: Solicitud: Actualizacion OS, | Actualizacin SQL MII QAS: Reinicio SErvidor | Sistema:46: SQL MII QAS | AMBIENTE: QAS	1	[{"added": {}}]	38	1
367	2021-04-14 21:23:40.267904+00	179	Datos de actividades para: Solicitud: Actualizacion OS, | Actualizacin SQL MII QAS: Subida de sistema | Sistema:46: SQL MII QAS | AMBIENTE: QAS	1	[{"added": {}}]	38	1
368	2021-04-14 21:24:27.35118+00	180	Datos de actividades para: Solicitud: Actualizacion OS, | Actualizacin EDELPA-SQL2 MII PRD: Bajada de sistema | Sistema:47: SQL MII PRD | AMBIENTE: PRD	1	[{"added": {}}]	38	1
369	2021-04-14 21:24:46.373151+00	181	Datos de actividades para: Solicitud: Actualizacion OS, | Actualizacin EDELPA-SQL2 MII PRD: Actualizacion OS | Sistema:47: SQL MII PRD | AMBIENTE: PRD	1	[{"added": {}}]	38	1
370	2021-04-14 21:25:08.294637+00	182	Datos de actividades para: Solicitud: Actualizacion OS, | Actualizacin EDELPA-SQL2 MII PRD: Reinicio Servidor | Sistema:47: SQL MII PRD | AMBIENTE: PRD	1	[{"added": {}}]	38	1
371	2021-04-14 21:25:35.552012+00	183	Datos de actividades para: Solicitud: Actualizacion OS, | Actualizacin EDELPA-SQL2 MII PRD: Subida de sistema | Sistema:47: SQL MII PRD | AMBIENTE: PRD	1	[{"added": {}}]	38	1
372	2021-04-14 21:26:15.673729+00	184	Datos de actividades para: Solicitud: Actualizacion OS, | Actualizacin EDELPA-SAP MII PRD: Bajada de sistema | Sistema:48: SQL MII PRD SAP | AMBIENTE: PRD	1	[{"added": {}}]	38	1
373	2021-04-14 21:26:37.023864+00	185	Datos de actividades para: Solicitud: Actualizacion OS, | Actualizacin EDELPA-SAP MII PRD: Actualizacio OS | Sistema:48: SQL MII PRD SAP | AMBIENTE: PRD	1	[{"added": {}}]	38	1
374	2021-04-14 21:26:42.818082+00	186	Datos de actividades para: Solicitud: Actualizacion OS, | Actualizacin EDELPA-SAP MII PRD: Actualizacin OS | Sistema:48: SQL MII PRD SAP | AMBIENTE: PRD	1	[{"added": {}}]	38	1
375	2021-04-14 21:27:01.273188+00	187	Datos de actividades para: Solicitud: Actualizacion OS, | Actualizacin EDELPA-SAP MII PRD: Reinicio Servidor | Sistema:48: SQL MII PRD SAP | AMBIENTE: PRD	1	[{"added": {}}]	38	1
376	2021-04-14 21:27:18.343974+00	188	Datos de actividades para: Solicitud: Actualizacion OS, | Actualizacin EDELPA-SAP MII PRD: Subida de sistema | Sistema:48: SQL MII PRD SAP | AMBIENTE: PRD	1	[{"added": {}}]	38	1
377	2021-04-14 21:28:03.773514+00	189	Datos de actividades para: Solicitud: Actualizacion OS, | Actualizacin SMP / SMJ: Bajada de sistema | Sistema:49: SAP Solution Manager 7.2 SP9 | AMBIENTE: PRD	1	[{"added": {}}]	38	1
378	2021-04-14 21:28:23.689156+00	190	Datos de actividades para: Solicitud: Actualizacion OS, | Actualizacin SMP / SMJ: Actualizacin OS | Sistema:49: SAP Solution Manager 7.2 SP9 | AMBIENTE: PRD	1	[{"added": {}}]	38	1
379	2021-04-14 21:28:40.152476+00	191	Datos de actividades para: Solicitud: Actualizacion OS, | Actualizacin SMP / SMJ: Reinicio SErvidor | Sistema:49: SAP Solution Manager 7.2 SP9 | AMBIENTE: PRD	1	[{"added": {}}]	38	1
380	2021-04-14 21:29:03.968171+00	192	Datos de actividades para: Solicitud: Actualizacion OS, | Actualizacin SMP / SMJ: Subida de sistema | Sistema:49: SAP Solution Manager 7.2 SP9 | AMBIENTE: PRD	1	[{"added": {}}]	38	1
381	2021-04-14 21:33:46.429978+00	193	Datos de actividades para: Solicitud: Actualizacion SAP Kernel, | Actualizacin MII QAS: Bajada de sistema | Sistema:50: MII QAS Netweaver 7.31 SP11 | AMBIENTE: QAS	1	[{"added": {}}]	38	1
382	2021-04-14 21:34:30.001913+00	194	Datos de actividades para: Solicitud: Actualizacion SAP Kernel, | Actualizacin MII QAS: Actualizacin Kernel SAP | Sistema:50: MII QAS Netweaver 7.31 SP11 | AMBIENTE: QAS	1	[{"added": {}}]	38	1
383	2021-04-14 21:34:50.582765+00	195	Datos de actividades para: Solicitud: Actualizacion SAP Kernel, | Actualizacin MII QAS: Subida de sistema | Sistema:50: MII QAS Netweaver 7.31 SP11 | AMBIENTE: QAS	1	[{"added": {}}]	38	1
384	2021-04-14 21:35:12.013468+00	196	Datos de actividades para: Solicitud: Actualizacion SAP Kernel, | Actualizacin MII QAS: Pruebas tcnicas | Sistema:50: MII QAS Netweaver 7.31 SP11 | AMBIENTE: QAS	1	[{"added": {}}]	38	1
385	2021-04-14 21:35:50.761723+00	197	Datos de actividades para: Solicitud: Actualizacion SAP Kernel, | Actualizacin SQL MII QAS: Bajada de sistema | Sistema:46: SQL MII QAS | AMBIENTE: QAS	1	[{"added": {}}]	38	1
386	2021-04-14 21:37:17.899816+00	198	Datos de actividades para: Solicitud: Actualizacion SAP Kernel, | Actualizacin SQL MII QAS: Actualizacin Kernel SAP | Sistema:46: SQL MII QAS | AMBIENTE: QAS	1	[{"added": {}}]	38	1
387	2021-04-14 21:37:32.375544+00	199	Datos de actividades para: Solicitud: Actualizacion SAP Kernel, | Actualizacin SQL MII QAS: Subida de sistema | Sistema:46: SQL MII QAS | AMBIENTE: QAS	1	[{"added": {}}]	38	1
388	2021-04-14 21:37:52.506149+00	200	Datos de actividades para: Solicitud: Actualizacion SAP Kernel, | Actualizacin SQL MII QAS: Pruebas tcnicas | Sistema:46: SQL MII QAS | AMBIENTE: QAS	1	[{"added": {}}]	38	1
389	2021-04-14 21:38:30.087349+00	201	Datos de actividades para: Solicitud: Actualizacion SAP Kernel, | Actualizacin MII PRD: Bajada de sistema | Sistema:51: MII PRD Netweaver 7.31 SP11 | AMBIENTE: PRD	1	[{"added": {}}]	38	1
390	2021-04-14 21:39:04.262972+00	202	Datos de actividades para: Solicitud: Actualizacion SAP Kernel, | Actualizacin MII PRD: Actualizacin Kernel SAP | Sistema:51: MII PRD Netweaver 7.31 SP11 | AMBIENTE: PRD	1	[{"added": {}}]	38	1
391	2021-04-14 21:39:21.136364+00	203	Datos de actividades para: Solicitud: Actualizacion SAP Kernel, | Actualizacin MII PRD: Subida de sistema | Sistema:51: MII PRD Netweaver 7.31 SP11 | AMBIENTE: PRD	1	[{"added": {}}]	38	1
392	2021-04-14 21:39:41.321053+00	204	Datos de actividades para: Solicitud: Actualizacion SAP Kernel, | Actualizacin MII PRD: Pruebas tcnicas | Sistema:51: MII PRD Netweaver 7.31 SP11 | AMBIENTE: PRD	1	[{"added": {}}]	38	1
393	2021-04-14 21:40:30.973589+00	205	Datos de actividades para: Solicitud: Actualizacion SAP Kernel, | Actualizacin EDELPA-SQL2 MII PRD: Bajada de sistema | Sistema:47: SQL MII PRD | AMBIENTE: PRD	1	[{"added": {}}]	38	1
394	2021-04-14 21:40:49.400759+00	206	Datos de actividades para: Solicitud: Actualizacion SAP Kernel, | Actualizacin EDELPA-SQL2 MII PRD: Actualizacin Kernel SAP | Sistema:47: SQL MII PRD | AMBIENTE: PRD	1	[{"added": {}}]	38	1
395	2021-04-14 21:41:03.471146+00	207	Datos de actividades para: Solicitud: Actualizacion SAP Kernel, | Actualizacin EDELPA-SQL2 MII PRD: Subida de sistema | Sistema:47: SQL MII PRD | AMBIENTE: PRD	1	[{"added": {}}]	38	1
396	2021-04-14 21:41:18.689887+00	208	Datos de actividades para: Solicitud: Actualizacion SAP Kernel, | Actualizacin EDELPA-SQL2 MII PRD: Pruebas tcnicas | Sistema:47: SQL MII PRD | AMBIENTE: PRD	1	[{"added": {}}]	38	1
397	2021-04-14 21:41:52.62298+00	209	Datos de actividades para: Solicitud: Actualizacion SAP Kernel, | Actualizacin EDELPA-SAP SQL MII PRD: Bajada de sistema | Sistema:48: SQL MII PRD SAP | AMBIENTE: PRD	1	[{"added": {}}]	38	1
398	2021-04-14 21:42:16.590293+00	210	Datos de actividades para: Solicitud: Actualizacion SAP Kernel, | Actualizacin EDELPA-SAP SQL MII PRD: Actualizacion Kernel SAP | Sistema:48: SQL MII PRD SAP | AMBIENTE: PRD	1	[{"added": {}}]	38	1
399	2021-04-14 21:42:34.636973+00	211	Datos de actividades para: Solicitud: Actualizacion SAP Kernel, | Actualizacin EDELPA-SAP SQL MII PRD: Subida de sistema | Sistema:48: SQL MII PRD SAP | AMBIENTE: PRD	1	[{"added": {}}]	38	1
400	2021-04-14 21:42:54.827278+00	212	Datos de actividades para: Solicitud: Actualizacion SAP Kernel, | Actualizacin EDELPA-SAP SQL MII PRD: Pruebas tecnicas | Sistema:48: SQL MII PRD SAP | AMBIENTE: PRD	1	[{"added": {}}]	38	1
401	2021-04-14 21:43:26.598436+00	213	Datos de actividades para: Solicitud: Actualizacion SAP Kernel, | Actualizacin SMP / SMJ: Bajada de sistema | Sistema:49: SAP Solution Manager 7.2 SP9 | AMBIENTE: PRD	1	[{"added": {}}]	38	1
402	2021-04-14 21:43:46.550707+00	214	Datos de actividades para: Solicitud: Actualizacion SAP Kernel, | Actualizacin SMP / SMJ: Actualizacion Kernel SAP | Sistema:49: SAP Solution Manager 7.2 SP9 | AMBIENTE: PRD	1	[{"added": {}}]	38	1
403	2021-04-14 21:44:04.610259+00	215	Datos de actividades para: Solicitud: Actualizacion SAP Kernel, | Actualizacin SMP / SMJ: Subida de sistema | Sistema:49: SAP Solution Manager 7.2 SP9 | AMBIENTE: PRD	1	[{"added": {}}]	38	1
404	2021-04-14 21:44:23.086521+00	216	Datos de actividades para: Solicitud: Actualizacion SAP Kernel, | Actualizacin SMP / SMJ: Pruebas tcnicas | Sistema:49: SAP Solution Manager 7.2 SP9 | AMBIENTE: PRD	1	[{"added": {}}]	38	1
405	2021-04-14 21:46:56.538059+00	217	Datos de actividades para: Solicitud: Parchado Base de datos, | Parchado MII QAS: Bajada de sistema | Sistema:50: MII QAS Netweaver 7.31 SP11 | AMBIENTE: QAS	1	[{"added": {}}]	38	1
406	2021-04-14 21:47:28.066778+00	217	Datos de actividades para: Solicitud: Parchado Base de datos, | Parchado DB MII QAS: Bajada de sistema | Sistema:50: MII QAS Netweaver 7.31 SP11 | AMBIENTE: QAS	2	[{"changed": {"fields": ["Est descripcion actividad"]}}]	38	1
407	2021-04-14 21:47:46.126893+00	218	Datos de actividades para: Solicitud: Parchado Base de datos, | Parchado DB MII QAS: Parchado | Sistema:50: MII QAS Netweaver 7.31 SP11 | AMBIENTE: QAS	1	[{"added": {}}]	38	1
408	2021-04-14 21:48:09.342461+00	219	Datos de actividades para: Solicitud: Parchado Base de datos, | Parchado DB MII QAS: Subida sistema | Sistema:50: MII QAS Netweaver 7.31 SP11 | AMBIENTE: QAS	1	[{"added": {}}]	38	1
409	2021-04-14 21:48:31.074081+00	220	Datos de actividades para: Solicitud: Parchado Base de datos, | Parchado DB MII QAS: Pruebas tcnicas | Sistema:50: MII QAS Netweaver 7.31 SP11 | AMBIENTE: QAS	1	[{"added": {}}]	38	1
410	2021-04-14 21:48:57.14457+00	221	Datos de actividades para: Solicitud: Parchado Base de datos, | Parchado DB SQL MII QAS: Bajada de sistema | Sistema:46: SQL MII QAS | AMBIENTE: QAS	1	[{"added": {}}]	38	1
411	2021-04-14 21:49:15.918015+00	222	Datos de actividades para: Solicitud: Parchado Base de datos, | Parchado DB SQL MII QAS: Parchado | Sistema:46: SQL MII QAS | AMBIENTE: QAS	1	[{"added": {}}]	38	1
412	2021-04-14 21:49:31.554438+00	223	Datos de actividades para: Solicitud: Parchado Base de datos, | Parchado DB SQL MII QAS: Subida de sistema | Sistema:46: SQL MII QAS | AMBIENTE: QAS	1	[{"added": {}}]	38	1
413	2021-04-14 21:49:51.87624+00	224	Datos de actividades para: Solicitud: Parchado Base de datos, | Parchado DB SQL MII QAS: Pruebas tecnicas | Sistema:46: SQL MII QAS | AMBIENTE: QAS	1	[{"added": {}}]	38	1
414	2021-04-14 21:50:24.341246+00	225	Datos de actividades para: Solicitud: Parchado Base de datos, | Parchado DB MII PRD: Bajada de sistema | Sistema:51: MII PRD Netweaver 7.31 SP11 | AMBIENTE: PRD	1	[{"added": {}}]	38	1
415	2021-04-14 21:52:23.264894+00	226	Datos de actividades para: Solicitud: Parchado Base de datos, | Parchado DB MII PRD: Parchado | Sistema:51: MII PRD Netweaver 7.31 SP11 | AMBIENTE: PRD  || orden: 221	1	[{"added": {}}]	38	1
416	2021-04-14 21:52:40.646325+00	227	Datos de actividades para: Solicitud: Parchado Base de datos, | Parchado DB MII PRD: Subida de sistema | Sistema:51: MII PRD Netweaver 7.31 SP11 | AMBIENTE: PRD  || orden: 222	1	[{"added": {}}]	38	1
417	2021-04-14 21:52:55.430471+00	228	Datos de actividades para: Solicitud: Parchado Base de datos, | Parchado DB MII PRD: Pruebas tecnicas | Sistema:51: MII PRD Netweaver 7.31 SP11 | AMBIENTE: PRD  || orden: 223	1	[{"added": {}}]	38	1
418	2021-04-14 21:53:44.928239+00	229	Datos de actividades para: Solicitud: Parchado Base de datos, | Parchado DB EDELPA-SQL2: Bajada de sistema | Sistema:47: SQL MII PRD | AMBIENTE: PRD  || orden: 230	1	[{"added": {}}]	38	1
419	2021-04-14 21:54:01.493539+00	230	Datos de actividades para: Solicitud: Parchado Base de datos, | Parchado DB EDELPA-SQL2: Parchado | Sistema:47: SQL MII PRD | AMBIENTE: PRD  || orden: 231	1	[{"added": {}}]	38	1
420	2021-04-14 21:54:17.257478+00	231	Datos de actividades para: Solicitud: Parchado Base de datos, | Parchado DB EDELPA-SQL2: Subida de sistema | Sistema:47: SQL MII PRD | AMBIENTE: PRD  || orden: 232	1	[{"added": {}}]	38	1
421	2021-04-14 21:54:31.683789+00	232	Datos de actividades para: Solicitud: Parchado Base de datos, | Parchado DB EDELPA-SQL2: Pruebas tecnicas | Sistema:47: SQL MII PRD | AMBIENTE: PRD  || orden: 233	1	[{"added": {}}]	38	1
422	2021-04-14 22:16:32.25723+00	233	Datos de actividades para: Solicitud: Parchado Base de datos, | Parchado DB SQL MII PRD SAP: Bajada de sistema | Sistema:48: SQL MII PRD SAP | AMBIENTE: PRD  || orden: 240	1	[{"added": {}}]	38	1
423	2021-04-14 22:16:53.18903+00	234	Datos de actividades para: Solicitud: Parchado Base de datos, | Parchado DB SQL MII PRD SAP: Parchado | Sistema:48: SQL MII PRD SAP | AMBIENTE: PRD  || orden: 241	1	[{"added": {}}]	38	1
424	2021-04-14 22:17:11.473769+00	235	Datos de actividades para: Solicitud: Parchado Base de datos, | Parchado DB SQL MII PRD SAP: Subida de sistema | Sistema:48: SQL MII PRD SAP | AMBIENTE: PRD  || orden: 242	1	[{"added": {}}]	38	1
425	2021-04-14 22:17:38.135414+00	236	Datos de actividades para: Solicitud: Parchado Base de datos, | Parchado DB SQL MII PRD SAP: Pruebas tecnicas | Sistema:48: SQL MII PRD SAP | AMBIENTE: PRD  || orden: 243	1	[{"added": {}}]	38	1
426	2021-04-14 22:18:06.853729+00	237	Datos de actividades para: Solicitud: Parchado Base de datos, | Parchado DB SMP / SMJ: Bajada de sistema | Sistema:49: SAP Solution Manager 7.2 SP9 | AMBIENTE: PRD  || orden: 250	1	[{"added": {}}]	38	1
427	2021-04-14 22:18:21.09755+00	238	Datos de actividades para: Solicitud: Parchado Base de datos, | Parchado DB SMP / SMJ: Parchado | Sistema:49: SAP Solution Manager 7.2 SP9 | AMBIENTE: PRD  || orden: 261	1	[{"added": {}}]	38	1
428	2021-04-14 22:18:47.678782+00	239	Datos de actividades para: Solicitud: Parchado Base de datos, | Parchado DB SMP / SMJ: Subida de sistema | Sistema:49: SAP Solution Manager 7.2 SP9 | AMBIENTE: PRD  || orden: 252	1	[{"added": {}}]	38	1
429	2021-04-14 22:18:51.355105+00	238	Datos de actividades para: Solicitud: Parchado Base de datos, | Parchado DB SMP / SMJ: Parchado | Sistema:49: SAP Solution Manager 7.2 SP9 | AMBIENTE: PRD  || orden: 251	2	[{"changed": {"fields": ["Est orden"]}}]	38	1
430	2021-04-14 22:19:04.522931+00	240	Datos de actividades para: Solicitud: Parchado Base de datos, | Parchado DB SMP / SMJ: Pruebas tcnicas | Sistema:49: SAP Solution Manager 7.2 SP9 | AMBIENTE: PRD  || orden: 253	1	[{"added": {}}]	38	1
431	2021-04-14 22:21:50.163454+00	52	Sistema:52: SAP PI Netweaver 7.5 SP15 | AMBIENTE: DEV	1	[{"added": {}}]	9	1
432	2021-04-14 22:22:15.692824+00	53	Sistema:53: SAP PIP Netweaver 7.5 SP15 | AMBIENTE: PRD	1	[{"added": {}}]	9	1
433	2021-04-14 22:22:30.952278+00	37	CHAMPION	1	[{"added": {}}]	8	1
434	2021-04-14 22:23:28.503706+00	43	Cargo 43: Jefe de Finanzas	1	[{"added": {}}]	11	1
435	2021-04-14 22:23:43.413266+00	45	 Francisco Ortiz	1	[{"added": {}}]	13	1
436	2021-04-14 22:24:23.548162+00	44	Cargo 44: Supervisor de redes y Apps n/Sap	1	[{"added": {}}]	11	1
437	2021-04-14 22:24:30.197404+00	46	 Omar Del Rio	1	[{"added": {}}]	13	1
438	2021-04-14 22:24:34.260603+00	37	CHAMPION	2	[{"changed": {"fields": ["Equipo tecnico clientes"]}}]	8	1
439	2021-04-14 22:26:02.270747+00	52	Sistema:52: SAP PID Netweaver 7.5 SP15 | AMBIENTE: DEV	2	[{"changed": {"fields": ["NombreSistema"]}}]	9	1
440	2021-04-14 22:26:14.099671+00	47	Sistema:47: SQL MII PRD SQL | AMBIENTE: PRD	2	[{"changed": {"fields": ["NombreSistema"]}}]	9	1
441	2021-04-14 22:26:36.860432+00	241	Datos de actividades para: Solicitud: Actualizacin ST-PI y ST-A/PI, | Actualizacin PID: Actualizacin ST-PI | Sistema:52: SAP PID Netweaver 7.5 SP15 | AMBIENTE: DEV  || orden: 30	1	[{"added": {}}]	38	1
442	2021-04-14 22:26:48.140928+00	242	Datos de actividades para: Solicitud: Actualizacin ST-PI y ST-A/PI, | Actualizacin PID: Actualizacin ST-A/PI | Sistema:52: SAP PID Netweaver 7.5 SP15 | AMBIENTE: DEV  || orden: 31	1	[{"added": {}}]	38	1
443	2021-04-14 22:27:08.359516+00	243	Datos de actividades para: Solicitud: Actualizacin ST-PI y ST-A/PI, | Actualizacin PID: Actualizacin ST-PI | Sistema:53: SAP PIP Netweaver 7.5 SP15 | AMBIENTE: PRD  || orden: 270	1	[{"added": {}}]	38	1
444	2021-04-14 22:27:27.766462+00	244	Datos de actividades para: Solicitud: Actualizacin ST-PI y ST-A/PI, | Actualizacin PID: Actualizacin ST-A/PI | Sistema:53: SAP PIP Netweaver 7.5 SP15 | AMBIENTE: PRD  || orden: 271	1	[{"added": {}}]	38	1
445	2021-04-14 22:28:42.639404+00	245	Datos de actividades para: Solicitud: Actualizacion SAP Kernel, | Actualizacin PID: Bajada de sistema | Sistema:52: SAP PID Netweaver 7.5 SP15 | AMBIENTE: DEV  || orden: 50	1	[{"added": {}}]	38	1
556	2021-04-26 13:53:48.464408+00	321	Datos de actividades para: Solicitud: Parchado Base de datos, | Parchado DB DEV: Subida del sistema | Sistema:57: SAP ERP 6.0 EHP 7 | AMBIENTE: DEV	1	[{"added": {}}]	38	1
446	2021-04-14 22:29:02.12543+00	246	Datos de actividades para: Solicitud: Actualizacion SAP Kernel, | Actualizacin PID: Actualizacin Kernel SAP | Sistema:52: SAP PID Netweaver 7.5 SP15 | AMBIENTE: DEV  || orden: 51	1	[{"added": {}}]	38	1
447	2021-04-14 22:29:14.69208+00	247	Datos de actividades para: Solicitud: Actualizacion SAP Kernel, | Actualizacin PID: Subida de sistema | Sistema:51: MII PRD Netweaver 7.31 SP11 | AMBIENTE: PRD  || orden: 52	1	[{"added": {}}]	38	1
448	2021-04-14 22:29:34.177611+00	248	Datos de actividades para: Solicitud: Actualizacion SAP Kernel, | Actualizacin PID: Pruebas tcnicas | Sistema:52: SAP PID Netweaver 7.5 SP15 | AMBIENTE: DEV  || orden: 53	1	[{"added": {}}]	38	1
449	2021-04-14 22:30:29.704866+00	249	Datos de actividades para: Solicitud: Actualizacion SAP Kernel, | Actualizacin PIP: Bajada de sistema | Sistema:53: SAP PIP Netweaver 7.5 SP15 | AMBIENTE: PRD  || orden: 270	1	[{"added": {}}]	38	1
450	2021-04-14 22:30:44.1629+00	250	Datos de actividades para: Solicitud: Actualizacion SAP Kernel, | Actualizacin PIP: Actualizacion Kernel SAP | Sistema:53: SAP PIP Netweaver 7.5 SP15 | AMBIENTE: PRD  || orden: 271	1	[{"added": {}}]	38	1
451	2021-04-14 22:31:00.322275+00	251	Datos de actividades para: Solicitud: Actualizacion SAP Kernel, | Actualizacin PIP: Subida de sistema | Sistema:53: SAP PIP Netweaver 7.5 SP15 | AMBIENTE: PRD  || orden: 272	1	[{"added": {}}]	38	1
452	2021-04-14 22:31:15.246207+00	252	Datos de actividades para: Solicitud: Actualizacion SAP Kernel, | Actualizacin PIP: Pruebas tecnicas | Sistema:53: SAP PIP Netweaver 7.5 SP15 | AMBIENTE: PRD  || orden: 273	1	[{"added": {}}]	38	1
453	2021-04-14 22:31:57.338874+00	253	Datos de actividades para: Solicitud: Actualizacion OS, | Actualizacin PID: Bajada del sistema | Sistema:52: SAP PID Netweaver 7.5 SP15 | AMBIENTE: DEV  || orden: 50	1	[{"added": {}}]	38	1
454	2021-04-14 22:32:21.334894+00	254	Datos de actividades para: Solicitud: Actualizacion OS, | Actualizacin PID: Actualizacin OS | Sistema:52: SAP PID Netweaver 7.5 SP15 | AMBIENTE: DEV  || orden: 51	1	[{"added": {}}]	38	1
455	2021-04-14 22:32:58.607262+00	255	Datos de actividades para: Solicitud: Actualizacion OS, | Actualizacin PID: Reinicio de servidor | Sistema:52: SAP PID Netweaver 7.5 SP15 | AMBIENTE: DEV  || orden: 52	1	[{"added": {}}]	38	1
456	2021-04-14 22:33:15.949842+00	256	Datos de actividades para: Solicitud: Actualizacion OS, | Actualizacin PID: Subida del sistema | Sistema:52: SAP PID Netweaver 7.5 SP15 | AMBIENTE: DEV  || orden: 53	1	[{"added": {}}]	38	1
457	2021-04-14 22:33:32.232953+00	257	Datos de actividades para: Solicitud: Actualizacion OS, | Actualizacin PIP: Bajada del sistema | Sistema:53: SAP PIP Netweaver 7.5 SP15 | AMBIENTE: PRD  || orden: 270	1	[{"added": {}}]	38	1
458	2021-04-14 22:33:48.654864+00	258	Datos de actividades para: Solicitud: Actualizacion OS, | Actualizacin PID: Actualizacin OS | Sistema:53: SAP PIP Netweaver 7.5 SP15 | AMBIENTE: PRD  || orden: 271	1	[{"added": {}}]	38	1
459	2021-04-14 22:34:11.022124+00	259	Datos de actividades para: Solicitud: Actualizacion OS, | Actualizacin PIP: Reinicio de servidor | Sistema:53: SAP PIP Netweaver 7.5 SP15 | AMBIENTE: PRD  || orden: 272	1	[{"added": {}}]	38	1
460	2021-04-14 22:34:24.885419+00	260	Datos de actividades para: Solicitud: Actualizacion OS, | Actualizacin PIP: Subida del sistema | Sistema:52: SAP PID Netweaver 7.5 SP15 | AMBIENTE: DEV  || orden: 273	1	[{"added": {}}]	38	1
461	2021-04-14 22:34:35.2073+00	258	Datos de actividades para: Solicitud: Actualizacion OS, | Actualizacin PIP: Actualizacin OS | Sistema:53: SAP PIP Netweaver 7.5 SP15 | AMBIENTE: PRD  || orden: 271	2	[{"changed": {"fields": ["Est descripcion actividad"]}}]	38	1
462	2021-04-14 22:35:14.879098+00	261	Datos de actividades para: Solicitud: Parchado Base de datos, | Parchado DB PID: Bajada de sistema | Sistema:52: SAP PID Netweaver 7.5 SP15 | AMBIENTE: DEV  || orden: 50	1	[{"added": {}}]	38	1
463	2021-04-14 22:35:30.684491+00	262	Datos de actividades para: Solicitud: Parchado Base de datos, | Parchado DB PID: Parchado | Sistema:52: SAP PID Netweaver 7.5 SP15 | AMBIENTE: DEV  || orden: 51	1	[{"added": {}}]	38	1
464	2021-04-14 22:35:44.674536+00	263	Datos de actividades para: Solicitud: Parchado Base de datos, | Parchado DB PID: Subida de sistema | Sistema:52: SAP PID Netweaver 7.5 SP15 | AMBIENTE: DEV  || orden: 52	1	[{"added": {}}]	38	1
465	2021-04-14 22:36:01.37274+00	264	Datos de actividades para: Solicitud: Parchado Base de datos, | Parchado DB PID: Pruebas tecnicas | Sistema:52: SAP PID Netweaver 7.5 SP15 | AMBIENTE: DEV  || orden: 53	1	[{"added": {}}]	38	1
466	2021-04-14 22:36:16.281564+00	265	Datos de actividades para: Solicitud: Parchado Base de datos, | Parchado DB PIP: Bajada de sistema | Sistema:53: SAP PIP Netweaver 7.5 SP15 | AMBIENTE: PRD  || orden: 270	1	[{"added": {}}]	38	1
467	2021-04-14 22:36:32.288931+00	266	Datos de actividades para: Solicitud: Parchado Base de datos, | Parchado DB PIP: Parchado | Sistema:53: SAP PIP Netweaver 7.5 SP15 | AMBIENTE: PRD  || orden: 271	1	[{"added": {}}]	38	1
468	2021-04-14 22:36:56.917464+00	267	Datos de actividades para: Solicitud: Parchado Base de datos, | Parchado DB PIP: Subida de sistema | Sistema:53: SAP PIP Netweaver 7.5 SP15 | AMBIENTE: PRD  || orden: 272	1	[{"added": {}}]	38	1
469	2021-04-14 22:37:18.588303+00	268	Datos de actividades para: Solicitud: Parchado Base de datos, | Parchado DB PIP: Pruebas tecncias | Sistema:53: SAP PIP Netweaver 7.5 SP15 | AMBIENTE: PRD  || orden: 273	1	[{"added": {}}]	38	1
470	2021-04-14 22:39:04.972409+00	34	ARTEL	2	[{"changed": {"fields": ["Sistema FK"]}}]	8	1
471	2021-04-14 22:40:42.931198+00	54	Sistema:54: SAP BW/4HANA 2.0 | AMBIENTE: DEV	1	[{"added": {}}]	9	1
472	2021-04-14 22:40:52.251501+00	55	Sistema:55: SAP BW/4HANA 2.0 | AMBIENTE: PRD	1	[{"added": {}}]	9	1
473	2021-04-14 22:41:01.902159+00	56	Sistema:56: SAP CLOUD CONNECTOR 2.12.3 | AMBIENTE: PRD	1	[{"added": {}}]	9	1
474	2021-04-14 22:41:57.078594+00	45	Cargo 45: Lider SmartBiz	1	[{"added": {}}]	11	1
475	2021-04-14 22:42:21.538298+00	47	 Darwin Llopis	1	[{"added": {}}]	13	1
476	2021-04-14 22:42:23.254126+00	38	PUERTO CORONEL	1	[{"added": {}}]	8	1
477	2021-04-14 22:42:38.772617+00	47	 Darwin Llopis	2	[{"changed": {"fields": ["Cliente"]}}]	13	1
478	2021-04-14 22:43:23.708201+00	48	 Cristian Quiones	1	[{"added": {}}]	13	1
479	2021-04-14 22:43:27.872765+00	38	PUERTO CORONEL	2	[{"changed": {"fields": ["Equipo tecnico clientes"]}}]	8	1
480	2021-04-14 22:44:41.107308+00	269	Datos de actividades para: Solicitud: Actualizacin ST-PI y ST-A/PI, | Actualizacin BWD/4HANA: Actualizacin ST-PI | Sistema:54: SAP BW/4HANA 2.0 | AMBIENTE: DEV  || orden: 60	1	[{"added": {}}]	38	1
481	2021-04-14 22:44:58.113702+00	270	Datos de actividades para: Solicitud: Actualizacin ST-PI y ST-A/PI, | Actualizacin BWD/4HANA: Actualizacin ST-A/PI | Sistema:54: SAP BW/4HANA 2.0 | AMBIENTE: DEV  || orden: 61	1	[{"added": {}}]	38	1
482	2021-04-14 22:45:43.15146+00	271	Datos de actividades para: Solicitud: Actualizacin ST-PI y ST-A/PI, | Actualizacin BWP/4HANA: Actualizacin ST-PI | Sistema:55: SAP BW/4HANA 2.0 | AMBIENTE: PRD  || orden: 200	1	[{"added": {}}]	38	1
702	2021-04-28 13:08:12.765356+00	75	Sistema:75: SAP ERP 6.0 | AMBIENTE: PRD	1	[{"added": {}}]	9	1
483	2021-04-14 22:45:57.947641+00	272	Datos de actividades para: Solicitud: Actualizacin ST-PI y ST-A/PI, | Actualizacin BWP/4HANA: Actualizacin ST-A/PI | Sistema:55: SAP BW/4HANA 2.0 | AMBIENTE: PRD  || orden: 201	1	[{"added": {}}]	38	1
484	2021-04-14 22:46:40.941612+00	273	Datos de actividades para: Solicitud: Actualizacin ST-PI y ST-A/PI, | Actualizacin SAP CLOUD CONNECTOR: Actualizacin ST-PI | Sistema:56: SAP CLOUD CONNECTOR 2.12.3 | AMBIENTE: PRD  || orden: 210	1	[{"added": {}}]	38	1
485	2021-04-14 22:46:54.581227+00	274	Datos de actividades para: Solicitud: Actualizacin ST-PI y ST-A/PI, | Actualizacin SAP CLOUD CONNECTOR: Actualizacin ST-A/PI | Sistema:56: SAP CLOUD CONNECTOR 2.12.3 | AMBIENTE: PRD  || orden: 211	1	[{"added": {}}]	38	1
486	2021-04-14 22:47:46.437563+00	275	Datos de actividades para: Solicitud: Actualizacion SAP Kernel, | Actualizacin BWD/4HANA: Bajada del sistema | Sistema:54: SAP BW/4HANA 2.0 | AMBIENTE: DEV  || orden: 20	1	[{"added": {}}]	38	1
487	2021-04-14 22:48:06.931425+00	276	Datos de actividades para: Solicitud: Actualizacion SAP Kernel, | Actualizacin BWD/4HANA: Actualizacin Kernel SAP | Sistema:54: SAP BW/4HANA 2.0 | AMBIENTE: DEV  || orden: 21	1	[{"added": {}}]	38	1
488	2021-04-14 22:48:24.361611+00	277	Datos de actividades para: Solicitud: Actualizacion SAP Kernel, | Actualizacin BWD/4HANA: Subida del sistema | Sistema:54: SAP BW/4HANA 2.0 | AMBIENTE: DEV  || orden: 22	1	[{"added": {}}]	38	1
489	2021-04-14 22:48:44.259006+00	278	Datos de actividades para: Solicitud: Actualizacion SAP Kernel, | Actualizacin BWD/4HANA: Pruebas tecnicas | Sistema:54: SAP BW/4HANA 2.0 | AMBIENTE: DEV  || orden: 23	1	[{"added": {}}]	38	1
490	2021-04-14 22:49:02.802438+00	279	Datos de actividades para: Solicitud: Actualizacion SAP Kernel, | Actualizacin BWP/4HANA: Bajada del sistema | Sistema:55: SAP BW/4HANA 2.0 | AMBIENTE: PRD  || orden: 220	1	[{"added": {}}]	38	1
491	2021-04-14 22:49:23.817908+00	280	Datos de actividades para: Solicitud: Actualizacion SAP Kernel, | Actualizacin BWP/4HANA: Actualizacin Kernel SAP | Sistema:55: SAP BW/4HANA 2.0 | AMBIENTE: PRD  || orden: 221	1	[{"added": {}}]	38	1
492	2021-04-14 22:49:38.709092+00	281	Datos de actividades para: Solicitud: Actualizacion SAP Kernel, | Actualizacin BWP/4HANA: Subida del sistema | Sistema:55: SAP BW/4HANA 2.0 | AMBIENTE: PRD  || orden: 222	1	[{"added": {}}]	38	1
493	2021-04-14 22:49:55.322962+00	282	Datos de actividades para: Solicitud: Actualizacion SAP Kernel, | Actualizacin BWP/4HANA: Pruebas tcnicas | Sistema:55: SAP BW/4HANA 2.0 | AMBIENTE: PRD  || orden: 223	1	[{"added": {}}]	38	1
494	2021-04-14 22:50:35.127135+00	283	Datos de actividades para: Solicitud: Actualizacion SAP Kernel, | Actualizacin SAP CLOUD CONNECTOR: bajada del sistema | Sistema:56: SAP CLOUD CONNECTOR 2.12.3 | AMBIENTE: PRD  || orden: 230	1	[{"added": {}}]	38	1
495	2021-04-14 22:50:57.067855+00	284	Datos de actividades para: Solicitud: Actualizacion SAP Kernel, | Actualizacin SAP CLOUD CONNECTOR: Actualizacin Kernel SAP | Sistema:56: SAP CLOUD CONNECTOR 2.12.3 | AMBIENTE: PRD  || orden: 231	1	[{"added": {}}]	38	1
496	2021-04-14 22:51:36.78025+00	285	Datos de actividades para: Solicitud: Actualizacion SAP Kernel, | Actualizacin SAP CLOUD CONNECTOR: Subida del sistema | Sistema:56: SAP CLOUD CONNECTOR 2.12.3 | AMBIENTE: PRD  || orden: 232	1	[{"added": {}}]	38	1
497	2021-04-14 22:51:52.868022+00	286	Datos de actividades para: Solicitud: Actualizacion SAP Kernel, | Actualizacin SAP CLOUD CONNECTOR: Pruebas tecnicas | Sistema:56: SAP CLOUD CONNECTOR 2.12.3 | AMBIENTE: PRD  || orden: 233	1	[{"added": {}}]	38	1
498	2021-04-14 22:55:55.821505+00	287	Datos de actividades para: Solicitud: Actualizacion OS, | Actualizacin SAP BWD/4HANA: Bajada del sistema | Sistema:54: SAP BW/4HANA 2.0 | AMBIENTE: DEV  || orden: 30	1	[{"added": {}}]	38	1
499	2021-04-14 22:56:14.800536+00	288	Datos de actividades para: Solicitud: Actualizacion OS, | Actualizacin SAP BWD/4HANA: Actualizacion OS | Sistema:54: SAP BW/4HANA 2.0 | AMBIENTE: DEV  || orden: 31	1	[{"added": {}}]	38	1
500	2021-04-14 22:56:31.545603+00	289	Datos de actividades para: Solicitud: Actualizacion OS, | Actualizacin SAP BWD/4HANA: Reinicio servidor | Sistema:54: SAP BW/4HANA 2.0 | AMBIENTE: DEV  || orden: 32	1	[{"added": {}}]	38	1
501	2021-04-14 22:56:46.278689+00	290	Datos de actividades para: Solicitud: Actualizacion OS, | Actualizacin SAP BWD/4HANA: Subida del sistema | Sistema:54: SAP BW/4HANA 2.0 | AMBIENTE: DEV  || orden: 33	1	[{"added": {}}]	38	1
502	2021-04-14 22:56:58.776858+00	291	Datos de actividades para: Solicitud: Actualizacion OS, | Actualizacin SAP BWP/4HANA: Bajada del sistema | Sistema:55: SAP BW/4HANA 2.0 | AMBIENTE: PRD  || orden: 5	1	[{"added": {}}]	38	1
503	2021-04-14 22:57:56.184492+00	291	Datos de actividades para: Solicitud: Actualizacion OS, | Actualizacin SAP BWP/4HANA: Bajada del sistema | Sistema:55: SAP BW/4HANA 2.0 | AMBIENTE: PRD  || orden: 240	2	[{"changed": {"fields": ["Est orden"]}}]	38	1
504	2021-04-14 22:58:05.785336+00	292	Datos de actividades para: Solicitud: Actualizacion OS, | Actualizacin SAP BWP/4HANA: Actualizacin OS | Sistema:55: SAP BW/4HANA 2.0 | AMBIENTE: PRD  || orden: 241	1	[{"added": {}}]	38	1
505	2021-04-14 22:58:21.243293+00	293	Datos de actividades para: Solicitud: Actualizacion OS, | Actualizacin SAP BWP/4HANA: Reinicio servidor | Sistema:55: SAP BW/4HANA 2.0 | AMBIENTE: PRD  || orden: 242	1	[{"added": {}}]	38	1
506	2021-04-14 22:58:34.517309+00	294	Datos de actividades para: Solicitud: Actualizacion OS, | Actualizacin SAP BWP/4HANA: Subida del sistema | Sistema:55: SAP BW/4HANA 2.0 | AMBIENTE: PRD  || orden: 243	1	[{"added": {}}]	38	1
507	2021-04-14 22:59:19.708452+00	295	Datos de actividades para: Solicitud: Actualizacion OS, | Actualizacin SAP CLOUD CONNECTOR: Bajada de sistema | Sistema:56: SAP CLOUD CONNECTOR 2.12.3 | AMBIENTE: PRD  || orden: 250	1	[{"added": {}}]	38	1
508	2021-04-14 22:59:37.5744+00	296	Datos de actividades para: Solicitud: Actualizacion OS, | Actualizacin SAP CLOUD CONNECTOR: Actualizacin OS | Sistema:56: SAP CLOUD CONNECTOR 2.12.3 | AMBIENTE: PRD  || orden: 251	1	[{"added": {}}]	38	1
509	2021-04-14 23:00:31.16635+00	297	Datos de actividades para: Solicitud: Actualizacion OS, | Actualizacin SAP CLOUD CONNECTOR: Reinicio Servidor | Sistema:56: SAP CLOUD CONNECTOR 2.12.3 | AMBIENTE: PRD  || orden: 252	1	[{"added": {}}]	38	1
510	2021-04-14 23:00:49.666628+00	298	Datos de actividades para: Solicitud: Actualizacion OS, | Actualizacin SAP CLOUD CONNECTOR: Subida de sistema | Sistema:56: SAP CLOUD CONNECTOR 2.12.3 | AMBIENTE: PRD  || orden: 253	1	[{"added": {}}]	38	1
511	2021-04-14 23:01:40.209127+00	299	Datos de actividades para: Solicitud: Parchado Base de datos, | Parchado DB BWD/4HANA: Bajada del sistema | Sistema:54: SAP BW/4HANA 2.0 | AMBIENTE: DEV  || orden: 60	1	[{"added": {}}]	38	1
512	2021-04-14 23:01:56.019938+00	300	Datos de actividades para: Solicitud: Parchado Base de datos, | Parchado DB BWD/4HANA: Parchado | Sistema:54: SAP BW/4HANA 2.0 | AMBIENTE: DEV  || orden: 61	1	[{"added": {}}]	38	1
513	2021-04-14 23:02:09.517961+00	301	Datos de actividades para: Solicitud: Parchado Base de datos, | Parchado DB BWD/4HANA: Subida  del sistema | Sistema:54: SAP BW/4HANA 2.0 | AMBIENTE: DEV  || orden: 62	1	[{"added": {}}]	38	1
703	2021-04-28 13:08:17.326303+00	76	Sistema:76: SAP ERP 6.0 | AMBIENTE: SANDBOX	1	[{"added": {}}]	9	1
514	2021-04-14 23:02:23.127274+00	302	Datos de actividades para: Solicitud: Parchado Base de datos, | Parchado DB BWD/4HANA: Pruebas tecnicas | Sistema:56: SAP CLOUD CONNECTOR 2.12.3 | AMBIENTE: PRD  || orden: 63	1	[{"added": {}}]	38	1
515	2021-04-14 23:02:37.807163+00	303	Datos de actividades para: Solicitud: Parchado Base de datos, | Parchado DB BWP/4HANA: Bajada del sistema | Sistema:55: SAP BW/4HANA 2.0 | AMBIENTE: PRD  || orden: 270	1	[{"added": {}}]	38	1
516	2021-04-14 23:02:55.651646+00	304	Datos de actividades para: Solicitud: Parchado Base de datos, | Parchado DB BWD/4HANA: Parchado | Sistema:55: SAP BW/4HANA 2.0 | AMBIENTE: PRD  || orden: 271	1	[{"added": {}}]	38	1
517	2021-04-14 23:03:11.978776+00	305	Datos de actividades para: Solicitud: Parchado Base de datos, | Parchado DB BWD/4HANA: Subida del sistema | Sistema:55: SAP BW/4HANA 2.0 | AMBIENTE: PRD  || orden: 272	1	[{"added": {}}]	38	1
518	2021-04-14 23:03:30.286884+00	306	Datos de actividades para: Solicitud: Parchado Base de datos, | Parchado DB BWD/4HANA: Pruebas tcnicas | Sistema:55: SAP BW/4HANA 2.0 | AMBIENTE: PRD  || orden: 273	1	[{"added": {}}]	38	1
519	2021-04-14 23:04:02.4475+00	307	Datos de actividades para: Solicitud: Actualizacion OS, | Parchado DB SAP CLOUD CONNECTOR: Bajada del sistema | Sistema:56: SAP CLOUD CONNECTOR 2.12.3 | AMBIENTE: PRD  || orden: 280	1	[{"added": {}}]	38	1
520	2021-04-14 23:04:17.338326+00	307	Datos de actividades para: Solicitud: Parchado Base de datos, | Parchado DB SAP CLOUD CONNECTOR: Bajada del sistema | Sistema:56: SAP CLOUD CONNECTOR 2.12.3 | AMBIENTE: PRD  || orden: 280	2	[{"changed": {"fields": ["Est request FK"]}}]	38	1
521	2021-04-14 23:04:39.986963+00	308	Datos de actividades para: Solicitud: Parchado Base de datos, | Parchado DB SAP CLOUD CONNECTOR: Parchado | Sistema:56: SAP CLOUD CONNECTOR 2.12.3 | AMBIENTE: PRD  || orden: 281	1	[{"added": {}}]	38	1
522	2021-04-14 23:04:51.152203+00	309	Datos de actividades para: Solicitud: Parchado Base de datos, | Parchado DB SAP CLOUD CONNECTOR: Subida del sistema | Sistema:56: SAP CLOUD CONNECTOR 2.12.3 | AMBIENTE: PRD  || orden: 282	1	[{"added": {}}]	38	1
523	2021-04-14 23:05:32.38538+00	310	Datos de actividades para: Solicitud: Parchado Base de datos, | Parchado DB SAP CLOUD CONNECTOR: Pruebas tecnicas | Sistema:56: SAP CLOUD CONNECTOR 2.12.3 | AMBIENTE: PRD  || orden: 283	1	[{"added": {}}]	38	1
524	2021-04-21 20:12:26.414552+00	67	esta	2	[{"changed": {"fields": ["Clientes"]}}]	23	1
525	2021-04-22 21:39:14.44649+00	2	rfc.cjgconsultores.com	1	[{"added": {}}]	39	1
526	2021-04-22 21:39:18.712647+00	1	cognito	1	[{"added": {}}]	43	1
527	2021-04-22 21:52:46.815568+00	2	rfc.cjgconsultores.com1	2	[{"changed": {"fields": ["Domain name", "Display name"]}}]	39	1
528	2021-04-22 21:52:59.898652+00	1	rfc.cjgconsultores.com	2	[{"changed": {"fields": ["Domain name", "Display name"]}}]	39	1
529	2021-04-22 21:53:11.814299+00	1	cognito	2	[{"changed": {"fields": ["Sites"]}}]	43	1
530	2021-04-23 13:57:14.027377+00	69	Rossi123	2	[{"changed": {"fields": ["Staff status", "Clientes"]}}]	23	1
531	2021-04-23 13:57:25.8735+00	69	Rossi123	2	[{"changed": {"fields": ["Email address"]}}]	23	1
532	2021-04-23 15:06:28.230151+00	70	pablo.sella	2	[{"changed": {"fields": ["First name", "Staff status", "Clientes"]}}]	23	1
533	2021-04-23 15:16:11.201848+00	72	pablitocrack	2	[{"changed": {"fields": ["First name"]}}]	23	1
534	2021-04-23 15:16:38.342907+00	72	pablitocrack	2	[{"changed": {"fields": ["First name"]}}]	23	1
535	2021-04-23 15:17:04.253769+00	72	pablitocrack	2	[{"changed": {"fields": ["First name"]}}]	23	1
536	2021-04-26 13:43:42.660146+00	49	 Delia Llerena 	1	[{"added": {}}]	13	1
537	2021-04-26 13:44:48.199765+00	57	Sistema:57: SAP ERP 6.0 EHP 7 | AMBIENTE: DEV	1	[{"added": {}}]	9	1
538	2021-04-26 13:44:59.047819+00	58	Sistema:58: SAP ERP 6.0 EHP 7 | AMBIENTE: QAS	1	[{"added": {}}]	9	1
539	2021-04-26 13:45:03.712562+00	59	Sistema:59: SAP ERP 6.0 EHP 7 | AMBIENTE: PRD	1	[{"added": {}}]	9	1
540	2021-04-26 13:45:33.100862+00	60	Sistema:60: WebDispatcher 7.81.0 | AMBIENTE: DEV	1	[{"added": {}}]	9	1
541	2021-04-26 13:45:45.643625+00	39	SANTA CLARA	1	[{"added": {}}]	8	1
542	2021-04-26 13:45:54.936266+00	49	 Delia Llerena 	2	[{"changed": {"fields": ["Cliente"]}}]	13	1
543	2021-04-26 13:48:31.616832+00	311	Datos de actividades para: Solicitud: Actualizacin ST-PI y ST-A/PI, | Actualizacin DEV: Actualizacin ST-PI | Sistema:57: SAP ERP 6.0 EHP 7 | AMBIENTE: DEV	1	[{"added": {}}]	38	1
544	2021-04-26 13:48:53.469513+00	312	Datos de actividades para: Solicitud: Actualizacin ST-PI y ST-A/PI, | Actualizacin DEV: Actualizacin ST-A/PI | Sistema:57: SAP ERP 6.0 EHP 7 | AMBIENTE: DEV	1	[{"added": {}}]	38	1
545	2021-04-26 13:49:11.747694+00	313	Datos de actividades para: Solicitud: Actualizacin ST-PI y ST-A/PI, | Actualizacin DEV: Actualizacin ST-PI | Sistema:60: WebDispatcher 7.81.0 | AMBIENTE: DEV	1	[{"added": {}}]	38	1
546	2021-04-26 13:49:30.12051+00	314	Datos de actividades para: Solicitud: Actualizacin ST-PI y ST-A/PI, | Actualizacin DEV: Actualizacin ST-A/PI | Sistema:60: WebDispatcher 7.81.0 | AMBIENTE: DEV	1	[{"added": {}}]	38	1
547	2021-04-26 13:49:57.086936+00	315	Datos de actividades para: Solicitud: Actualizacin ST-PI y ST-A/PI, | Actualizacin QAS: Actualizacin ST-PI | Sistema:58: SAP ERP 6.0 EHP 7 | AMBIENTE: QAS	1	[{"added": {}}]	38	1
548	2021-04-26 13:50:13.240068+00	316	Datos de actividades para: Solicitud: Actualizacin ST-PI y ST-A/PI, | Actualizacin QAS: Actualizacin ST-A/PI | Sistema:58: SAP ERP 6.0 EHP 7 | AMBIENTE: QAS	1	[{"added": {}}]	38	1
549	2021-04-26 13:50:32.671364+00	317	Datos de actividades para: Solicitud: Actualizacin ST-PI y ST-A/PI, | Actualizacin PRD: Actualizacin ST-PI | Sistema:59: SAP ERP 6.0 EHP 7 | AMBIENTE: PRD	1	[{"added": {}}]	38	1
550	2021-04-26 13:50:46.611955+00	318	Datos de actividades para: Solicitud: Actualizacin ST-PI y ST-A/PI, | Actualizacin PRD: Actualizacin ST-A/PI | Sistema:59: SAP ERP 6.0 EHP 7 | AMBIENTE: PRD	1	[{"added": {}}]	38	1
551	2021-04-26 13:51:43.734124+00	313	Datos de actividades para: Solicitud: Actualizacin ST-PI y ST-A/PI, | Actualizacin DEV WebDispatcher: Actualizacin ST-PI | Sistema:60: WebDispatcher 7.81.0 | AMBIENTE: DEV	2	[{"changed": {"fields": ["Est descripcion actividad"]}}]	38	1
552	2021-04-26 13:51:53.764292+00	313	Datos de actividades para: Solicitud: Actualizacin ST-PI y ST-A/PI, | Actualizacin DEV WebDispatcher: Actualizacin ST-PI | Sistema:60: WebDispatcher 7.81.0 | AMBIENTE: DEV	2	[]	38	1
553	2021-04-26 13:52:06.284797+00	314	Datos de actividades para: Solicitud: Actualizacin ST-PI y ST-A/PI, | Actualizacin DEV WebDispatcher: Actualizacin ST-A/PI | Sistema:60: WebDispatcher 7.81.0 | AMBIENTE: DEV	2	[{"changed": {"fields": ["Est descripcion actividad"]}}]	38	1
554	2021-04-26 13:53:11.658396+00	319	Datos de actividades para: Solicitud: Parchado Base de datos, | Parchado DB DEV: Bajada del sistema | Sistema:57: SAP ERP 6.0 EHP 7 | AMBIENTE: DEV	1	[{"added": {}}]	38	1
555	2021-04-26 13:53:25.12086+00	320	Datos de actividades para: Solicitud: Parchado Base de datos, | Parchado DB DEV: Parchado | Sistema:57: SAP ERP 6.0 EHP 7 | AMBIENTE: DEV	1	[{"added": {}}]	38	1
1719	2021-08-03 21:32:02.636935+00	67	CJG	2	[{"changed": {"fields": ["Logo"]}}]	8	1
557	2021-04-26 13:54:28.963791+00	320	Datos de actividades para: Solicitud: Parchado Base de datos, | Parchado DB DEV: Parchado | Sistema:57: SAP ERP 6.0 EHP 7 | AMBIENTE: DEV	2	[{"changed": {"fields": ["Est orden"]}}]	38	1
558	2021-04-26 13:54:31.993089+00	321	Datos de actividades para: Solicitud: Parchado Base de datos, | Parchado DB DEV: Subida del sistema | Sistema:57: SAP ERP 6.0 EHP 7 | AMBIENTE: DEV	2	[{"changed": {"fields": ["Est orden"]}}]	38	1
559	2021-04-26 13:54:39.598088+00	322	Datos de actividades para: Solicitud: Parchado Base de datos, | Parchado DB DEV: Pruebas tecnicas | Sistema:57: SAP ERP 6.0 EHP 7 | AMBIENTE: DEV	1	[{"added": {}}]	38	1
560	2021-04-26 13:55:30.873691+00	323	Datos de actividades para: Solicitud: Parchado Base de datos, | Parchado DB DEV WebDispatcher: Bajada de sistema | Sistema:60: WebDispatcher 7.81.0 | AMBIENTE: DEV	1	[{"added": {}}]	38	1
561	2021-04-26 13:55:54.763854+00	324	Datos de actividades para: Solicitud: Parchado Base de datos, | Parchado DB DEV WebDispatcher: Parchado | Sistema:60: WebDispatcher 7.81.0 | AMBIENTE: DEV	1	[{"added": {}}]	38	1
562	2021-04-26 13:56:45.976777+00	325	Datos de actividades para: Solicitud: Parchado Base de datos, | Parchado DB DEV WebDispatcher: Subida de sistema | Sistema:60: WebDispatcher 7.81.0 | AMBIENTE: DEV	1	[{"added": {}}]	38	1
563	2021-04-26 13:56:58.41502+00	326	Datos de actividades para: Solicitud: Parchado Base de datos, | Parchado DB DEV WebDispatcher: Pruebas tecnicas | Sistema:60: WebDispatcher 7.81.0 | AMBIENTE: DEV	1	[{"added": {}}]	38	1
564	2021-04-26 13:57:28.877219+00	327	Datos de actividades para: Solicitud: Parchado Base de datos, | Parchado DB QAS: Bajada de sistema | Sistema:58: SAP ERP 6.0 EHP 7 | AMBIENTE: QAS	1	[{"added": {}}]	38	1
565	2021-04-26 13:57:45.285514+00	328	Datos de actividades para: Solicitud: Parchado Base de datos, | Parchado DB QAS: Parchado | Sistema:58: SAP ERP 6.0 EHP 7 | AMBIENTE: QAS	1	[{"added": {}}]	38	1
566	2021-04-26 13:58:07.072705+00	329	Datos de actividades para: Solicitud: Parchado Base de datos, | Parchado DB QAS: Subida de sistema | Sistema:58: SAP ERP 6.0 EHP 7 | AMBIENTE: QAS	1	[{"added": {}}]	38	1
567	2021-04-26 13:58:24.5535+00	330	Datos de actividades para: Solicitud: Parchado Base de datos, | Parchado DB QAS: Pruebas tcnicas | Sistema:58: SAP ERP 6.0 EHP 7 | AMBIENTE: QAS	1	[{"added": {}}]	38	1
568	2021-04-26 13:58:47.177586+00	331	Datos de actividades para: Solicitud: Parchado Base de datos, | Parchado DB PRD: Bajada de sistema | Sistema:59: SAP ERP 6.0 EHP 7 | AMBIENTE: PRD	1	[{"added": {}}]	38	1
569	2021-04-26 13:59:04.230529+00	332	Datos de actividades para: Solicitud: Parchado Base de datos, | Parchado DB PRD: Parchado | Sistema:59: SAP ERP 6.0 EHP 7 | AMBIENTE: PRD	1	[{"added": {}}]	38	1
570	2021-04-26 13:59:22.009851+00	333	Datos de actividades para: Solicitud: Parchado Base de datos, | Parchado DB PRD: Subida de sistema | Sistema:59: SAP ERP 6.0 EHP 7 | AMBIENTE: PRD	1	[{"added": {}}]	38	1
571	2021-04-26 13:59:47.015213+00	334	Datos de actividades para: Solicitud: Parchado Base de datos, | Parchado DB PRD: Pruebas tcnicas | Sistema:59: SAP ERP 6.0 EHP 7 | AMBIENTE: PRD	1	[{"added": {}}]	38	1
572	2021-04-26 14:00:59.11052+00	335	Datos de actividades para: Solicitud: Actualizacion OS, | Actualizacin DEV: Bajada del sistema | Sistema:57: SAP ERP 6.0 EHP 7 | AMBIENTE: DEV	1	[{"added": {}}]	38	1
573	2021-04-26 14:01:25.273764+00	336	Datos de actividades para: Solicitud: Actualizacion OS, | Actualizacin DEV: Actualizacin OS | Sistema:57: SAP ERP 6.0 EHP 7 | AMBIENTE: DEV	1	[{"added": {}}]	38	1
574	2021-04-26 14:01:47.162308+00	337	Datos de actividades para: Solicitud: Actualizacion OS, | Actualizacin DEV: Reinicio Servidor | Sistema:57: SAP ERP 6.0 EHP 7 | AMBIENTE: DEV	1	[{"added": {}}]	38	1
575	2021-04-26 14:02:01.188211+00	338	Datos de actividades para: Solicitud: Actualizacion OS, | Actualizacin DEV: Subida del sistema | Sistema:57: SAP ERP 6.0 EHP 7 | AMBIENTE: DEV	1	[{"added": {}}]	38	1
576	2021-04-26 14:02:34.266958+00	339	Datos de actividades para: Solicitud: Actualizacion OS, | Actualizacin DEV WebDispatcher: Bajada del sistema | Sistema:60: WebDispatcher 7.81.0 | AMBIENTE: DEV	1	[{"added": {}}]	38	1
577	2021-04-26 14:03:09.586497+00	340	Datos de actividades para: Solicitud: Actualizacion OS, | Actualizacin DEV WebDispatcher: Actualizacin OS | Sistema:60: WebDispatcher 7.81.0 | AMBIENTE: DEV	1	[{"added": {}}]	38	1
578	2021-04-26 14:03:33.934123+00	341	Datos de actividades para: Solicitud: Actualizacion OS, | Actualizacin DEV WebDispatcher: Reinicio servidor | Sistema:60: WebDispatcher 7.81.0 | AMBIENTE: DEV	1	[{"added": {}}]	38	1
579	2021-04-26 14:03:50.262924+00	342	Datos de actividades para: Solicitud: Actualizacion OS, | Actualizacin DEV WebDispatcher: Subida de sistema | Sistema:60: WebDispatcher 7.81.0 | AMBIENTE: DEV	1	[{"added": {}}]	38	1
580	2021-04-26 14:04:09.942452+00	343	Datos de actividades para: Solicitud: Actualizacion OS, | Actualizacin QAS: Bajada de sistema | Sistema:58: SAP ERP 6.0 EHP 7 | AMBIENTE: QAS	1	[{"added": {}}]	38	1
581	2021-04-26 14:04:27.233354+00	344	Datos de actividades para: Solicitud: Actualizacion OS, | Actualizacin QAS: Actualizacion OS | Sistema:58: SAP ERP 6.0 EHP 7 | AMBIENTE: QAS	1	[{"added": {}}]	38	1
582	2021-04-26 14:04:43.083369+00	345	Datos de actividades para: Solicitud: Actualizacion OS, | Actualizacin QAS: Reinicio servidor | Sistema:58: SAP ERP 6.0 EHP 7 | AMBIENTE: QAS	1	[{"added": {}}]	38	1
583	2021-04-26 14:04:57.095227+00	346	Datos de actividades para: Solicitud: Actualizacion OS, | Actualizacin QAS: Subida de sistema | Sistema:58: SAP ERP 6.0 EHP 7 | AMBIENTE: QAS	1	[{"added": {}}]	38	1
584	2021-04-26 14:05:20.314651+00	347	Datos de actividades para: Solicitud: Actualizacion OS, | Actualizacin PRD: Bajada de sistema | Sistema:59: SAP ERP 6.0 EHP 7 | AMBIENTE: PRD	1	[{"added": {}}]	38	1
585	2021-04-26 14:05:37.934758+00	348	Datos de actividades para: Solicitud: Actualizacion OS, | Actualizacin PRD: Actualizacin OS | Sistema:59: SAP ERP 6.0 EHP 7 | AMBIENTE: PRD	1	[{"added": {}}]	38	1
586	2021-04-26 14:05:52.407027+00	349	Datos de actividades para: Solicitud: Actualizacion OS, | Actualizacin PRD: Reinicio servidor | Sistema:59: SAP ERP 6.0 EHP 7 | AMBIENTE: PRD	1	[{"added": {}}]	38	1
587	2021-04-26 14:06:04.843377+00	350	Datos de actividades para: Solicitud: Actualizacion OS, | Actualizacin PRD: Subida de sistema | Sistema:59: SAP ERP 6.0 EHP 7 | AMBIENTE: PRD	1	[{"added": {}}]	38	1
588	2021-04-26 14:06:32.043796+00	351	Datos de actividades para: Solicitud: Actualizacion SAP Kernel, | Actualizacin DEV: Bajada de sistema | Sistema:57: SAP ERP 6.0 EHP 7 | AMBIENTE: DEV	1	[{"added": {}}]	38	1
589	2021-04-26 14:06:54.318802+00	352	Datos de actividades para: Solicitud: Actualizacion SAP Kernel, | Actualizacin DEV: Actualizacin Kernel SAP | Sistema:57: SAP ERP 6.0 EHP 7 | AMBIENTE: DEV	1	[{"added": {}}]	38	1
590	2021-04-26 14:07:10.875115+00	353	Datos de actividades para: Solicitud: Actualizacion SAP Kernel, | Actualizacin DEV: subidade sistema | Sistema:57: SAP ERP 6.0 EHP 7 | AMBIENTE: DEV	1	[{"added": {}}]	38	1
591	2021-04-26 14:07:30.728368+00	354	Datos de actividades para: Solicitud: Actualizacion SAP Kernel, | Actualizacin DEV: Pruebas tecnicas | Sistema:57: SAP ERP 6.0 EHP 7 | AMBIENTE: DEV	1	[{"added": {}}]	38	1
592	2021-04-26 14:07:50.399136+00	355	Datos de actividades para: Solicitud: Actualizacion SAP Kernel, | Actualizacin DEV WebDispatcher: Bajada de sistema | Sistema:60: WebDispatcher 7.81.0 | AMBIENTE: DEV	1	[{"added": {}}]	38	1
593	2021-04-26 14:08:07.661277+00	356	Datos de actividades para: Solicitud: Actualizacion SAP Kernel, | Actualizacin DEV WebDispatcher: Actualizacin Kernel SAP | Sistema:60: WebDispatcher 7.81.0 | AMBIENTE: DEV	1	[{"added": {}}]	38	1
594	2021-04-26 14:08:20.561013+00	357	Datos de actividades para: Solicitud: Actualizacion SAP Kernel, | Actualizacin DEV WebDispatcher: Subida de sistema | Sistema:60: WebDispatcher 7.81.0 | AMBIENTE: DEV	1	[{"added": {}}]	38	1
595	2021-04-26 14:08:36.821907+00	358	Datos de actividades para: Solicitud: Actualizacion SAP Kernel, | Actualizacin DEV WebDispatcher: Pruebas tcnicas | Sistema:60: WebDispatcher 7.81.0 | AMBIENTE: DEV	1	[{"added": {}}]	38	1
596	2021-04-26 14:09:07.886118+00	359	Datos de actividades para: Solicitud: Actualizacion SAP Kernel, | Actualizacin QAS: Bajada de sistema | Sistema:58: SAP ERP 6.0 EHP 7 | AMBIENTE: QAS	1	[{"added": {}}]	38	1
597	2021-04-26 14:09:24.276272+00	360	Datos de actividades para: Solicitud: Actualizacion SAP Kernel, | Actualizacin QAS: Actualizacin Kernel SAP | Sistema:58: SAP ERP 6.0 EHP 7 | AMBIENTE: QAS	1	[{"added": {}}]	38	1
598	2021-04-26 14:09:37.952049+00	361	Datos de actividades para: Solicitud: Actualizacion SAP Kernel, | Actualizacin QAS: Subida de sistema | Sistema:58: SAP ERP 6.0 EHP 7 | AMBIENTE: QAS	1	[{"added": {}}]	38	1
599	2021-04-26 14:09:52.26495+00	362	Datos de actividades para: Solicitud: Actualizacion SAP Kernel, | Actualizacin QAS: Pruebas tecnicas | Sistema:58: SAP ERP 6.0 EHP 7 | AMBIENTE: QAS	1	[{"added": {}}]	38	1
600	2021-04-26 14:10:16.551125+00	363	Datos de actividades para: Solicitud: Actualizacion SAP Kernel, | Actualizacin PRD: Bajada de sistema | Sistema:59: SAP ERP 6.0 EHP 7 | AMBIENTE: PRD	1	[{"added": {}}]	38	1
601	2021-04-26 14:10:33.653147+00	364	Datos de actividades para: Solicitud: Actualizacion SAP Kernel, | Actualizacin PRD: Actualizacin Kernel SAP | Sistema:59: SAP ERP 6.0 EHP 7 | AMBIENTE: PRD	1	[{"added": {}}]	38	1
602	2021-04-26 14:10:43.986687+00	365	Datos de actividades para: Solicitud: Actualizacion SAP Kernel, | Actualizacin PRD: Subida de sistema | Sistema:59: SAP ERP 6.0 EHP 7 | AMBIENTE: PRD	1	[{"added": {}}]	38	1
603	2021-04-26 14:11:30.472877+00	366	Datos de actividades para: Solicitud: Actualizacion SAP Kernel, | Actualizacin PRD: Pruebas tecnicas | Sistema:59: SAP ERP 6.0 EHP 7 | AMBIENTE: PRD	1	[{"added": {}}]	38	1
604	2021-04-26 14:20:47.626516+00	67	esta	2	[{"changed": {"fields": ["User permissions"]}}]	23	1
605	2021-04-26 14:21:30.514885+00	1	Solicitud: Actualizar CR-CONTENT JAVA	2	[{"changed": {"fields": ["Es estandar"]}}]	17	67
606	2021-04-26 14:21:49.513047+00	39	Solicitud: Ajuste Parametros de Instancia SAP ERP PRD	1	[{"added": {}}]	17	67
607	2021-04-26 15:38:18.184972+00	34	ARTEL	2	[{"changed": {"fields": ["Email"]}}]	8	1
608	2021-04-26 17:06:22.593265+00	39	SANTA CLARA	2	[{"changed": {"fields": ["Email"]}}]	8	1
609	2021-04-26 17:17:34.279913+00	75	estanislao.castellano	2	[{"changed": {"fields": ["First name", "Staff status", "Clientes"]}}]	23	1
610	2021-04-26 17:27:44.166982+00	75	estanislao	2	[{"changed": {"fields": ["Username", "Last name", "Cliente"]}}]	23	1
611	2021-04-26 17:40:01.615622+00	75	estanislao	2	[{"changed": {"fields": ["Cliente"]}}]	23	1
612	2021-04-26 17:40:28.039024+00	75	estanislao	2	[{"changed": {"fields": ["Cliente"]}}]	23	1
613	2021-04-26 17:44:51.534936+00	34	 Estanislao Calletano 	2	[{"changed": {"fields": ["Celular tecnico"]}}]	13	1
614	2021-04-26 17:50:32.443578+00	75	estanislao	2	[{"changed": {"fields": ["Cliente"]}}]	23	1
615	2021-04-26 17:53:39.068808+00	35	ICB	2	[{"changed": {"fields": ["Equipo tecnico clientes"]}}]	8	1
616	2021-04-26 17:54:59.679505+00	35	ICB	2	[{"changed": {"fields": ["Equipo tecnico clientes"]}}]	8	1
617	2021-04-26 18:22:16.926432+00	34	 Estanislao Calletano 	2	[{"changed": {"fields": ["Email tecnico"]}}]	13	1
618	2021-04-26 18:28:02.96501+00	34	 Estanislao Castellano 	2	[{"changed": {"fields": ["Apellido tecnico"]}}]	13	1
619	2021-04-26 18:34:29.199944+00	75	estanislao	2	[{"changed": {"fields": ["User permissions"]}}]	23	1
620	2021-04-26 18:36:06.204193+00	40	Solicitud: Solucitud: Bloqueo Masivo Usuarios	1	[{"added": {}}]	17	75
621	2021-04-26 18:36:27.144645+00	40	Solicitud: Solucitud: Bloqueo Masivo Usuarios	3		17	75
622	2021-04-26 18:36:39.065443+00	41	Solicitud: Bloqueo Masivo Usuarios	1	[{"added": {}}]	17	75
623	2021-04-26 18:37:30.697022+00	41	Solicitud: Bloqueo Masivo Usuarios	2	[{"changed": {"fields": ["Es estandar"]}}]	17	1
624	2021-04-26 20:58:21.15024+00	34	Cargo 34: Consultor SAP Tecnolgico	2	[{"changed": {"fields": ["Nombre cargo"]}}]	11	1
625	2021-04-26 20:58:27.743047+00	37	Cargo 37: Gerente de administracin y Finanzas	2	[{"changed": {"fields": ["Nombre cargo"]}}]	11	1
626	2021-04-26 21:06:28.754484+00	93	Datos de actividades para: Solicitud: Actualizacion SAP Kernel, | Actualizacin PRD: Bajada de sistema | Sistema:42: EHP5 SAP ERP 6.0 | AMBIENTE: PRD	2	[{"changed": {"fields": ["Est descripcion actividad"]}}]	38	1
627	2021-04-26 21:06:49.796743+00	94	Datos de actividades para: Solicitud: Actualizacion SAP Kernel, | Actualizacin SAP PRD: Actualizacin Kernel SAP | Sistema:42: EHP5 SAP ERP 6.0 | AMBIENTE: PRD	2	[{"changed": {"fields": ["Est descripcion actividad"]}}]	38	1
628	2021-04-26 21:06:55.768227+00	95	Datos de actividades para: Solicitud: Actualizacion SAP Kernel, | Actualizacin SAP PRD: Subida sistema | Sistema:42: EHP5 SAP ERP 6.0 | AMBIENTE: PRD	2	[{"changed": {"fields": ["Est descripcion actividad"]}}]	38	1
629	2021-04-26 21:07:01.002888+00	96	Datos de actividades para: Solicitud: Actualizacion SAP Kernel, | Actualizacin SAP PRD: Pruebas tcnicas | Sistema:42: EHP5 SAP ERP 6.0 | AMBIENTE: PRD	2	[{"changed": {"fields": ["Est descripcion actividad"]}}]	38	1
630	2021-04-26 21:07:19.532628+00	93	Datos de actividades para: Solicitud: Actualizacion SAP Kernel, | Actualizacin SAP PRD: Bajada de sistema | Sistema:42: EHP5 SAP ERP 6.0 | AMBIENTE: PRD	2	[{"changed": {"fields": ["Est descripcion actividad"]}}]	38	1
631	2021-04-26 21:54:30.238085+00	68	Enzo	2	[{"changed": {"fields": ["First name"]}}]	23	1
632	2021-04-26 21:56:21.764379+00	2	 Enzo Rossi 	2	[{"changed": {"fields": ["Tipo FK", "Cliente"]}}]	13	1
633	2021-04-26 21:56:43.143875+00	68	Enzo	2	[{"changed": {"fields": ["First name", "Clientes"]}}]	23	1
634	2021-04-26 21:58:09.396101+00	71	Enzo123	2	[{"changed": {"fields": ["First name"]}}]	23	1
635	2021-04-26 22:00:05.302349+00	69	Rossi123	2	[{"changed": {"fields": ["First name"]}}]	23	1
636	2021-04-26 22:00:53.274255+00	69	Rossi123	2	[{"changed": {"fields": ["Clientes"]}}]	23	1
637	2021-04-26 22:09:30.352607+00	75	estanislao	2	[{"changed": {"fields": ["Cliente"]}}]	23	1
638	2021-04-26 22:09:55.612538+00	69	Rossi123	2	[{"changed": {"fields": ["Cliente"]}}]	23	1
639	2021-04-27 12:12:19.153594+00	5	Datos para: Solicitud: Parchado Base de datos	2	[{"changed": {"fields": ["Datos objetivos", "Datos alcances"]}}]	37	1
640	2021-04-27 12:12:29.681458+00	1	Datos para: Solicitud: Actualizacin ST-PI y ST-A/PI	2	[{"changed": {"fields": ["Datos objetivos", "Datos alcances"]}}]	37	1
641	2021-04-27 12:12:48.924354+00	4	Datos para: Solicitud: Actualizacion SAP Kernel	2	[{"changed": {"fields": ["Datos objetivos", "Datos alcances"]}}]	37	1
642	2021-04-27 12:13:12.883722+00	3	Datos para: Solicitud: Actualizacion OS	2	[{"changed": {"fields": ["Datos objetivos", "Datos alcances"]}}]	37	1
643	2021-04-27 12:13:53.863895+00	2	Datos para: Solicitud: Cambio Hora invierno	2	[{"changed": {"fields": ["Datos objetivos", "Datos alcances"]}}]	37	1
644	2021-04-27 17:50:06.469099+00	61	Sistema:61: Pre-Requisitos | AMBIENTE: DEV	1	[{"added": {}}]	9	1
645	2021-04-27 17:51:03.121207+00	1	Datos de actividades para: Solicitud: Actualizacin ST-PI y ST-A/PI, | PRE-REQUISITOS: Descarga de medios | Sistema:61: Pre-Requisitos | AMBIENTE: DEV	2	[{"changed": {"fields": ["Est descripcion actividad", "Est sistema", "Est requisito"]}}]	38	1
646	2021-04-27 17:52:53.191743+00	13	Datos de actividades para: Solicitud: Cambio Hora invierno, | Revisin y/o aplicacin de nota: Revisar nota 010203 | Sistema:61: Pre-Requisitos | AMBIENTE: DEV	2	[{"changed": {"fields": ["Est sistema", "Est requisito"]}}]	38	1
647	2021-04-27 17:53:54.069879+00	62	Sistema:62: Post-Requisitos | AMBIENTE: PRD	1	[{"added": {}}]	9	1
648	2021-04-27 17:54:34.44215+00	129	Datos de actividades para: Solicitud: Parchado Base de datos, | Pre-requisitos: Descarga de medios | Sistema:61: Pre-Requisitos | AMBIENTE: DEV	2	[{"changed": {"fields": ["Est sistema", "Est requisito"]}}]	38	1
649	2021-04-27 17:54:50.492022+00	130	Datos de actividades para: Solicitud: Parchado Base de datos, | Pre-requisitos: Backup FULL | Sistema:61: Pre-Requisitos | AMBIENTE: DEV	2	[{"changed": {"fields": ["Est sistema", "Est requisito"]}}]	38	1
650	2021-04-27 17:55:26.224733+00	20	Datos de actividades para: Solicitud: Cambio Hora invierno, | Monitoreo | Sistema:62: Post-Requisitos | AMBIENTE: PRD	2	[{"changed": {"fields": ["Est sistema", "Est orden", "Est requisito"]}}]	38	1
651	2021-04-27 18:49:38.31153+00	1	Datos para: Solicitud: Actualizacin ST-PI y ST-A/PI	2	[{"changed": {"fields": ["Datos alcances"]}}]	37	1
652	2021-04-28 12:29:29.693384+00	40	INDURA	1	[{"added": {}}]	8	1
653	2021-04-28 12:29:54.922158+00	40	Cargo 40: Encargado de seguridad	2	[{"changed": {"fields": ["Nombre cargo"]}}]	11	1
654	2021-04-28 12:29:56.608425+00	50	 Ivan Gavilan 	1	[{"added": {}}]	13	1
655	2021-04-28 12:30:55.021028+00	46	Cargo 46: Oficial de seguridad de la Informacion	1	[{"added": {}}]	11	1
656	2021-04-28 12:31:04.342953+00	51	 Juan Pablo Vergara 	1	[{"added": {}}]	13	1
657	2021-04-28 12:34:33.122296+00	47	Cargo 47: Lder Tcnico SAP	1	[{"added": {}}]	11	1
658	2021-04-28 12:34:39.509242+00	47	Cargo 47: Lder tcnico SAP	2	[{"changed": {"fields": ["Nombre cargo"]}}]	11	1
659	2021-04-28 12:35:40.737886+00	52	 Luis Dueas 	1	[{"added": {}}]	13	1
660	2021-04-28 12:37:14.240725+00	48	Cargo 48: Lder Tcnico TI Infraestructura y Cloud	1	[{"added": {}}]	11	1
661	2021-04-28 12:37:24.334371+00	53	 Felipe Espinoza 	1	[{"added": {}}]	13	1
662	2021-04-28 12:38:31.960653+00	54	 Alicia Gutierrez 	1	[{"added": {}}]	13	1
663	2021-04-28 12:39:31.300156+00	49	Cargo 49: Operador SAP y TI	1	[{"added": {}}]	11	1
664	2021-04-28 12:39:39.656181+00	55	 Nahuel Guzman 	1	[{"added": {}}]	13	1
665	2021-04-28 12:40:29.960819+00	56	 Elimarys Tineo 	1	[{"added": {}}]	13	1
666	2021-04-28 12:41:10.250347+00	50	Cargo 50: Jefe Operaciones SAP Basis	1	[{"added": {}}]	11	1
667	2021-04-28 12:41:18.001134+00	57	 Javier Duran 	1	[{"added": {}}]	13	1
668	2021-04-28 12:43:32.333278+00	35	Sistema:35: SAP ERP 6.0 EHP 8 | AMBIENTE: QAS	2	[{"changed": {"fields": ["NombreSistema"]}}]	9	1
669	2021-04-28 12:45:14.200642+00	35	AMBIENTE: SANDBOX	1	[{"added": {}}]	7	1
670	2021-04-28 12:45:17.205547+00	63	Sistema:63: SAP ERP 6.0 EHP 8 | AMBIENTE: SANDBOX	1	[{"added": {}}]	9	1
671	2021-04-28 12:46:25.112853+00	64	Sistema:64: SAP BW NetWeaver 2004s | AMBIENTE: DEV	1	[{"added": {}}]	9	1
672	2021-04-28 12:46:58.589032+00	65	Sistema:65: SAP BW NetWeaver 2004s | AMBIENTE: PRD	1	[{"added": {}}]	9	1
673	2021-04-28 12:47:16.985025+00	66	Sistema:66: SAP Portal NetWeaver 2004s | AMBIENTE: DEV	1	[{"added": {}}]	9	1
674	2021-04-28 12:47:20.665141+00	67	Sistema:67: SAP Portal NetWeaver 2004s | AMBIENTE: PRD	1	[{"added": {}}]	9	1
675	2021-04-28 12:48:21.090369+00	68	Sistema:68: SAP Solution Manager 7.2 SP5 | AMBIENTE: PRD	1	[{"added": {}}]	9	1
676	2021-04-28 12:49:25.035204+00	40	INDURA	2	[{"changed": {"fields": ["Sistema FK", "Equipo tecnico clientes"]}}]	8	1
677	2021-04-28 12:51:44.601638+00	41	AMSCREW	1	[{"added": {}}]	8	1
678	2021-04-28 12:52:51.739765+00	69	Sistema:69: Saprouter - WDP | AMBIENTE: PRD	1	[{"added": {}}]	9	1
679	2021-04-28 12:53:10.298236+00	70	Sistema:70: SAP Java MII NW 7.5 | AMBIENTE: DEV	1	[{"added": {}}]	9	1
680	2021-04-28 12:53:26.80121+00	71	Sistema:71: SAP Java MII NW 7.5 | AMBIENTE: PRD	1	[{"added": {}}]	9	1
681	2021-04-28 12:53:42.209575+00	72	Sistema:72: SAP Java ADS PRD NW 7.5 | AMBIENTE: PRD	1	[{"added": {}}]	9	1
682	2021-04-28 12:54:23.80198+00	41	AMSCREW	2	[{"changed": {"fields": ["Sistema FK"]}}]	8	1
683	2021-04-28 12:55:27.981491+00	51	Cargo 51: Gerente de TI	1	[{"added": {}}]	11	1
684	2021-04-28 12:55:46.681466+00	58	 Hernan Carretta 	1	[{"added": {}}]	13	1
685	2021-04-28 12:56:26.337543+00	52	Cargo 52: Gerencia de Tecnologia	1	[{"added": {}}]	11	1
686	2021-04-28 12:56:34.89538+00	59	 Anai Roman 	1	[{"added": {}}]	13	1
687	2021-04-28 12:57:06.953716+00	60	 Roberto Ormeo 	1	[{"added": {}}]	13	1
688	2021-04-28 12:57:48.119386+00	53	Cargo 53: Soporte TI	1	[{"added": {}}]	11	1
689	2021-04-28 12:57:54.686957+00	61	 Miguel Nahuelpan 	1	[{"added": {}}]	13	1
690	2021-04-28 12:58:13.435595+00	41	AMSCREW	2	[{"changed": {"fields": ["Equipo tecnico clientes"]}}]	8	1
691	2021-04-28 13:00:25.535745+00	54	Cargo 54: Gerente General	1	[{"added": {}}]	11	1
692	2021-04-28 13:00:42.695679+00	62	 Sebastian Salom 	1	[{"added": {}}]	13	1
693	2021-04-28 13:01:25.101373+00	63	 Enrique Hernandez Urrutia 	1	[{"added": {}}]	13	1
694	2021-04-28 13:02:18.261858+00	55	Cargo 55: Jefe Proyectos SAP	1	[{"added": {}}]	11	1
695	2021-04-28 13:02:26.900129+00	64	 Oscar Sella Aravena 	1	[{"added": {}}]	13	1
696	2021-04-28 13:03:00.319951+00	65	 Juan Jose Saavedra 	1	[{"added": {}}]	13	1
697	2021-04-28 13:03:14.661161+00	1	MATHIESSEN	2	[{"changed": {"fields": ["Email", "Equipo tecnico clientes"]}}]	8	1
698	2021-04-28 13:04:35.46804+00	56	Cargo 56: Jefe de Seguridad e Infraestructura IT	1	[{"added": {}}]	11	1
699	2021-04-28 13:04:44.680927+00	3	 Felix Yaez 	2	[{"changed": {"fields": ["Apellido tecnico", "Celular tecnico", "Email tecnico", "Cargo FK", "Tipo FK"]}}]	13	1
700	2021-04-28 13:08:00.952518+00	73	Sistema:73: SAP ERP 6.0 | AMBIENTE: DEV	1	[{"added": {}}]	9	1
701	2021-04-28 13:08:05.868545+00	74	Sistema:74: SAP ERP 6.0 | AMBIENTE: QAS	1	[{"added": {}}]	9	1
706	2021-04-28 13:10:16.572938+00	78	Sistema:78: SAProuter | AMBIENTE: PRD	1	[{"added": {}}]	9	1
707	2021-04-28 13:10:34.744474+00	79	Sistema:79: SAP BO 4.2 | AMBIENTE: PRD	1	[{"added": {}}]	9	1
708	2021-04-28 13:10:47.320809+00	80	Sistema:80: SAP BO 4.3 | AMBIENTE: PRD	1	[{"added": {}}]	9	1
709	2021-04-28 13:11:07.773403+00	81	Sistema:81: SAP BW | AMBIENTE: PRD	1	[{"added": {}}]	9	1
710	2021-04-28 13:11:19.097236+00	82	Sistema:82: SAP BW | AMBIENTE: DEV	1	[{"added": {}}]	9	1
711	2021-04-28 13:11:33.868328+00	83	Sistema:83: SAP SDI | AMBIENTE: DEV	1	[{"added": {}}]	9	1
712	2021-04-28 13:12:13.063766+00	84	Sistema:84: Cludendure PRD | AMBIENTE: PRD	1	[{"added": {}}]	9	1
713	2021-04-28 13:13:18.838551+00	1	MATHIESSEN	2	[{"changed": {"fields": ["Sistema FK", "Equipo tecnico clientes"]}}]	8	1
714	2021-04-28 13:22:03.283498+00	1	MATHIESSEN	2	[{"changed": {"fields": ["Sistema FK"]}}]	8	1
715	2021-04-28 13:24:27.847844+00	57	Cargo 57: Subgerente T.I.C	1	[{"added": {}}]	11	1
716	2021-04-28 13:24:46.080027+00	66	 Caludia Jofre 	1	[{"added": {}}]	13	1
717	2021-04-28 13:24:49.738723+00	42	BLUMAR	1	[{"added": {}}]	8	1
718	2021-04-28 13:25:03.587043+00	66	 Caludia Jofre 	2	[{"changed": {"fields": ["Cliente"]}}]	13	1
719	2021-04-28 13:25:41.386167+00	58	Cargo 58: Jefe de plataforma TIC	1	[{"added": {}}]	11	1
720	2021-04-28 13:25:51.631491+00	67	 Daniel Dommar 	1	[{"added": {}}]	13	1
721	2021-04-28 13:26:27.490806+00	59	Cargo 59: Jefe TIC	1	[{"added": {}}]	11	1
722	2021-04-28 13:26:34.66183+00	68	 Carlos Rodriguez 	1	[{"added": {}}]	13	1
723	2021-04-28 13:27:10.625152+00	69	 Gerardo Ayarte 	1	[{"added": {}}]	13	1
724	2021-04-28 13:28:00.828713+00	85	Sistema:85: SAP Cloud Platform Cockpit | AMBIENTE: PRD	1	[{"added": {}}]	9	1
725	2021-04-28 13:28:15.590146+00	86	Sistema:86: SAP Cloud Connector | AMBIENTE: QAS	1	[{"added": {}}]	9	1
726	2021-04-28 13:28:20.218209+00	87	Sistema:87: SAP Cloud Connector | AMBIENTE: PRD	1	[{"added": {}}]	9	1
727	2021-04-28 13:28:37.516534+00	88	Sistema:88: Blucomunidades | AMBIENTE: PRD	1	[{"added": {}}]	9	1
728	2021-04-28 13:28:47.924211+00	89	Sistema:89: Blucomunidades | AMBIENTE: QAS	1	[{"added": {}}]	9	1
729	2021-04-28 13:28:56.682342+00	90	Sistema:90: Blucontrol | AMBIENTE: PRD	1	[{"added": {}}]	9	1
730	2021-04-28 13:29:01.562263+00	91	Sistema:91: Blucontrol | AMBIENTE: QAS	1	[{"added": {}}]	9	1
731	2021-04-28 13:29:11.878665+00	92	Sistema:92: Bluharina | AMBIENTE: PRD	1	[{"added": {}}]	9	1
732	2021-04-28 13:29:16.387336+00	93	Sistema:93: Bluharina | AMBIENTE: QAS	1	[{"added": {}}]	9	1
733	2021-04-28 13:30:07.095251+00	42	BLUMAR	2	[{"changed": {"fields": ["Sistema FK", "Equipo tecnico clientes"]}}]	8	1
734	2021-04-28 13:31:42.73223+00	39	SANTA CLARA	2	[{"changed": {"fields": ["Equipo tecnico clientes"]}}]	8	1
735	2021-04-28 13:31:59.263445+00	34	ARTEL	2	[{"changed": {"fields": ["Equipo tecnico clientes"]}}]	8	1
736	2021-04-28 13:32:20.08583+00	35	ICB	2	[{"changed": {"fields": ["Equipo tecnico clientes"]}}]	8	1
737	2021-04-28 13:32:38.689364+00	36	EDELPA	2	[{"changed": {"fields": ["Equipo tecnico clientes"]}}]	8	1
738	2021-04-28 13:32:56.003697+00	37	CHAMPION	2	[{"changed": {"fields": ["Equipo tecnico clientes"]}}]	8	1
739	2021-04-28 13:33:12.994586+00	38	PUERTO CORONEL	2	[{"changed": {"fields": ["Equipo tecnico clientes"]}}]	8	1
740	2021-04-28 13:35:29.05772+00	94	Sistema:94: SAP HANA SDI | AMBIENTE: PRD	1	[{"added": {}}]	9	1
741	2021-04-28 13:35:40.865094+00	95	Sistema:95: SAP HANA SDI | AMBIENTE: QAS	1	[{"added": {}}]	9	1
742	2021-04-28 13:36:01.240957+00	96	Sistema:96: SAP Cloud Platform Cockpit | AMBIENTE: QAS	1	[{"added": {}}]	9	1
743	2021-04-28 13:36:20.128075+00	97	Sistema:97: JNV | AMBIENTE: PRD	1	[{"added": {}}]	9	1
744	2021-04-28 13:36:42.044358+00	43	IANSA	1	[{"added": {}}]	8	1
745	2021-04-28 13:37:26.639357+00	60	Cargo 60: Arquitecto / BI	1	[{"added": {}}]	11	1
746	2021-04-28 13:37:33.725872+00	70	 Sergio Alejandro Fernandez 	1	[{"added": {}}]	13	1
747	2021-04-28 13:37:46.707235+00	43	IANSA	2	[{"changed": {"fields": ["Equipo tecnico clientes"]}}]	8	1
748	2021-04-28 13:38:00.949499+00	42	BLUMAR	2	[{"changed": {"fields": ["Sistema FK"]}}]	8	1
749	2021-04-28 13:43:16.164271+00	36	EDELPA	2	[]	8	1
750	2021-04-28 13:44:24.60381+00	98	Sistema:98: Domain Controller | AMBIENTE: PRD	1	[{"added": {}}]	9	1
751	2021-04-28 13:44:36.300508+00	99	Sistema:99: DB SAP | AMBIENTE: PRD	1	[{"added": {}}]	9	1
752	2021-04-28 13:44:44.968157+00	100	Sistema:100: Servidor de Respaldo | AMBIENTE: PRD	1	[{"added": {}}]	9	1
753	2021-04-28 13:44:54.608143+00	101	Sistema:101: Sistemas Carsol | AMBIENTE: PRD	1	[{"added": {}}]	9	1
754	2021-04-28 13:45:06.626001+00	102	Sistema:102: Carsol Facturacin | AMBIENTE: PRD	1	[{"added": {}}]	9	1
755	2021-04-28 13:45:15.32026+00	103	Sistema:103: Domain Controller PRD 1 | AMBIENTE: PRD	1	[{"added": {}}]	9	1
756	2021-04-28 13:45:22.777524+00	104	Sistema:104: Domain Controller PRD 2 | AMBIENTE: PRD	1	[{"added": {}}]	9	1
757	2021-04-28 13:45:29.584413+00	105	Sistema:105: Servidor Clickview RDP | AMBIENTE: PRD	1	[{"added": {}}]	9	1
758	2021-04-28 13:45:36.773061+00	106	Sistema:106: Sistema Carsol Per | AMBIENTE: PRD	1	[{"added": {}}]	9	1
759	2021-04-28 13:47:04.19436+00	71	 Hrmes Sanchez 	1	[{"added": {}}]	13	1
760	2021-04-28 13:47:05.733972+00	44	CARSOL	1	[{"added": {}}]	8	1
761	2021-04-28 13:47:17.581866+00	71	 Hrmes Sanchez 	2	[{"changed": {"fields": ["Cliente"]}}]	13	1
762	2021-04-28 13:48:34.018671+00	107	Sistema:107: SRV-SAP PROD | AMBIENTE: PRD	1	[{"added": {}}]	9	1
763	2021-04-28 13:48:44.777195+00	108	Sistema:108: SRV-WS-SAP | AMBIENTE: PRD	1	[{"added": {}}]	9	1
764	2021-04-28 13:49:01.751629+00	109	Sistema:109: SRV-GOGLOBAL | AMBIENTE: PRD	1	[{"added": {}}]	9	1
765	2021-04-28 13:49:28.444015+00	45	VIPAC	1	[{"added": {}}]	8	1
766	2021-04-28 13:50:04.853422+00	61	Cargo 61: Gestor de Servicios de TI	1	[{"added": {}}]	11	1
767	2021-04-28 13:50:11.421505+00	72	 Erick Lescano 	1	[{"added": {}}]	13	1
768	2021-04-28 13:50:15.068186+00	45	VIPAC	2	[{"changed": {"fields": ["Equipo tecnico clientes"]}}]	8	1
769	2021-04-28 13:53:00.34688+00	110	Sistema:110: vitafoods_sap_webdispatcher | AMBIENTE: PRD	1	[{"added": {}}]	9	1
770	2021-04-28 13:53:08.41994+00	111	Sistema:111: vitafoods_webserver | AMBIENTE: PRD	1	[{"added": {}}]	9	1
771	2021-04-28 13:53:25.651065+00	46	VITAFOODS	1	[{"added": {}}]	8	1
772	2021-04-28 13:54:16.843029+00	73	 Jose Santana Bohle 	1	[{"added": {}}]	13	1
773	2021-04-28 13:54:48.026894+00	62	Cargo 62: Infraestructura TI y Continuidad WMS	1	[{"added": {}}]	11	1
774	2021-04-28 13:54:54.501971+00	74	 Edson Huala Jimenez 	1	[{"added": {}}]	13	1
775	2021-04-28 13:54:55.675597+00	46	VITAFOODS	2	[{"changed": {"fields": ["Equipo tecnico clientes"]}}]	8	1
776	2021-04-28 13:56:25.224094+00	47	DERCO	1	[{"added": {}}]	8	1
777	2021-04-28 13:57:13.184431+00	63	Cargo 63: Gerencia Corporativa de Tecnologa	1	[{"added": {}}]	11	1
778	2021-04-28 13:57:21.613296+00	75	 Mario Guillermo Washington Escarate 	1	[{"added": {}}]	13	1
779	2021-04-28 13:57:30.748659+00	47	DERCO	2	[{"changed": {"fields": ["Equipo tecnico clientes"]}}]	8	1
780	2021-04-28 13:59:01.19835+00	48	INCHCAPE	1	[{"added": {}}]	8	1
781	2021-04-28 14:00:50.758478+00	76	 Eduardo Hart 	1	[{"added": {}}]	13	1
782	2021-04-28 14:01:45.321213+00	77	 Jose Michael Santibanez 	1	[{"added": {}}]	13	1
783	2021-04-28 14:17:47.216662+00	48	INCHCAPE	2	[{"changed": {"fields": ["Equipo tecnico clientes"]}}]	8	1
784	2021-04-28 14:19:20.25172+00	49	CV-TRADING	1	[{"added": {}}]	8	1
785	2021-04-28 14:20:05.599134+00	64	Cargo 64: Encargado de Redes y Soporte	1	[{"added": {}}]	11	1
786	2021-04-28 14:20:18.240582+00	78	 Diego Vilches 	1	[{"added": {}}]	13	1
787	2021-04-28 14:21:11.333446+00	79	 Miguel Rivero 	1	[{"added": {}}]	13	1
788	2021-04-28 14:21:12.77737+00	49	CV-TRADING	2	[{"changed": {"fields": ["Equipo tecnico clientes"]}}]	8	1
789	2021-04-28 14:24:57.010548+00	53	 Felipe Espinoza 	2	[{"changed": {"fields": ["Tipo FK"]}}]	13	1
790	2021-04-28 14:26:42.035039+00	36	Solicitud: Cambio Hora invierno	2	[{"changed": {"fields": ["Es estandar"]}}]	17	1
791	2021-04-28 14:27:00.868953+00	36	Solicitud: Cambio Hora invierno	2	[{"changed": {"fields": ["Es estandar"]}}]	17	1
792	2021-04-28 14:28:58.077436+00	367	Datos de actividades para: Solicitud: Actualizacin ST-PI y ST-A/PI, | Actualizacin DEV: Actualizacin ST-PI | Sistema:73: SAP ERP 6.0 | AMBIENTE: DEV	1	[{"added": {}}]	38	1
793	2021-04-28 14:29:39.754544+00	368	Datos de actividades para: Solicitud: Actualizacin ST-PI y ST-A/PI, | Actualizacin DEV: Actualizacin ST-A/PI | Sistema:73: SAP ERP 6.0 | AMBIENTE: DEV	1	[{"added": {}}]	38	1
794	2021-04-28 14:30:03.214087+00	369	Datos de actividades para: Solicitud: Actualizacin ST-PI y ST-A/PI, | Actualizacin DEV: Actualizacin ST-PI | Sistema:74: SAP ERP 6.0 | AMBIENTE: QAS	1	[{"added": {}}]	38	1
795	2021-04-28 14:30:22.323835+00	370	Datos de actividades para: Solicitud: Actualizacin ST-PI y ST-A/PI, | Actualizacin DEV: Actualizacin ST-A/PI | Sistema:74: SAP ERP 6.0 | AMBIENTE: QAS	1	[{"added": {}}]	38	1
796	2021-04-28 14:30:46.814616+00	371	Datos de actividades para: Solicitud: Actualizacin ST-PI y ST-A/PI, | Actualizacin DEV: Actualizacin ST-PI | Sistema:75: SAP ERP 6.0 | AMBIENTE: PRD	1	[{"added": {}}]	38	1
797	2021-04-28 14:31:09.539963+00	372	Datos de actividades para: Solicitud: Actualizacin ST-PI y ST-A/PI, | Actualizacin PRD: Actualizacin ST-A/PI | Sistema:75: SAP ERP 6.0 | AMBIENTE: PRD	1	[{"added": {}}]	38	1
798	2021-04-28 14:31:20.768782+00	369	Datos de actividades para: Solicitud: Actualizacin ST-PI y ST-A/PI, | Actualizacin QAS: Actualizacin ST-PI | Sistema:74: SAP ERP 6.0 | AMBIENTE: QAS	2	[{"changed": {"fields": ["Est descripcion actividad"]}}]	38	1
799	2021-04-28 14:31:27.278241+00	370	Datos de actividades para: Solicitud: Actualizacin ST-PI y ST-A/PI, | Actualizacin QAS: Actualizacin ST-A/PI | Sistema:74: SAP ERP 6.0 | AMBIENTE: QAS	2	[{"changed": {"fields": ["Est descripcion actividad"]}}]	38	1
800	2021-04-28 14:31:39.148321+00	371	Datos de actividades para: Solicitud: Actualizacin ST-PI y ST-A/PI, | Actualizacin PRD: Actualizacin ST-PI | Sistema:75: SAP ERP 6.0 | AMBIENTE: PRD	2	[{"changed": {"fields": ["Est descripcion actividad"]}}]	38	1
801	2021-04-28 14:32:43.882451+00	373	Datos de actividades para: Solicitud: Actualizacin ST-PI y ST-A/PI, | Actualizacin SBX: Actualizacin ST-PI | Sistema:76: SAP ERP 6.0 | AMBIENTE: SANDBOX	1	[{"added": {}}]	38	1
802	2021-04-28 14:33:02.138828+00	374	Datos de actividades para: Solicitud: Actualizacin ST-PI y ST-A/PI, | Actualizacin DEV: Actualizacin ST-A/PI | Sistema:76: SAP ERP 6.0 | AMBIENTE: SANDBOX	1	[{"added": {}}]	38	1
803	2021-04-28 14:34:07.342345+00	375	Datos de actividades para: Solicitud: Actualizacin ST-PI y ST-A/PI, | Actualizacin BWD: Actualizacin ST-PI | Sistema:64: SAP BW NetWeaver 2004s | AMBIENTE: DEV	1	[{"added": {}}]	38	1
804	2021-04-28 14:34:43.011507+00	376	Datos de actividades para: Solicitud: Actualizacin ST-PI y ST-A/PI, | Actualizacin BWD: Actualizacin ST-A/PI | Sistema:64: SAP BW NetWeaver 2004s | AMBIENTE: DEV	1	[{"added": {}}]	38	1
805	2021-04-28 14:35:20.851574+00	377	Datos de actividades para: Solicitud: Actualizacin ST-PI y ST-A/PI, | Actualizacin BWP: Actualizacin ST-PI | Sistema:65: SAP BW NetWeaver 2004s | AMBIENTE: PRD	1	[{"added": {}}]	38	1
806	2021-04-28 14:36:08.856494+00	378	Datos de actividades para: Solicitud: Actualizacin ST-PI y ST-A/PI, | Actualizacin BWP: Actualizacin ST-A/PI | Sistema:65: SAP BW NetWeaver 2004s | AMBIENTE: PRD	1	[{"added": {}}]	38	1
807	2021-04-28 14:36:58.92853+00	379	Datos de actividades para: Solicitud: Actualizacin ST-PI y ST-A/PI, | Actualizacin EPD: Actualizacin ST-PI | Sistema:66: SAP Portal NetWeaver 2004s | AMBIENTE: DEV	1	[{"added": {}}]	38	1
808	2021-04-28 14:37:59.247546+00	380	Datos de actividades para: Solicitud: Actualizacin ST-PI y ST-A/PI, | Actualizacin EPD: Actualizacin ST-A/PI | Sistema:66: SAP Portal NetWeaver 2004s | AMBIENTE: DEV	1	[{"added": {}}]	38	1
809	2021-04-28 14:38:31.183242+00	381	Datos de actividades para: Solicitud: Actualizacin ST-PI y ST-A/PI, | Actualizacin EPP: Actualizacin ST-PI | Sistema:67: SAP Portal NetWeaver 2004s | AMBIENTE: PRD	1	[{"added": {}}]	38	1
810	2021-04-28 14:45:33.645541+00	382	Datos de actividades para: Solicitud: Actualizacin ST-PI y ST-A/PI, | Actualizacin EPP: Actualizacin ST-A/PI | Sistema:65: SAP BW NetWeaver 2004s | AMBIENTE: PRD	1	[{"added": {}}]	38	1
811	2021-04-28 14:47:15.52686+00	383	Datos de actividades para: Solicitud: Actualizacin ST-PI y ST-A/PI, | Actualizacin SMA: Actualizacin ST-PI | Sistema:68: SAP Solution Manager 7.2 SP5 | AMBIENTE: PRD	1	[{"added": {}}]	38	1
812	2021-04-28 14:47:33.882143+00	384	Datos de actividades para: Solicitud: Actualizacin ST-PI y ST-A/PI, | Actualizacin SMA: Actualizacin ST-A/PI | Sistema:68: SAP Solution Manager 7.2 SP5 | AMBIENTE: PRD	1	[{"added": {}}]	38	1
813	2021-04-28 14:50:44.775067+00	385	Datos de actividades para: Solicitud: Actualizacin ST-PI y ST-A/PI, | Actualizacin MID: Actualizacin ST-PI | Sistema:70: SAP Java MII NW 7.5 | AMBIENTE: DEV	1	[{"added": {}}]	38	1
814	2021-04-28 14:51:02.021968+00	386	Datos de actividades para: Solicitud: Actualizacin ST-PI y ST-A/PI, | Actualizacin EPP: Actualizacin ST-A/PI | Sistema:70: SAP Java MII NW 7.5 | AMBIENTE: DEV	1	[{"added": {}}]	38	1
815	2021-04-28 14:51:13.38163+00	386	Datos de actividades para: Solicitud: Actualizacin ST-PI y ST-A/PI, | Actualizacin MID: Actualizacin ST-A/PI | Sistema:70: SAP Java MII NW 7.5 | AMBIENTE: DEV	2	[{"changed": {"fields": ["Est descripcion actividad"]}}]	38	1
816	2021-04-28 14:51:48.368415+00	387	Datos de actividades para: Solicitud: Actualizacin ST-PI y ST-A/PI, | Actualizacin MIP: Actualizacin ST-A/PI | Sistema:71: SAP Java MII NW 7.5 | AMBIENTE: PRD	1	[{"added": {}}]	38	1
817	2021-04-28 14:52:17.326546+00	388	Datos de actividades para: Solicitud: Actualizacin ST-PI y ST-A/PI, | Actualizacin MIP: Actualizacin ST-PI | Sistema:71: SAP Java MII NW 7.5 | AMBIENTE: PRD	1	[{"added": {}}]	38	1
1697	2021-06-08 13:24:41.822233+00	38	 Michael Rodrigo 	2	[{"changed": {"fields": ["Email tecnico"]}}]	13	1
818	2021-04-28 14:52:52.60687+00	389	Datos de actividades para: Solicitud: Actualizacin ST-PI y ST-A/PI, | Actualizacin ADP: Actualizacin ST-PI | Sistema:72: SAP Java ADS PRD NW 7.5 | AMBIENTE: PRD	1	[{"added": {}}]	38	1
819	2021-04-28 14:53:28.22792+00	390	Datos de actividades para: Solicitud: Actualizacin ST-PI y ST-A/PI, | Actualizacin ADP: Actualizacin ST-A/PI | Sistema:72: SAP Java ADS PRD NW 7.5 | AMBIENTE: PRD	1	[{"added": {}}]	38	1
820	2021-04-28 14:54:08.988053+00	391	Datos de actividades para: Solicitud: Actualizacin ST-PI y ST-A/PI, | Actualizacin WDP: Actualizacin ST-PI | Sistema:69: Saprouter - WDP | AMBIENTE: PRD	1	[{"added": {}}]	38	1
821	2021-04-28 14:54:36.228772+00	392	Datos de actividades para: Solicitud: Actualizacin ST-PI y ST-A/PI, | Actualizacin WDP: Actualizacin ST-A/PI | Sistema:72: SAP Java ADS PRD NW 7.5 | AMBIENTE: PRD	1	[{"added": {}}]	38	1
822	2021-04-28 15:03:44.202532+00	393	Datos de actividades para: Solicitud: Actualizacin ST-PI y ST-A/PI, | Actualizacin SAP SDI-WDP: Actualizacin ST-PI | Sistema:77: SAP SDI - WDP | AMBIENTE: PRD	1	[{"added": {}}]	38	1
823	2021-04-28 15:04:05.987599+00	394	Datos de actividades para: Solicitud: Actualizacin ST-PI y ST-A/PI, | Actualizacin SAP SDI-WDP: Actualizacin ST-A/PI | Sistema:77: SAP SDI - WDP | AMBIENTE: PRD	1	[{"added": {}}]	38	1
824	2021-04-28 15:05:08.29601+00	395	Datos de actividades para: Solicitud: Actualizacin ST-PI y ST-A/PI, | Actualizacin SAP Router: Actualizacin ST-PI | Sistema:78: SAProuter | AMBIENTE: PRD	1	[{"added": {}}]	38	1
825	2021-04-28 15:05:24.831562+00	396	Datos de actividades para: Solicitud: Actualizacin ST-PI y ST-A/PI, | Actualizacin SAP Router: Actualizacin ST-A/PI | Sistema:78: SAProuter | AMBIENTE: PRD	1	[{"added": {}}]	38	1
826	2021-04-28 15:06:09.0264+00	397	Datos de actividades para: Solicitud: Actualizacin ST-PI y ST-A/PI, | Actualizacin BOE PRD: Actualizacin ST-PI | Sistema:79: SAP BO 4.2 | AMBIENTE: PRD	1	[{"added": {}}]	38	1
827	2021-04-28 15:06:25.613167+00	398	Datos de actividades para: Solicitud: Actualizacin ST-PI y ST-A/PI, | Actualizacin BOE PRD: Actualizacin ST-PI | Sistema:79: SAP BO 4.2 | AMBIENTE: PRD	1	[{"added": {}}]	38	1
828	2021-04-28 15:06:59.534301+00	399	Datos de actividades para: Solicitud: Actualizacin ST-PI y ST-A/PI, | Actualizacin BOE 4.3 PRD: Actualizacin ST-PI | Sistema:80: SAP BO 4.3 | AMBIENTE: PRD	1	[{"added": {}}]	38	1
829	2021-04-28 15:07:34.153268+00	400	Datos de actividades para: Solicitud: Actualizacin ST-PI y ST-A/PI, | Actualizacin BOE 4.3 PRD: Actualizacin ST-A/PI | Sistema:80: SAP BO 4.3 | AMBIENTE: PRD	1	[{"added": {}}]	38	1
830	2021-04-28 15:08:34.410249+00	401	Datos de actividades para: Solicitud: Actualizacin ST-PI y ST-A/PI, | Actualizacin BWP: Actualizacin ST-PI | Sistema:81: SAP BW | AMBIENTE: PRD	1	[{"added": {}}]	38	1
831	2021-04-28 15:09:27.016009+00	402	Datos de actividades para: Solicitud: Actualizacin ST-PI y ST-A/PI, | Actualizacin BWP: Actualizacin ST-PI | Sistema:80: SAP BO 4.3 | AMBIENTE: PRD	1	[{"added": {}}]	38	1
832	2021-04-28 15:11:16.334741+00	403	Datos de actividades para: Solicitud: Actualizacin ST-PI y ST-A/PI, | Actualizacin BWD: Actualizacin ST-PI | Sistema:82: SAP BW | AMBIENTE: DEV	1	[{"added": {}}]	38	1
833	2021-04-28 15:11:35.555444+00	404	Datos de actividades para: Solicitud: Actualizacin ST-PI y ST-A/PI, | Actualizacin BWD: Actualizacin ST-A/PI | Sistema:82: SAP BW | AMBIENTE: DEV	1	[{"added": {}}]	38	1
834	2021-04-28 15:12:14.984784+00	402	Datos de actividades para: Solicitud: Actualizacin ST-PI y ST-A/PI, | Actualizacin BWP: Actualizacin ST-PI | Sistema:81: SAP BW | AMBIENTE: PRD	2	[{"changed": {"fields": ["Est sistema"]}}]	38	1
835	2021-04-28 15:12:54.138596+00	405	Datos de actividades para: Solicitud: Actualizacin ST-PI y ST-A/PI, | Actualizacin SDI DEV: Actualizacin ST-PI | Sistema:83: SAP SDI | AMBIENTE: DEV	1	[{"added": {}}]	38	1
836	2021-04-28 15:13:14.168615+00	406	Datos de actividades para: Solicitud: Actualizacin ST-PI y ST-A/PI, | Actualizacin SDI DEV: Actualizacin ST-A/PI | Sistema:83: SAP SDI | AMBIENTE: DEV	1	[{"added": {}}]	38	1
837	2021-04-28 15:13:43.035159+00	407	Datos de actividades para: Solicitud: Actualizacin ST-PI y ST-A/PI, | Actualizacin SAP CRM: Actualizacin ST-PI | Sistema:1: SAP CRM | AMBIENTE: DEV	1	[{"added": {}}]	38	1
838	2021-04-28 15:13:55.248357+00	408	Datos de actividades para: Solicitud: Actualizacin ST-PI y ST-A/PI, | Actualizacin SAP CRM: Actualizacin ST-PI | Sistema:1: SAP CRM | AMBIENTE: DEV	1	[{"added": {}}]	38	1
839	2021-04-28 15:14:07.412991+00	408	Datos de actividades para: Solicitud: Actualizacin ST-PI y ST-A/PI, | Actualizacin SAP CRM: Actualizacin ST-A/PI | Sistema:1: SAP CRM | AMBIENTE: DEV	2	[{"changed": {"fields": ["Est descripcion actividad"]}}]	38	1
840	2021-04-28 15:14:52.813027+00	409	Datos de actividades para: Solicitud: Actualizacin ST-PI y ST-A/PI, | Actualizacin SMA: Actualizacin ST-PI | Sistema:2: Solman 7.2 | AMBIENTE: PRD	1	[{"added": {}}]	38	1
841	2021-04-28 15:15:15.799139+00	410	Datos de actividades para: Solicitud: Actualizacin ST-PI y ST-A/PI, | Actualizacin SMA: Actualizacin ST-A/PI | Sistema:2: Solman 7.2 | AMBIENTE: PRD	1	[{"added": {}}]	38	1
842	2021-04-28 15:15:43.786837+00	411	Datos de actividades para: Solicitud: Actualizacin ST-PI y ST-A/PI, | Actualizacin Cloudendure PRD: Actualizacin ST-PI | Sistema:84: Cludendure PRD | AMBIENTE: PRD	1	[{"added": {}}]	38	1
843	2021-04-28 15:15:58.760872+00	412	Datos de actividades para: Solicitud: Actualizacin ST-PI y ST-A/PI, | Actualizacin Cloudendure PRD: Actualizacin ST-A/PI | Sistema:84: Cludendure PRD | AMBIENTE: PRD	1	[{"added": {}}]	38	1
844	2021-04-28 15:17:44.33464+00	413	Datos de actividades para: Solicitud: Actualizacin ST-PI y ST-A/PI, | Actualizacin Platform Cockpit: Actualizacin ST-A/PI | Sistema:85: SAP Cloud Platform Cockpit | AMBIENTE: PRD	1	[{"added": {}}]	38	1
845	2021-04-28 15:18:08.459833+00	414	Datos de actividades para: Solicitud: Actualizacin ST-PI y ST-A/PI, | Actualizacin Platform Cockpit: Actualizacin ST-A/PI | Sistema:85: SAP Cloud Platform Cockpit | AMBIENTE: PRD	1	[{"added": {}}]	38	1
846	2021-04-28 18:36:28.117242+00	415	Datos de actividades para: Solicitud: Actualizacin ST-PI y ST-A/PI, | Actualizacin SAP Cloud Connector QAS : Actualizacin ST-PI | Sistema:86: SAP Cloud Connector | AMBIENTE: QAS	1	[{"added": {}}]	38	1
847	2021-04-28 18:36:52.278965+00	416	Datos de actividades para: Solicitud: Actualizacin ST-PI y ST-A/PI, | Actualizacin SAP Cloud Connector QAS : Actualizacin ST-A/PI | Sistema:86: SAP Cloud Connector | AMBIENTE: QAS	1	[{"added": {}}]	38	1
848	2021-04-28 18:37:14.134301+00	417	Datos de actividades para: Solicitud: Actualizacin ST-PI y ST-A/PI, | Actualizacin SAP Cloud Connector PRD : Actualizacin ST-PI | Sistema:87: SAP Cloud Connector | AMBIENTE: PRD	1	[{"added": {}}]	38	1
849	2021-04-28 18:37:49.635443+00	418	Datos de actividades para: Solicitud: Actualizacin ST-PI y ST-A/PI, | Actualizacin SAP Cloud Connector PRD : Actualizacin ST-A/PI | Sistema:87: SAP Cloud Connector | AMBIENTE: PRD	1	[{"added": {}}]	38	1
850	2021-04-28 18:40:01.770373+00	419	Datos de actividades para: Solicitud: Actualizacin ST-PI y ST-A/PI, | Actualizacin Blucomunidades : Actualizacin ST-PI | Sistema:88: Blucomunidades | AMBIENTE: PRD	1	[{"added": {}}]	38	1
851	2021-04-28 18:40:19.794712+00	420	Datos de actividades para: Solicitud: Actualizacin ST-PI y ST-A/PI, | Actualizacin Blucomunidades : Actualizacin ST-PI | Sistema:88: Blucomunidades | AMBIENTE: PRD	1	[{"added": {}}]	38	1
852	2021-04-28 18:40:39.894241+00	421	Datos de actividades para: Solicitud: Actualizacin ST-PI y ST-A/PI, | Actualizacin Blucomunidades : Actualizacin ST-PI | Sistema:89: Blucomunidades | AMBIENTE: QAS	1	[{"added": {}}]	38	1
853	2021-04-28 18:41:05.880521+00	422	Datos de actividades para: Solicitud: Actualizacin ST-PI y ST-A/PI, | Actualizacin Blucomunidades : Actualizacin ST-A/PI | Sistema:89: Blucomunidades | AMBIENTE: QAS	1	[{"added": {}}]	38	1
854	2021-04-28 18:41:21.221317+00	420	Datos de actividades para: Solicitud: Actualizacin ST-PI y ST-A/PI, | Actualizacin Blucomunidades : Actualizacin ST-A/PI | Sistema:88: Blucomunidades | AMBIENTE: PRD	2	[{"changed": {"fields": ["Est descripcion actividad"]}}]	38	1
855	2021-04-28 18:42:19.777477+00	423	Datos de actividades para: Solicitud: Actualizacin ST-PI y ST-A/PI, | Actualizacin Blucontrol : Actualizacin ST-PI | Sistema:90: Blucontrol | AMBIENTE: PRD	1	[{"added": {}}]	38	1
856	2021-04-28 18:42:39.402187+00	424	Datos de actividades para: Solicitud: Actualizacin ST-PI y ST-A/PI, | Actualizacin Blucontrol : Actualizacin ST-A/PI | Sistema:90: Blucontrol | AMBIENTE: PRD	1	[{"added": {}}]	38	1
857	2021-04-28 18:42:59.781424+00	425	Datos de actividades para: Solicitud: Actualizacin ST-PI y ST-A/PI, | Actualizacin Blucontrol : Actualizacin ST-PI | Sistema:91: Blucontrol | AMBIENTE: QAS	1	[{"added": {}}]	38	1
858	2021-04-28 18:43:33.271937+00	425	Datos de actividades para: Solicitud: Actualizacin ST-PI y ST-A/PI, | Actualizacin Blucontrol : Actualizacin ST-PI | Sistema:91: Blucontrol | AMBIENTE: QAS	2	[{"changed": {"fields": ["Est orden"]}}]	38	1
859	2021-04-28 18:43:35.203082+00	426	Datos de actividades para: Solicitud: Actualizacin ST-PI y ST-A/PI, | Actualizacin Blucontrol : Actualizacin ST-A/PI | Sistema:91: Blucontrol | AMBIENTE: QAS	1	[{"added": {}}]	38	1
860	2021-04-28 18:46:58.439447+00	427	Datos de actividades para: Solicitud: Actualizacin ST-PI y ST-A/PI, | Actualizacin Bluharina : Actualizacin ST-A/PI | Sistema:92: Bluharina | AMBIENTE: PRD	1	[{"added": {}}]	38	1
861	2021-04-28 18:47:24.861146+00	428	Datos de actividades para: Solicitud: Actualizacin ST-PI y ST-A/PI, | Actualizacin Bluharina : Actualizacin ST-PI | Sistema:92: Bluharina | AMBIENTE: PRD	1	[{"added": {}}]	38	1
862	2021-04-28 18:47:49.116208+00	429	Datos de actividades para: Solicitud: Actualizacin ST-PI y ST-A/PI, | Actualizacin Bluharina : Actualizacin ST-PI | Sistema:91: Blucontrol | AMBIENTE: QAS	1	[{"added": {}}]	38	1
863	2021-04-28 18:48:02.983208+00	430	Datos de actividades para: Solicitud: Actualizacin ST-PI y ST-A/PI, | Actualizacin Bluharina : Actualizacin ST-A/PI | Sistema:93: Bluharina | AMBIENTE: QAS	1	[{"added": {}}]	38	1
864	2021-04-28 18:48:54.807744+00	431	Datos de actividades para: Solicitud: Actualizacin ST-PI y ST-A/PI, | Actualizacin SAP HANA SDI : Actualizacin ST-A/PI | Sistema:95: SAP HANA SDI | AMBIENTE: QAS	1	[{"added": {}}]	38	1
865	2021-04-28 18:49:32.926497+00	431	Datos de actividades para: Solicitud: Actualizacin ST-PI y ST-A/PI, | Actualizacin SAP HANA SDI : Actualizacin ST-A/PI | Sistema:95: SAP HANA SDI | AMBIENTE: QAS	2	[{"changed": {"fields": ["Est orden"]}}]	38	1
866	2021-04-28 18:49:37.696668+00	432	Datos de actividades para: Solicitud: Actualizacin ST-PI y ST-A/PI, | Actualizacin SAP HANA SDI : Actualizacin ST-PI | Sistema:95: SAP HANA SDI | AMBIENTE: QAS	1	[{"added": {}}]	38	1
867	2021-04-28 18:50:05.446084+00	433	Datos de actividades para: Solicitud: Actualizacin ST-PI y ST-A/PI, | Actualizacin SAP HANA SDI : Actualizacin ST-PI | Sistema:94: SAP HANA SDI | AMBIENTE: PRD	1	[{"added": {}}]	38	1
868	2021-04-28 18:50:35.559668+00	434	Datos de actividades para: Solicitud: Actualizacin ST-PI y ST-A/PI, | Actualizacin SAP HANA SDI : Actualizacin ST-A/PI | Sistema:94: SAP HANA SDI | AMBIENTE: PRD	1	[{"added": {}}]	38	1
869	2021-04-28 18:54:37.386931+00	435	Datos de actividades para: Solicitud: Actualizacin ST-PI y ST-A/PI, | Actualizacin DB SAP : Actualizacin ST-PI | Sistema:99: DB SAP | AMBIENTE: PRD	1	[{"added": {}}]	38	1
870	2021-04-28 18:54:50.677941+00	436	Datos de actividades para: Solicitud: Actualizacin ST-PI y ST-A/PI, | Actualizacin DB SAP : Actualizacin ST-PI | Sistema:99: DB SAP | AMBIENTE: PRD	1	[{"added": {}}]	38	1
871	2021-04-28 18:55:17.101965+00	437	Datos de actividades para: Solicitud: Actualizacin ST-PI y ST-A/PI, | Actualizacin Sistemas Carsol : Actualizacin ST-PI | Sistema:99: DB SAP | AMBIENTE: PRD	1	[{"added": {}}]	38	1
872	2021-04-28 18:55:34.245747+00	438	Datos de actividades para: Solicitud: Actualizacin ST-PI y ST-A/PI, | Actualizacin Sistemas Carsol : Actualizacin ST-A/PI | Sistema:101: Sistemas Carsol | AMBIENTE: PRD	1	[{"added": {}}]	38	1
873	2021-04-28 18:55:48.105445+00	437	Datos de actividades para: Solicitud: Actualizacin ST-PI y ST-A/PI, | Actualizacin Sistemas Carsol : Actualizacin ST-PI | Sistema:101: Sistemas Carsol | AMBIENTE: PRD	2	[{"changed": {"fields": ["Est sistema"]}}]	38	1
874	2021-04-28 18:56:24.577496+00	439	Datos de actividades para: Solicitud: Actualizacin ST-PI y ST-A/PI, | Actualizacin Facturacion Carsol : Actualizacin ST-PI | Sistema:102: Carsol Facturacin | AMBIENTE: PRD	1	[{"added": {}}]	38	1
875	2021-04-28 18:56:37.665316+00	440	Datos de actividades para: Solicitud: Actualizacin ST-PI y ST-A/PI, | Actualizacin Facturacion Carsol : Actualizacin ST-A/PI | Sistema:102: Carsol Facturacin | AMBIENTE: PRD	1	[{"added": {}}]	38	1
876	2021-04-28 18:57:56.140848+00	441	Datos de actividades para: Solicitud: Actualizacin ST-PI y ST-A/PI, | Actualizacin Domain Controller PRD1 : Actualizacin ST-PI | Sistema:103: Domain Controller PRD 1 | AMBIENTE: PRD	1	[{"added": {}}]	38	1
877	2021-04-28 18:58:11.070799+00	442	Datos de actividades para: Solicitud: Actualizacin ST-PI y ST-A/PI, | Actualizacin Domain Controller PRD1 : Actualizacin ST-A/PI | Sistema:103: Domain Controller PRD 1 | AMBIENTE: PRD	1	[{"added": {}}]	38	1
878	2021-04-28 18:58:57.144606+00	443	Datos de actividades para: Solicitud: Actualizacin ST-PI y ST-A/PI, | Actualizacin Domain Controller PRD2 : Actualizacin ST-PI | Sistema:104: Domain Controller PRD 2 | AMBIENTE: PRD	1	[{"added": {}}]	38	1
879	2021-04-28 18:59:11.315799+00	444	Datos de actividades para: Solicitud: Actualizacin ST-PI y ST-A/PI, | Actualizacin Domain Controller PRD2 : Actualizacin ST-PI | Sistema:104: Domain Controller PRD 2 | AMBIENTE: PRD	1	[{"added": {}}]	38	1
880	2021-04-28 19:00:12.41385+00	445	Datos de actividades para: Solicitud: Actualizacin ST-PI y ST-A/PI, | Actualizacin SRV-SAPPROD : Actualizacin ST-PI | Sistema:107: SRV-SAP PROD | AMBIENTE: PRD	1	[{"added": {}}]	38	1
881	2021-04-28 19:00:34.181872+00	446	Datos de actividades para: Solicitud: Actualizacin ST-PI y ST-A/PI, | Actualizacin SRV-SAPPROD : Actualizacin ST-A/PI | Sistema:107: SRV-SAP PROD | AMBIENTE: PRD	1	[{"added": {}}]	38	1
882	2021-04-28 19:00:57.128116+00	447	Datos de actividades para: Solicitud: Actualizacin ST-PI y ST-A/PI, | Actualizacin Carsol Peru: Actualizacin ST-PI | Sistema:106: Sistema Carsol Per | AMBIENTE: PRD	1	[{"added": {}}]	38	1
883	2021-04-28 19:01:11.789133+00	448	Datos de actividades para: Solicitud: Actualizacin ST-PI y ST-A/PI, | Actualizacin Carsol Peru: Actualizacin ST-A/PI | Sistema:106: Sistema Carsol Per | AMBIENTE: PRD	1	[{"added": {}}]	38	1
884	2021-04-28 19:01:37.217055+00	449	Datos de actividades para: Solicitud: Actualizacin ST-PI y ST-A/PI, | Actualizacin SRV-WS-SAP: Actualizacin ST-PI | Sistema:108: SRV-WS-SAP | AMBIENTE: PRD	1	[{"added": {}}]	38	1
885	2021-04-28 19:02:04.630728+00	450	Datos de actividades para: Solicitud: Actualizacin ST-PI y ST-A/PI, | Actualizacin SRV-WS-SAP: Actualizacin ST-A/PI | Sistema:108: SRV-WS-SAP | AMBIENTE: PRD	1	[{"added": {}}]	38	1
886	2021-04-28 19:02:29.569109+00	451	Datos de actividades para: Solicitud: Actualizacin ST-PI y ST-A/PI, | Actualizacin SRV-GOGLOBAL: Actualizacin ST-PI | Sistema:109: SRV-GOGLOBAL | AMBIENTE: PRD	1	[{"added": {}}]	38	1
887	2021-04-28 19:02:46.634213+00	452	Datos de actividades para: Solicitud: Actualizacin ST-PI y ST-A/PI, | Actualizacin SRV-GOGLOBAL: Actualizacin ST-A/PI | Sistema:109: SRV-GOGLOBAL | AMBIENTE: PRD	1	[{"added": {}}]	38	1
888	2021-04-28 19:03:20.234661+00	453	Datos de actividades para: Solicitud: Actualizacin ST-PI y ST-A/PI, | Actualizacin vitafoods_sap_webdispatcher: Actualizacin ST-PI | Sistema:110: vitafoods_sap_webdispatcher | AMBIENTE: PRD	1	[{"added": {}}]	38	1
889	2021-04-28 19:03:36.988837+00	454	Datos de actividades para: Solicitud: Actualizacin ST-PI y ST-A/PI, | Actualizacin vitafoods_sap_webdispatcher: Actualizacin ST-A/PI | Sistema:110: vitafoods_sap_webdispatcher | AMBIENTE: PRD	1	[{"added": {}}]	38	1
890	2021-04-28 19:04:09.962286+00	455	Datos de actividades para: Solicitud: Actualizacin ST-PI y ST-A/PI, | Actualizacin vitafoods_webserver: Actualizacin ST-PI | Sistema:111: vitafoods_webserver | AMBIENTE: PRD	1	[{"added": {}}]	38	1
891	2021-04-28 19:04:20.564449+00	456	Datos de actividades para: Solicitud: Actualizacin ST-PI y ST-A/PI, | Actualizacin vitafoods_webserver: Actualizacin ST-A/PI | Sistema:111: vitafoods_webserver | AMBIENTE: PRD	1	[{"added": {}}]	38	1
892	2021-04-28 19:13:53.842225+00	457	Datos de actividades para: Solicitud: Actualizacion OS, | Actualizacin DEV: Bajada de sistema | Sistema:73: SAP ERP 6.0 | AMBIENTE: DEV	1	[{"added": {}}]	38	1
893	2021-04-28 19:14:23.571385+00	458	Datos de actividades para: Solicitud: Actualizacion OS, | Actualizacin DEV: Actualizacin OS | Sistema:73: SAP ERP 6.0 | AMBIENTE: DEV	1	[{"added": {}}]	38	1
894	2021-04-28 19:15:02.450348+00	459	Datos de actividades para: Solicitud: Actualizacion OS, | Actualizacin DEV: Reinicio Servidor | Sistema:73: SAP ERP 6.0 | AMBIENTE: DEV	1	[{"added": {}}]	38	1
895	2021-04-28 19:15:28.074281+00	460	Datos de actividades para: Solicitud: Actualizacion OS, | Actualizacin DEV: Subida Sistema | Sistema:73: SAP ERP 6.0 | AMBIENTE: DEV	1	[{"added": {}}]	38	1
896	2021-04-28 23:08:25.355305+00	461	Datos de actividades para: Solicitud: Actualizacion OS, | Actualizacin QAS: Bajada de Sistema | Sistema:74: SAP ERP 6.0 | AMBIENTE: QAS	1	[{"added": {}}]	38	1
897	2021-04-28 23:08:57.354065+00	462	Datos de actividades para: Solicitud: Actualizacion OS, | Actualizacin QAS: Actualizacin OS | Sistema:74: SAP ERP 6.0 | AMBIENTE: QAS	1	[{"added": {}}]	38	1
898	2021-04-28 23:09:40.580551+00	463	Datos de actividades para: Solicitud: Actualizacion OS, | Actualizacin QAS: Reinicio servidor | Sistema:73: SAP ERP 6.0 | AMBIENTE: DEV	1	[{"added": {}}]	38	1
899	2021-04-28 23:10:07.03736+00	464	Datos de actividades para: Solicitud: Actualizacion OS, | Actualizacin QAS: Subida de Sistema | Sistema:74: SAP ERP 6.0 | AMBIENTE: QAS	1	[{"added": {}}]	38	1
900	2021-04-28 23:10:15.802999+00	463	Datos de actividades para: Solicitud: Actualizacion OS, | Actualizacin QAS: Reinicio servidor | Sistema:74: SAP ERP 6.0 | AMBIENTE: QAS	2	[{"changed": {"fields": ["Est sistema"]}}]	38	1
901	2021-04-28 23:10:51.077425+00	465	Datos de actividades para: Solicitud: Actualizacion OS, | Actualizacin PRD: Bajada de Sistema | Sistema:75: SAP ERP 6.0 | AMBIENTE: PRD	1	[{"added": {}}]	38	1
902	2021-04-28 23:11:13.667324+00	466	Datos de actividades para: Solicitud: Actualizacion OS, | Actualizacin PRD: Actualizacin OS | Sistema:75: SAP ERP 6.0 | AMBIENTE: PRD	1	[{"added": {}}]	38	1
903	2021-04-28 23:11:36.114869+00	467	Datos de actividades para: Solicitud: Actualizacion OS, | Actualizacin PRD: Reinicio servidor | Sistema:74: SAP ERP 6.0 | AMBIENTE: QAS	1	[{"added": {}}]	38	1
904	2021-04-28 23:11:53.653326+00	468	Datos de actividades para: Solicitud: Actualizacion OS, | Actualizacin PRD: Subida de Sistema | Sistema:75: SAP ERP 6.0 | AMBIENTE: PRD	1	[{"added": {}}]	38	1
905	2021-04-28 23:12:02.075489+00	467	Datos de actividades para: Solicitud: Actualizacion OS, | Actualizacin PRD: Reinicio servidor | Sistema:75: SAP ERP 6.0 | AMBIENTE: PRD	2	[{"changed": {"fields": ["Est sistema"]}}]	38	1
906	2021-04-28 23:12:53.671183+00	469	Datos de actividades para: Solicitud: Actualizacion OS, | Actualizacin SBX: Bajada de Sistema | Sistema:76: SAP ERP 6.0 | AMBIENTE: SANDBOX	1	[{"added": {}}]	38	1
907	2021-04-28 23:14:12.543422+00	457	Datos de actividades para: Solicitud: Actualizacion OS, | Actualizacin DEV: Bajada de sistema | Sistema:73: SAP ERP 6.0 | AMBIENTE: DEV	2	[{"changed": {"fields": ["Est orden"]}}]	38	1
908	2021-04-28 23:14:15.370326+00	458	Datos de actividades para: Solicitud: Actualizacion OS, | Actualizacin DEV: Actualizacin OS | Sistema:73: SAP ERP 6.0 | AMBIENTE: DEV	2	[{"changed": {"fields": ["Est orden"]}}]	38	1
909	2021-04-28 23:14:17.790937+00	459	Datos de actividades para: Solicitud: Actualizacion OS, | Actualizacin DEV: Reinicio Servidor | Sistema:73: SAP ERP 6.0 | AMBIENTE: DEV	2	[{"changed": {"fields": ["Est orden"]}}]	38	1
910	2021-04-28 23:14:20.94759+00	460	Datos de actividades para: Solicitud: Actualizacion OS, | Actualizacin DEV: Subida Sistema | Sistema:73: SAP ERP 6.0 | AMBIENTE: DEV	2	[{"changed": {"fields": ["Est orden"]}}]	38	1
911	2021-04-28 23:14:36.697611+00	469	Datos de actividades para: Solicitud: Actualizacion OS, | Actualizacin SBX: Bajada de Sistema | Sistema:76: SAP ERP 6.0 | AMBIENTE: SANDBOX	2	[{"changed": {"fields": ["Est orden"]}}]	38	1
912	2021-04-28 23:15:03.595785+00	470	Datos de actividades para: Solicitud: Actualizacion OS, | Actualizacin SBX: Actualizacin OS | Sistema:75: SAP ERP 6.0 | AMBIENTE: PRD	1	[{"added": {}}]	38	1
913	2021-04-28 23:15:23.298241+00	471	Datos de actividades para: Solicitud: Actualizacion OS, | Actualizacin QAS: Reinicio servidor | Sistema:76: SAP ERP 6.0 | AMBIENTE: SANDBOX	1	[{"added": {}}]	38	1
914	2021-04-28 23:15:32.446872+00	470	Datos de actividades para: Solicitud: Actualizacion OS, | Actualizacin SBX: Actualizacin OS | Sistema:76: SAP ERP 6.0 | AMBIENTE: SANDBOX	2	[{"changed": {"fields": ["Est sistema"]}}]	38	1
915	2021-04-28 23:15:51.9251+00	472	Datos de actividades para: Solicitud: Actualizacion OS, | Actualizacin SBX: Subida de Sistema | Sistema:75: SAP ERP 6.0 | AMBIENTE: PRD	1	[{"added": {}}]	38	1
916	2021-04-28 23:18:18.580584+00	473	Datos de actividades para: Solicitud: Actualizacion OS, | Actualizacin BWD: Bajada de Sistema | Sistema:64: SAP BW NetWeaver 2004s | AMBIENTE: DEV	1	[{"added": {}}]	38	1
1698	2021-06-08 13:32:42.794034+00	38	 Michael Rodrigo 	2	[{"changed": {"fields": ["Email tecnico"]}}]	13	1
917	2021-04-28 23:18:37.009171+00	474	Datos de actividades para: Solicitud: Actualizacion OS, | Actualizacin BWD: Actualizacin OS | Sistema:64: SAP BW NetWeaver 2004s | AMBIENTE: DEV	1	[{"added": {}}]	38	1
918	2021-04-28 23:18:55.069046+00	475	Datos de actividades para: Solicitud: Actualizacion OS, | Actualizacin QAS: Reinicio servidor | Sistema:64: SAP BW NetWeaver 2004s | AMBIENTE: DEV	1	[{"added": {}}]	38	1
919	2021-04-28 23:19:10.921117+00	476	Datos de actividades para: Solicitud: Actualizacion OS, | Actualizacin BWD: Subida de Sistema | Sistema:64: SAP BW NetWeaver 2004s | AMBIENTE: DEV	1	[{"added": {}}]	38	1
920	2021-04-28 23:19:42.094562+00	477	Datos de actividades para: Solicitud: Actualizacion OS, | Actualizacin BWP: Bajada de Sistema | Sistema:65: SAP BW NetWeaver 2004s | AMBIENTE: PRD	1	[{"added": {}}]	38	1
921	2021-04-28 23:19:59.925266+00	478	Datos de actividades para: Solicitud: Actualizacion OS, | Actualizacin BWP: Actualizacin OS | Sistema:65: SAP BW NetWeaver 2004s | AMBIENTE: PRD	1	[{"added": {}}]	38	1
922	2021-04-28 23:20:19.279719+00	479	Datos de actividades para: Solicitud: Actualizacion OS, | Actualizacin BWP: Reinicio servidor | Sistema:65: SAP BW NetWeaver 2004s | AMBIENTE: PRD	1	[{"added": {}}]	38	1
923	2021-04-28 23:20:37.130177+00	480	Datos de actividades para: Solicitud: Actualizacion OS, | Actualizacin BWP: Subida de Sistema | Sistema:65: SAP BW NetWeaver 2004s | AMBIENTE: PRD	1	[{"added": {}}]	38	1
924	2021-04-28 23:21:14.367549+00	481	Datos de actividades para: Solicitud: Actualizacion OS, | Actualizacin EPD: Bajada de Sistema | Sistema:66: SAP Portal NetWeaver 2004s | AMBIENTE: DEV	1	[{"added": {}}]	38	1
925	2021-04-28 23:21:28.991082+00	482	Datos de actividades para: Solicitud: Actualizacion OS, | Actualizacin EPD: Actualizacin OS | Sistema:66: SAP Portal NetWeaver 2004s | AMBIENTE: DEV	1	[{"added": {}}]	38	1
926	2021-04-28 23:21:44.819079+00	483	Datos de actividades para: Solicitud: Actualizacion OS, | Actualizacin EPD: Reinicio servidor | Sistema:66: SAP Portal NetWeaver 2004s | AMBIENTE: DEV	1	[{"added": {}}]	38	1
927	2021-04-28 23:22:00.476529+00	484	Datos de actividades para: Solicitud: Actualizacion OS, | Actualizacin EPD: Subida de Sistema | Sistema:64: SAP BW NetWeaver 2004s | AMBIENTE: DEV	1	[{"added": {}}]	38	1
928	2021-04-28 23:22:21.740781+00	485	Datos de actividades para: Solicitud: Actualizacion OS, | Actualizacin EPP: Bajada de Sistema | Sistema:67: SAP Portal NetWeaver 2004s | AMBIENTE: PRD	1	[{"added": {}}]	38	1
929	2021-04-28 23:22:43.201738+00	486	Datos de actividades para: Solicitud: Actualizacion OS, | Actualizacin EPP: Actualizacin OS | Sistema:67: SAP Portal NetWeaver 2004s | AMBIENTE: PRD	1	[{"added": {}}]	38	1
930	2021-04-28 23:22:56.306772+00	487	Datos de actividades para: Solicitud: Actualizacion OS, | Actualizacin EPP: Reinicio servidor | Sistema:67: SAP Portal NetWeaver 2004s | AMBIENTE: PRD	1	[{"added": {}}]	38	1
931	2021-04-28 23:23:08.437846+00	488	Datos de actividades para: Solicitud: Actualizacion OS, | Actualizacin EPP: Subida de Sistema | Sistema:67: SAP Portal NetWeaver 2004s | AMBIENTE: PRD	1	[{"added": {}}]	38	1
932	2021-04-28 23:23:33.340144+00	489	Datos de actividades para: Solicitud: Actualizacion OS, | Actualizacin SMA: Bajada de Sistema | Sistema:68: SAP Solution Manager 7.2 SP5 | AMBIENTE: PRD	1	[{"added": {}}]	38	1
933	2021-04-28 23:23:57.980371+00	490	Datos de actividades para: Solicitud: Actualizacion OS, | Actualizacin SMA: Actualizacin OS | Sistema:68: SAP Solution Manager 7.2 SP5 | AMBIENTE: PRD	1	[{"added": {}}]	38	1
934	2021-04-28 23:24:16.28553+00	491	Datos de actividades para: Solicitud: Actualizacion OS, | Actualizacin SMA: Reinicio servidor | Sistema:68: SAP Solution Manager 7.2 SP5 | AMBIENTE: PRD	1	[{"added": {}}]	38	1
935	2021-04-28 23:24:32.692454+00	492	Datos de actividades para: Solicitud: Actualizacion OS, | Actualizacin SMA: Subida de Sistema | Sistema:68: SAP Solution Manager 7.2 SP5 | AMBIENTE: PRD	1	[{"added": {}}]	38	1
936	2021-04-28 23:27:12.219617+00	42	Datos de actividades para: Solicitud: Actualizacion OS, | Actualizacin BWP: Subida del sistema | Sistema:38: SAP BW NETWEAVER 7.5 | AMBIENTE: PRD	2	[{"changed": {"fields": ["Est sistema"]}}]	38	1
937	2021-04-28 23:28:53.760881+00	493	Datos de actividades para: Solicitud: Actualizacion OS, | Actualizacin MID: Bajada de Sistema | Sistema:70: SAP Java MII NW 7.5 | AMBIENTE: DEV	1	[{"added": {}}]	38	1
938	2021-04-28 23:29:10.092553+00	494	Datos de actividades para: Solicitud: Actualizacion OS, | Actualizacin MID: Actualizacin OS | Sistema:70: SAP Java MII NW 7.5 | AMBIENTE: DEV	1	[{"added": {}}]	38	1
939	2021-04-28 23:29:23.539533+00	495	Datos de actividades para: Solicitud: Actualizacion OS, | Actualizacin MID: Reinicio servidor | Sistema:70: SAP Java MII NW 7.5 | AMBIENTE: DEV	1	[{"added": {}}]	38	1
940	2021-04-28 23:29:39.747067+00	496	Datos de actividades para: Solicitud: Actualizacion OS, | Actualizacin MID: Subida de Sistema | Sistema:70: SAP Java MII NW 7.5 | AMBIENTE: DEV	1	[{"added": {}}]	38	1
941	2021-04-28 23:30:07.69324+00	497	Datos de actividades para: Solicitud: Actualizacion OS, | Actualizacin MIP: Bajada de Sistema | Sistema:71: SAP Java MII NW 7.5 | AMBIENTE: PRD	1	[{"added": {}}]	38	1
942	2021-04-28 23:30:26.693992+00	498	Datos de actividades para: Solicitud: Actualizacion OS, | Actualizacin MIP: Actualizacin OS | Sistema:71: SAP Java MII NW 7.5 | AMBIENTE: PRD	1	[{"added": {}}]	38	1
943	2021-04-28 23:30:40.455233+00	499	Datos de actividades para: Solicitud: Actualizacion OS, | Actualizacin MIP: Reinicio servidor | Sistema:71: SAP Java MII NW 7.5 | AMBIENTE: PRD	1	[{"added": {}}]	38	1
944	2021-04-28 23:30:54.964128+00	500	Datos de actividades para: Solicitud: Actualizacion OS, | Actualizacin MIP: Subida de Sistema | Sistema:71: SAP Java MII NW 7.5 | AMBIENTE: PRD	1	[{"added": {}}]	38	1
945	2021-04-28 23:31:59.869137+00	501	Datos de actividades para: Solicitud: Actualizacion OS, | Actualizacin ADP: Bajada de Sistema | Sistema:72: SAP Java ADS PRD NW 7.5 | AMBIENTE: PRD	1	[{"added": {}}]	38	1
946	2021-04-28 23:32:14.541601+00	502	Datos de actividades para: Solicitud: Actualizacion OS, | Actualizacin ADP: Actualizacin OS | Sistema:72: SAP Java ADS PRD NW 7.5 | AMBIENTE: PRD	1	[{"added": {}}]	38	1
947	2021-04-28 23:32:36.470443+00	503	Datos de actividades para: Solicitud: Actualizacion OS, | Actualizacin ADP: Reinicio servidor | Sistema:72: SAP Java ADS PRD NW 7.5 | AMBIENTE: PRD	1	[{"added": {}}]	38	1
948	2021-04-28 23:32:52.370848+00	504	Datos de actividades para: Solicitud: Actualizacion OS, | Actualizacin ADP: Subida de Sistema | Sistema:72: SAP Java ADS PRD NW 7.5 | AMBIENTE: PRD	1	[{"added": {}}]	38	1
949	2021-04-28 23:33:35.835872+00	505	Datos de actividades para: Solicitud: Actualizacion OS, | Actualizacin WDP: Bajada de Sistema | Sistema:69: Saprouter - WDP | AMBIENTE: PRD	1	[{"added": {}}]	38	1
950	2021-04-28 23:33:49.062418+00	506	Datos de actividades para: Solicitud: Actualizacion OS, | Actualizacin WDP: Actualizacin OS | Sistema:69: Saprouter - WDP | AMBIENTE: PRD	1	[{"added": {}}]	38	1
951	2021-04-28 23:34:02.05553+00	507	Datos de actividades para: Solicitud: Actualizacion OS, | Actualizacin WDP: Reinicio servidor | Sistema:69: Saprouter - WDP | AMBIENTE: PRD	1	[{"added": {}}]	38	1
952	2021-04-28 23:34:20.696937+00	508	Datos de actividades para: Solicitud: Actualizacion OS, | Actualizacin WDP: Subida de Sistema | Sistema:69: Saprouter - WDP | AMBIENTE: PRD	1	[{"added": {}}]	38	1
953	2021-04-28 23:35:53.538691+00	509	Datos de actividades para: Solicitud: Actualizacion OS, | Actualizacin SDI-WDP-PRD: Bajada de Sistema | Sistema:77: SAP SDI - WDP | AMBIENTE: PRD	1	[{"added": {}}]	38	1
954	2021-04-28 23:36:16.483991+00	510	Datos de actividades para: Solicitud: Actualizacion OS, | Actualizacin SDI-WDP-PRD: Actualizacin OS | Sistema:77: SAP SDI - WDP | AMBIENTE: PRD	1	[{"added": {}}]	38	1
955	2021-04-28 23:36:31.673514+00	511	Datos de actividades para: Solicitud: Actualizacion OS, | Actualizacin SDI-WDP-PRD: Reinicio servidor | Sistema:77: SAP SDI - WDP | AMBIENTE: PRD	1	[{"added": {}}]	38	1
956	2021-04-28 23:36:47.561991+00	512	Datos de actividades para: Solicitud: Actualizacion OS, | Actualizacin SDI-WDP-PRD: Subida de Sistema | Sistema:77: SAP SDI - WDP | AMBIENTE: PRD	1	[{"added": {}}]	38	1
957	2021-04-28 23:37:21.608957+00	513	Datos de actividades para: Solicitud: Actualizacion OS, | Actualizacin ROUTER PRD: Bajada de Sistema | Sistema:78: SAProuter | AMBIENTE: PRD	1	[{"added": {}}]	38	1
958	2021-04-28 23:37:36.975061+00	514	Datos de actividades para: Solicitud: Actualizacion OS, | Actualizacin ROUTER PRD: Actualizacin OS | Sistema:78: SAProuter | AMBIENTE: PRD	1	[{"added": {}}]	38	1
959	2021-04-28 23:37:54.616405+00	515	Datos de actividades para: Solicitud: Actualizacion OS, | Actualizacin ROUTER PRD: Reinicio servidor | Sistema:78: SAProuter | AMBIENTE: PRD	1	[{"added": {}}]	38	1
960	2021-04-28 23:38:16.343963+00	516	Datos de actividades para: Solicitud: Actualizacion OS, | Actualizacin ROUTER PRD: Subida de Sistema | Sistema:78: SAProuter | AMBIENTE: PRD	1	[{"added": {}}]	38	1
961	2021-04-28 23:39:53.908122+00	517	Datos de actividades para: Solicitud: Actualizacion OS, | Actualizacin BOE PRD: Bajada de Sistema | Sistema:79: SAP BO 4.2 | AMBIENTE: PRD	1	[{"added": {}}]	38	1
962	2021-04-28 23:40:14.797452+00	518	Datos de actividades para: Solicitud: Actualizacion OS, | Actualizacin BOE PRD: Actualizacin OS | Sistema:79: SAP BO 4.2 | AMBIENTE: PRD	1	[{"added": {}}]	38	1
963	2021-04-28 23:40:27.552727+00	519	Datos de actividades para: Solicitud: Actualizacion OS, | Actualizacin BOE PRD: Reinicio servidor | Sistema:79: SAP BO 4.2 | AMBIENTE: PRD	1	[{"added": {}}]	38	1
964	2021-04-28 23:40:42.579625+00	520	Datos de actividades para: Solicitud: Actualizacion OS, | Actualizacin BOE PRD: Subida de Sistema | Sistema:79: SAP BO 4.2 | AMBIENTE: PRD	1	[{"added": {}}]	38	1
965	2021-04-28 23:41:13.055988+00	521	Datos de actividades para: Solicitud: Actualizacion OS, | Actualizacin BOE 4.3 PRD: Bajada de Sistema | Sistema:80: SAP BO 4.3 | AMBIENTE: PRD	1	[{"added": {}}]	38	1
966	2021-04-28 23:41:30.778109+00	522	Datos de actividades para: Solicitud: Actualizacion OS, | Actualizacin BOE 4.3 PRD: Actualizacin OS | Sistema:80: SAP BO 4.3 | AMBIENTE: PRD	1	[{"added": {}}]	38	1
967	2021-04-28 23:41:50.282091+00	523	Datos de actividades para: Solicitud: Actualizacion OS, | Actualizacin BOE 4.3 PRD: Reinicio servidor | Sistema:80: SAP BO 4.3 | AMBIENTE: PRD	1	[{"added": {}}]	38	1
968	2021-04-28 23:42:06.352531+00	524	Datos de actividades para: Solicitud: Actualizacion OS, | Actualizacin BOE 4.3 PRD: Subida de Sistema | Sistema:80: SAP BO 4.3 | AMBIENTE: PRD	1	[{"added": {}}]	38	1
969	2021-04-28 23:42:19.394355+00	517	Datos de actividades para: Solicitud: Actualizacion OS, | Actualizacin BOE 4.2 PRD: Bajada de Sistema | Sistema:79: SAP BO 4.2 | AMBIENTE: PRD	2	[{"changed": {"fields": ["Est descripcion actividad"]}}]	38	1
970	2021-04-28 23:42:23.556705+00	518	Datos de actividades para: Solicitud: Actualizacion OS, | Actualizacin BOE 4.2 PRD: Actualizacin OS | Sistema:79: SAP BO 4.2 | AMBIENTE: PRD	2	[{"changed": {"fields": ["Est descripcion actividad"]}}]	38	1
971	2021-04-28 23:42:27.626203+00	519	Datos de actividades para: Solicitud: Actualizacion OS, | Actualizacin BOE 4.2 PRD: Reinicio servidor | Sistema:79: SAP BO 4.2 | AMBIENTE: PRD	2	[{"changed": {"fields": ["Est descripcion actividad"]}}]	38	1
972	2021-04-28 23:42:31.816871+00	520	Datos de actividades para: Solicitud: Actualizacion OS, | Actualizacin BOE 4.2 PRD: Subida de Sistema | Sistema:79: SAP BO 4.2 | AMBIENTE: PRD	2	[{"changed": {"fields": ["Est descripcion actividad"]}}]	38	1
973	2021-04-28 23:43:26.185174+00	525	Datos de actividades para: Solicitud: Actualizacion OS, | Actualizacin BWP: Bajada de Sistema | Sistema:81: SAP BW | AMBIENTE: PRD	1	[{"added": {}}]	38	1
974	2021-04-28 23:43:41.320335+00	526	Datos de actividades para: Solicitud: Actualizacion OS, | Actualizacin BWP: Actualizacin OS | Sistema:81: SAP BW | AMBIENTE: PRD	1	[{"added": {}}]	38	1
975	2021-04-28 23:44:10.633929+00	527	Datos de actividades para: Solicitud: Actualizacion OS, | Actualizacin BWP: Reinicio servidor | Sistema:81: SAP BW | AMBIENTE: PRD	1	[{"added": {}}]	38	1
976	2021-04-28 23:44:27.105168+00	528	Datos de actividades para: Solicitud: Actualizacion OS, | Actualizacin BWP: Subida de Sistema | Sistema:81: SAP BW | AMBIENTE: PRD	1	[{"added": {}}]	38	1
977	2021-04-28 23:44:57.874166+00	529	Datos de actividades para: Solicitud: Actualizacion OS, | Actualizacin BWD: Bajada de Sistema | Sistema:82: SAP BW | AMBIENTE: DEV	1	[{"added": {}}]	38	1
978	2021-04-28 23:45:14.18649+00	530	Datos de actividades para: Solicitud: Actualizacion OS, | Actualizacin BWD: Actualizacin OS | Sistema:82: SAP BW | AMBIENTE: DEV	1	[{"added": {}}]	38	1
979	2021-04-28 23:45:29.810495+00	531	Datos de actividades para: Solicitud: Actualizacion OS, | Actualizacin BWD: Reinicio servidor | Sistema:82: SAP BW | AMBIENTE: DEV	1	[{"added": {}}]	38	1
980	2021-04-28 23:45:43.678548+00	532	Datos de actividades para: Solicitud: Actualizacion OS, | Actualizacin BWD: Subida de Sistema | Sistema:82: SAP BW | AMBIENTE: DEV	1	[{"added": {}}]	38	1
981	2021-04-28 23:46:04.566749+00	533	Datos de actividades para: Solicitud: Actualizacion OS, | Actualizacin SDI DEV: Bajada de Sistema | Sistema:83: SAP SDI | AMBIENTE: DEV	1	[{"added": {}}]	38	1
982	2021-04-28 23:46:18.3351+00	534	Datos de actividades para: Solicitud: Actualizacion OS, | Actualizacin SDID EV: Actualizacin OS | Sistema:83: SAP SDI | AMBIENTE: DEV	1	[{"added": {}}]	38	1
983	2021-04-28 23:46:47.994341+00	535	Datos de actividades para: Solicitud: Actualizacion OS, | Actualizacin SDI  DEV: Reinicio servidor | Sistema:83: SAP SDI | AMBIENTE: DEV	1	[{"added": {}}]	38	1
984	2021-04-28 23:47:04.342483+00	536	Datos de actividades para: Solicitud: Actualizacion OS, | Actualizacin SDI DEV: Subida de Sistema | Sistema:83: SAP SDI | AMBIENTE: DEV	1	[{"added": {}}]	38	1
985	2021-04-28 23:47:57.69741+00	537	Datos de actividades para: Solicitud: Actualizacion OS, | Actualizacin CloudEndure: Bajada de Sistema | Sistema:84: Cludendure PRD | AMBIENTE: PRD	1	[{"added": {}}]	38	1
986	2021-04-28 23:48:13.558291+00	538	Datos de actividades para: Solicitud: Actualizacion OS, | Actualizacin CloudEndure: Actualizacin OS | Sistema:84: Cludendure PRD | AMBIENTE: PRD	1	[{"added": {}}]	38	1
987	2021-04-28 23:48:28.421097+00	539	Datos de actividades para: Solicitud: Actualizacion OS, | Actualizacin Cloudendure: Reinicio servidor | Sistema:84: Cludendure PRD | AMBIENTE: PRD	1	[{"added": {}}]	38	1
988	2021-04-28 23:49:15.287433+00	540	Datos de actividades para: Solicitud: Actualizacion OS, | Actualizacin CloudEndure: Subida de Sistema | Sistema:84: Cludendure PRD | AMBIENTE: PRD	1	[{"added": {}}]	38	1
989	2021-04-28 23:51:40.445847+00	541	Datos de actividades para: Solicitud: Actualizacion OS, | Actualizacin Platform Cockpit: Bajada de Sistema | Sistema:85: SAP Cloud Platform Cockpit | AMBIENTE: PRD	1	[{"added": {}}]	38	1
990	2021-04-28 23:51:54.543328+00	542	Datos de actividades para: Solicitud: Actualizacion OS, | Actualizacin  Platform Cockpit: Actualizacin OS | Sistema:85: SAP Cloud Platform Cockpit | AMBIENTE: PRD	1	[{"added": {}}]	38	1
991	2021-04-28 23:52:09.668486+00	543	Datos de actividades para: Solicitud: Actualizacion OS, | Actualizacin  Platform Cockpit: Reinicio servidor | Sistema:85: SAP Cloud Platform Cockpit | AMBIENTE: PRD	1	[{"added": {}}]	38	1
992	2021-04-28 23:52:50.486956+00	544	Datos de actividades para: Solicitud: Actualizacion OS, | Actualizacin  Platform Cockpit: Subida de Sistema | Sistema:85: SAP Cloud Platform Cockpit | AMBIENTE: PRD	1	[{"added": {}}]	38	1
993	2021-04-28 23:53:49.810336+00	545	Datos de actividades para: Solicitud: Actualizacion OS, | Actualizacin Cloud Connector QAS: Bajada de Sistema | Sistema:86: SAP Cloud Connector | AMBIENTE: QAS	1	[{"added": {}}]	38	1
994	2021-04-28 23:54:08.016019+00	546	Datos de actividades para: Solicitud: Actualizacion OS, | Actualizacin  Cloud Connector QAS: Actualizacin OS | Sistema:86: SAP Cloud Connector | AMBIENTE: QAS	1	[{"added": {}}]	38	1
995	2021-04-28 23:54:24.931886+00	547	Datos de actividades para: Solicitud: Actualizacion OS, | Actualizacin  Cloud Connector QAS: Reinicio servidor | Sistema:86: SAP Cloud Connector | AMBIENTE: QAS	1	[{"added": {}}]	38	1
996	2021-04-28 23:54:40.315238+00	548	Datos de actividades para: Solicitud: Actualizacion OS, | Actualizacin  Cloud Connector QAS: Subida de Sistema | Sistema:86: SAP Cloud Connector | AMBIENTE: QAS	1	[{"added": {}}]	38	1
997	2021-04-28 23:55:14.060943+00	549	Datos de actividades para: Solicitud: Actualizacion OS, | Actualizacin  Cloud Connector PRD: Bajada de Sistema | Sistema:87: SAP Cloud Connector | AMBIENTE: PRD	1	[{"added": {}}]	38	1
998	2021-04-28 23:55:29.824002+00	550	Datos de actividades para: Solicitud: Actualizacion OS, | Actualizacin  Cloud Connector PRD: Actualizacin OS | Sistema:87: SAP Cloud Connector | AMBIENTE: PRD	1	[{"added": {}}]	38	1
999	2021-04-28 23:56:06.164533+00	551	Datos de actividades para: Solicitud: Actualizacion OS, | Actualizacin  Cloud Connector PRD: Reinicio servidor | Sistema:87: SAP Cloud Connector | AMBIENTE: PRD	1	[{"added": {}}]	38	1
1000	2021-04-28 23:56:48.820421+00	552	Datos de actividades para: Solicitud: Actualizacion OS, | Actualizacin  Cloud Connector PRD: Subida de Sistema | Sistema:87: SAP Cloud Connector | AMBIENTE: PRD	1	[{"added": {}}]	38	1
1001	2021-04-28 23:57:33.348819+00	553	Datos de actividades para: Solicitud: Actualizacion OS, | Actualizacin  Blucomunidades PRD: Bajada de Sistema | Sistema:88: Blucomunidades | AMBIENTE: PRD	1	[{"added": {}}]	38	1
1002	2021-04-28 23:58:09.576564+00	554	Datos de actividades para: Solicitud: Actualizacion OS, | Actualizacin  Blucomunidades PRD:  Actualizacin OS | Sistema:88: Blucomunidades | AMBIENTE: PRD	1	[{"added": {}}]	38	1
1003	2021-04-28 23:58:27.745205+00	555	Datos de actividades para: Solicitud: Actualizacion OS, | Actualizacin  Blucomunidades PRD: Reinicio servidor | Sistema:88: Blucomunidades | AMBIENTE: PRD	1	[{"added": {}}]	38	1
1004	2021-04-28 23:58:37.669225+00	554	Datos de actividades para: Solicitud: Actualizacion OS, | Actualizacin  Blucomunidades PRD:  Actualizacin OS | Sistema:88: Blucomunidades | AMBIENTE: PRD	2	[{"changed": {"fields": ["Est duracion actividad"]}}]	38	1
1005	2021-04-28 23:58:59.59588+00	556	Datos de actividades para: Solicitud: Actualizacion OS, | Actualizacin  Blucomunidades PRD: Subida de Sistema | Sistema:88: Blucomunidades | AMBIENTE: PRD	1	[{"added": {}}]	38	1
1006	2021-04-28 23:59:46.373557+00	557	Datos de actividades para: Solicitud: Actualizacion OS, | Actualizacin  Blucomunidades DEV: Bajada de Sistema | Sistema:89: Blucomunidades | AMBIENTE: QAS	1	[{"added": {}}]	38	1
1007	2021-04-29 00:00:14.720319+00	558	Datos de actividades para: Solicitud: Actualizacion OS, | Actualizacin  Blucomunidades DEV: Actualizacin OS | Sistema:89: Blucomunidades | AMBIENTE: QAS	1	[{"added": {}}]	38	1
1008	2021-04-29 00:00:29.220463+00	559	Datos de actividades para: Solicitud: Actualizacion OS, | Actualizacin  Blucomunidades DEV: Reinicio servidor | Sistema:89: Blucomunidades | AMBIENTE: QAS	1	[{"added": {}}]	38	1
1009	2021-04-29 00:00:41.580919+00	560	Datos de actividades para: Solicitud: Actualizacion OS, | Actualizacin  Blucomunidades DEV: Subida de Sistema | Sistema:89: Blucomunidades | AMBIENTE: QAS	1	[{"added": {}}]	38	1
1010	2021-04-29 00:01:31.005579+00	561	Datos de actividades para: Solicitud: Actualizacion OS, | Actualizacin  Blucontrol PRD: Bajada de Sistema | Sistema:90: Blucontrol | AMBIENTE: PRD	1	[{"added": {}}]	38	1
1011	2021-04-29 00:01:43.385365+00	562	Datos de actividades para: Solicitud: Actualizacion OS, | Actualizacin  Blucontrol PRD: Actualizacin OS | Sistema:90: Blucontrol | AMBIENTE: PRD	1	[{"added": {}}]	38	1
1012	2021-04-29 00:01:59.134971+00	563	Datos de actividades para: Solicitud: Actualizacion OS, | Actualizacin  Blucontrol PRD: Reinicio servidor | Sistema:90: Blucontrol | AMBIENTE: PRD	1	[{"added": {}}]	38	1
1013	2021-04-29 00:02:10.959631+00	564	Datos de actividades para: Solicitud: Actualizacion OS, | Actualizacin  Blucontrol PRD: Subida de Sistema | Sistema:90: Blucontrol | AMBIENTE: PRD	1	[{"added": {}}]	38	1
1014	2021-04-29 00:03:03.390469+00	565	Datos de actividades para: Solicitud: Actualizacion OS, | Actualizacin  Blucontrol DEV: Bajada de Sistema | Sistema:91: Blucontrol | AMBIENTE: QAS	1	[{"added": {}}]	38	1
1015	2021-04-29 00:03:58.482816+00	566	Datos de actividades para: Solicitud: Actualizacion OS, | Actualizacin  Blucontrol DEV: Actualizacin OS | Sistema:91: Blucontrol | AMBIENTE: QAS	1	[{"added": {}}]	38	1
1016	2021-04-29 00:04:37.401274+00	567	Datos de actividades para: Solicitud: Actualizacion OS, | Actualizacin  Blucontrol DEV: Reinicio servidor | Sistema:91: Blucontrol | AMBIENTE: QAS	1	[{"added": {}}]	38	1
1017	2021-04-29 00:05:01.720618+00	568	Datos de actividades para: Solicitud: Actualizacion OS, | Actualizacin Blucontrol DEV: Subida de Sistema | Sistema:91: Blucontrol | AMBIENTE: QAS	1	[{"added": {}}]	38	1
1018	2021-04-29 00:06:42.152447+00	569	Datos de actividades para: Solicitud: Actualizacion OS, | Actualizacin  Bluharina PRD: Bajada de Sistema | Sistema:92: Bluharina | AMBIENTE: PRD	1	[{"added": {}}]	38	1
1019	2021-04-29 00:06:58.442307+00	570	Datos de actividades para: Solicitud: Actualizacion OS, | Actualizacin  Bluharina PRD: Actualizacin OS | Sistema:92: Bluharina | AMBIENTE: PRD	1	[{"added": {}}]	38	1
1020	2021-04-29 00:07:16.506862+00	571	Datos de actividades para: Solicitud: Actualizacion OS, | Actualizacin  Bluharina PRD: Reinicio servidor | Sistema:92: Bluharina | AMBIENTE: PRD	1	[{"added": {}}]	38	1
1021	2021-04-29 00:07:31.053222+00	572	Datos de actividades para: Solicitud: Actualizacion OS, | Actualizacin Bluharina PRD: Subida de Sistema | Sistema:92: Bluharina | AMBIENTE: PRD	1	[{"added": {}}]	38	1
1722	2021-08-03 21:35:09.399669+00	47	DERCO	2	[{"changed": {"fields": ["Logo"]}}]	8	1
1022	2021-04-29 00:07:54.234645+00	573	Datos de actividades para: Solicitud: Actualizacion OS, | Actualizacin  Bluharina DEV: Bajada de Sistema | Sistema:93: Bluharina | AMBIENTE: QAS	1	[{"added": {}}]	38	1
1023	2021-04-29 00:08:07.383097+00	574	Datos de actividades para: Solicitud: Actualizacion OS, | Actualizacin  BluharinaDEV: Actualizacin OS | Sistema:93: Bluharina | AMBIENTE: QAS	1	[{"added": {}}]	38	1
1024	2021-04-29 00:08:21.10949+00	575	Datos de actividades para: Solicitud: Actualizacion OS, | Actualizacin  BluharinaDEV: Reinicio servidor | Sistema:93: Bluharina | AMBIENTE: QAS	1	[{"added": {}}]	38	1
1025	2021-04-29 00:08:36.954166+00	576	Datos de actividades para: Solicitud: Actualizacion OS, | Actualizacin Bluharina DEV: Subida de Sistema | Sistema:93: Bluharina | AMBIENTE: QAS	1	[{"added": {}}]	38	1
1026	2021-04-29 00:08:51.316852+00	574	Datos de actividades para: Solicitud: Actualizacion OS, | Actualizacin  Bluharina DEV: Actualizacin OS | Sistema:93: Bluharina | AMBIENTE: QAS	2	[{"changed": {"fields": ["Est descripcion actividad"]}}]	38	1
1027	2021-04-29 00:08:54.344962+00	575	Datos de actividades para: Solicitud: Actualizacion OS, | Actualizacin  Bluharina DEV: Reinicio servidor | Sistema:93: Bluharina | AMBIENTE: QAS	2	[{"changed": {"fields": ["Est descripcion actividad"]}}]	38	1
1028	2021-04-29 00:11:38.669794+00	577	Datos de actividades para: Solicitud: Actualizacion OS, | Actualizacin  SDI PRD: Bajada de Sistema | Sistema:94: SAP HANA SDI | AMBIENTE: PRD	1	[{"added": {}}]	38	1
1029	2021-04-29 00:11:49.119458+00	578	Datos de actividades para: Solicitud: Actualizacion OS, | Actualizacin  SDI PRD: Actualizacin OS | Sistema:94: SAP HANA SDI | AMBIENTE: PRD	1	[{"added": {}}]	38	1
1030	2021-04-29 00:12:07.682277+00	579	Datos de actividades para: Solicitud: Actualizacion OS, | Actualizacin  SDI PRD: Reinicio servidor | Sistema:94: SAP HANA SDI | AMBIENTE: PRD	1	[{"added": {}}]	38	1
1031	2021-04-29 00:12:25.941143+00	580	Datos de actividades para: Solicitud: Actualizacion OS, | Actualizacin SDI PRD: Subida de Sistema | Sistema:94: SAP HANA SDI | AMBIENTE: PRD	1	[{"added": {}}]	38	1
1032	2021-04-29 00:13:05.998733+00	581	Datos de actividades para: Solicitud: Actualizacion OS, | Actualizacin  SDI QAS: Bajada de Sistema | Sistema:95: SAP HANA SDI | AMBIENTE: QAS	1	[{"added": {}}]	38	1
1033	2021-04-29 00:13:20.075293+00	582	Datos de actividades para: Solicitud: Actualizacion OS, | Actualizacin  SDI QAS: Actualizacin OS | Sistema:95: SAP HANA SDI | AMBIENTE: QAS	1	[{"added": {}}]	38	1
1034	2021-04-29 00:13:34.051929+00	583	Datos de actividades para: Solicitud: Actualizacion OS, | Actualizacin  SDI QAS: Reinicio servidor | Sistema:95: SAP HANA SDI | AMBIENTE: QAS	1	[{"added": {}}]	38	1
1035	2021-04-29 00:13:47.055569+00	584	Datos de actividades para: Solicitud: Actualizacion OS, | Actualizacin SDI QAS: Subida de Sistema | Sistema:95: SAP HANA SDI | AMBIENTE: QAS	1	[{"added": {}}]	38	1
1036	2021-04-29 00:15:25.833171+00	585	Datos de actividades para: Solicitud: Actualizacion OS, | Actualizacin  Domain Controller Bajada de Sistema | Sistema:98: Domain Controller | AMBIENTE: PRD	1	[{"added": {}}]	38	1
1037	2021-04-29 00:15:38.234692+00	586	Datos de actividades para: Solicitud: Actualizacion OS, | Actualizacin  Domain Controller Actualizacin OS | Sistema:98: Domain Controller | AMBIENTE: PRD	1	[{"added": {}}]	38	1
1038	2021-04-29 00:15:50.07412+00	587	Datos de actividades para: Solicitud: Actualizacion OS, | Actualizacin  Domain Controller Reinicio servidor | Sistema:98: Domain Controller | AMBIENTE: PRD	1	[{"added": {}}]	38	1
1039	2021-04-29 00:16:03.753858+00	588	Datos de actividades para: Solicitud: Actualizacion OS, | Actualizacin Domain Controller Subida de Sistema | Sistema:98: Domain Controller | AMBIENTE: PRD	1	[{"added": {}}]	38	1
1040	2021-04-29 00:16:23.300235+00	589	Datos de actividades para: Solicitud: Actualizacion OS, | Actualizacin  DB SAP Bajada de Sistema | Sistema:99: DB SAP | AMBIENTE: PRD	1	[{"added": {}}]	38	1
1041	2021-04-29 00:16:37.970713+00	590	Datos de actividades para: Solicitud: Actualizacion OS, | Actualizacin  DB SAP Actualizacin OS | Sistema:99: DB SAP | AMBIENTE: PRD	1	[{"added": {}}]	38	1
1042	2021-04-29 00:16:51.403377+00	591	Datos de actividades para: Solicitud: Actualizacion OS, | Actualizacin  DB SAP Reinicio servidor | Sistema:99: DB SAP | AMBIENTE: PRD	1	[{"added": {}}]	38	1
1043	2021-04-29 00:17:06.392692+00	592	Datos de actividades para: Solicitud: Actualizacion OS, | Actualizacin DB SAP Subida de Sistema | Sistema:99: DB SAP | AMBIENTE: PRD	1	[{"added": {}}]	38	1
1044	2021-04-29 00:18:28.478746+00	593	Datos de actividades para: Solicitud: Actualizacion OS, | Actualizacin  Servidor de Respaldo: Bajada de Sistema | Sistema:100: Servidor de Respaldo | AMBIENTE: PRD	1	[{"added": {}}]	38	1
1045	2021-04-29 00:18:40.402221+00	594	Datos de actividades para: Solicitud: Actualizacion OS, | Actualizacin  Servidor de Respaldo: Actualizacin OS | Sistema:100: Servidor de Respaldo | AMBIENTE: PRD	1	[{"added": {}}]	38	1
1046	2021-04-29 00:19:14.405638+00	595	Datos de actividades para: Solicitud: Actualizacion OS, | Actualizacin  Servidor de Respaldo: Reinicio servidor | Sistema:100: Servidor de Respaldo | AMBIENTE: PRD	1	[{"added": {}}]	38	1
1047	2021-04-29 00:19:31.146635+00	596	Datos de actividades para: Solicitud: Actualizacion OS, | Actualizacin Servidor de Respaldo: Subida de Sistema | Sistema:100: Servidor de Respaldo | AMBIENTE: PRD	1	[{"added": {}}]	38	1
1048	2021-04-29 00:19:59.680751+00	597	Datos de actividades para: Solicitud: Actualizacion OS, | Actualizacin  Sistemas Carsol: Bajada de Sistema | Sistema:101: Sistemas Carsol | AMBIENTE: PRD	1	[{"added": {}}]	38	1
1049	2021-04-29 00:20:10.150925+00	598	Datos de actividades para: Solicitud: Actualizacion OS, | Actualizacin  Sistemas Carsol: Actualizacin OS | Sistema:101: Sistemas Carsol | AMBIENTE: PRD	1	[{"added": {}}]	38	1
1050	2021-04-29 00:20:28.337359+00	599	Datos de actividades para: Solicitud: Actualizacion OS, | Actualizacin  Sistemas Carsol: Reinicio servidor | Sistema:101: Sistemas Carsol | AMBIENTE: PRD	1	[{"added": {}}]	38	1
1051	2021-04-29 00:20:44.195131+00	600	Datos de actividades para: Solicitud: Actualizacion OS, | Actualizacin Sistemas Carsol: Subida de Sistema | Sistema:101: Sistemas Carsol | AMBIENTE: PRD	1	[{"added": {}}]	38	1
1052	2021-04-29 00:21:50.59977+00	601	Datos de actividades para: Solicitud: Actualizacion OS, | Actualizacin  Servidor de Facturacin Carsol: Bajada de Sistema | Sistema:102: Carsol Facturacin | AMBIENTE: PRD	1	[{"added": {}}]	38	1
1053	2021-04-29 00:22:07.092248+00	602	Datos de actividades para: Solicitud: Actualizacion OS, | Actualizacin  Servidor de Facturacin Carsol: Actualizacin OS | Sistema:102: Carsol Facturacin | AMBIENTE: PRD	1	[{"added": {}}]	38	1
1054	2021-04-29 00:22:18.391796+00	603	Datos de actividades para: Solicitud: Actualizacion OS, | Actualizacin  Servidor de Facturacin Carsol: Reinicio servidor | Sistema:102: Carsol Facturacin | AMBIENTE: PRD	1	[{"added": {}}]	38	1
1055	2021-04-29 00:22:31.266184+00	604	Datos de actividades para: Solicitud: Actualizacion OS, | Actualizacin Servidor de Facturacin Carsol: Subida de Sistema | Sistema:102: Carsol Facturacin | AMBIENTE: PRD	1	[{"added": {}}]	38	1
1699	2021-06-08 15:32:44.453369+00	153	ID: 153	2	[{"changed": {"fields": ["Confirmacion cliente"]}}]	19	1
1056	2021-04-29 00:22:44.642318+00	605	Datos de actividades para: Solicitud: Actualizacion OS, | Actualizacin  Domain Controller PRD 1: Bajada de Sistema | Sistema:103: Domain Controller PRD 1 | AMBIENTE: PRD	1	[{"added": {}}]	38	1
1057	2021-04-29 00:22:58.066956+00	606	Datos de actividades para: Solicitud: Actualizacion OS, | Actualizacin  Domain Controller PRD 1: Actualizacin OS | Sistema:103: Domain Controller PRD 1 | AMBIENTE: PRD	1	[{"added": {}}]	38	1
1058	2021-04-29 00:23:15.70685+00	607	Datos de actividades para: Solicitud: Actualizacion OS, | Actualizacin  Domain Controller PRD 1: Reinicio servidor | Sistema:102: Carsol Facturacin | AMBIENTE: PRD	1	[{"added": {}}]	38	1
1059	2021-04-29 00:23:34.57994+00	608	Datos de actividades para: Solicitud: Actualizacion OS, | Actualizacin Domain Controller PRD 1: Subida de Sistema | Sistema:103: Domain Controller PRD 1 | AMBIENTE: PRD	1	[{"added": {}}]	38	1
1060	2021-04-29 00:23:50.596785+00	607	Datos de actividades para: Solicitud: Actualizacion OS, | Actualizacin  Domain Controller PRD 1: Reinicio servidor | Sistema:103: Domain Controller PRD 1 | AMBIENTE: PRD	2	[{"changed": {"fields": ["Est sistema"]}}]	38	1
1061	2021-04-29 00:25:12.885479+00	609	Datos de actividades para: Solicitud: Actualizacion OS, | Actualizacin  Domain Controller PRD 2: Bajada de Sistema | Sistema:104: Domain Controller PRD 2 | AMBIENTE: PRD	1	[{"added": {}}]	38	1
1062	2021-04-29 00:25:24.696433+00	610	Datos de actividades para: Solicitud: Actualizacion OS, | Actualizacin  Domain Controller PRD 2: Actualizacin OS | Sistema:104: Domain Controller PRD 2 | AMBIENTE: PRD	1	[{"added": {}}]	38	1
1063	2021-04-29 00:25:38.429406+00	611	Datos de actividades para: Solicitud: Actualizacion OS, | Actualizacin  Domain Controller PRD 2: Reinicio servidor | Sistema:104: Domain Controller PRD 2 | AMBIENTE: PRD	1	[{"added": {}}]	38	1
1064	2021-04-29 00:25:50.718622+00	612	Datos de actividades para: Solicitud: Actualizacion OS, | Actualizacin Domain Controller PRD 2: Subida de Sistema | Sistema:104: Domain Controller PRD 2 | AMBIENTE: PRD	1	[{"added": {}}]	38	1
1065	2021-04-29 00:26:07.849339+00	613	Datos de actividades para: Solicitud: Actualizacion OS, | Actualizacin Servidor Clickview RDP: Bajada de Sistema | Sistema:105: Servidor Clickview RDP | AMBIENTE: PRD	1	[{"added": {}}]	38	1
1066	2021-04-29 00:26:21.989795+00	614	Datos de actividades para: Solicitud: Actualizacion OS, | Actualizacin  Servidor Clickview RDP: Actualizacin OS | Sistema:105: Servidor Clickview RDP | AMBIENTE: PRD	1	[{"added": {}}]	38	1
1067	2021-04-29 00:26:37.132084+00	615	Datos de actividades para: Solicitud: Actualizacion OS, | Actualizacin  Servidor Clickview RDP: Reinicio servidor | Sistema:105: Servidor Clickview RDP | AMBIENTE: PRD	1	[{"added": {}}]	38	1
1068	2021-04-29 00:26:48.613867+00	616	Datos de actividades para: Solicitud: Actualizacion OS, | Actualizacin Servidor Clickview RDP: Subida de Sistema | Sistema:105: Servidor Clickview RDP | AMBIENTE: PRD	1	[{"added": {}}]	38	1
1069	2021-04-29 00:31:21.663648+00	617	Datos de actividades para: Solicitud: Actualizacion OS, | Actualizacin SRV-SAPPROD: Bajada de Sistema | Sistema:106: Sistema Carsol Per | AMBIENTE: PRD	1	[{"added": {}}]	38	1
1070	2021-04-29 00:31:45.279288+00	618	Datos de actividades para: Solicitud: Actualizacion OS, | Actualizacin  Sistema Carsol Per: Actualizacin OS | Sistema:106: Sistema Carsol Per | AMBIENTE: PRD	1	[{"added": {}}]	38	1
1071	2021-04-29 00:31:57.561306+00	619	Datos de actividades para: Solicitud: Actualizacion OS, | Actualizacin  Sistema Carsol Per: Reinicio servidor | Sistema:106: Sistema Carsol Per | AMBIENTE: PRD	1	[{"added": {}}]	38	1
1072	2021-04-29 00:32:13.731009+00	620	Datos de actividades para: Solicitud: Actualizacion OS, | Actualizacin Sistema Carsol Per: Subida de Sistema | Sistema:106: Sistema Carsol Per | AMBIENTE: PRD	1	[{"added": {}}]	38	1
1073	2021-04-29 00:32:28.791404+00	621	Datos de actividades para: Solicitud: Actualizacion OS, | Actualizacin SRV-SAPPROD: Bajada de Sistema | Sistema:107: SRV-SAP PROD | AMBIENTE: PRD	1	[{"added": {}}]	38	1
1074	2021-04-29 00:32:40.170035+00	622	Datos de actividades para: Solicitud: Actualizacion OS, | Actualizacin  SRV-SAPPROD: Actualizacin OS | Sistema:107: SRV-SAP PROD | AMBIENTE: PRD	1	[{"added": {}}]	38	1
1075	2021-04-29 00:32:57.897683+00	623	Datos de actividades para: Solicitud: Actualizacion OS, | Actualizacin  SRV-SAPPROD: Reinicio servidor | Sistema:107: SRV-SAP PROD | AMBIENTE: PRD	1	[{"added": {}}]	38	1
1076	2021-04-29 00:33:11.005793+00	624	Datos de actividades para: Solicitud: Actualizacion OS, | Actualizacin SRV-SAPPROD: Subida de Sistema | Sistema:107: SRV-SAP PROD | AMBIENTE: PRD	1	[{"added": {}}]	38	1
1077	2021-04-29 00:33:47.583809+00	625	Datos de actividades para: Solicitud: Actualizacion OS, | Actualizacin  SRV-WS-SAP: Bajada de Sistema | Sistema:108: SRV-WS-SAP | AMBIENTE: PRD	1	[{"added": {}}]	38	1
1078	2021-04-29 00:34:19.691627+00	626	Datos de actividades para: Solicitud: Actualizacion OS, | Actualizacin  SRV-WS-SAP: Actualizacin OS | Sistema:108: SRV-WS-SAP | AMBIENTE: PRD	1	[{"added": {}}]	38	1
1079	2021-04-29 00:34:30.80796+00	627	Datos de actividades para: Solicitud: Actualizacion OS, | Actualizacin  SRV-WS-SAP: Reinicio servidor | Sistema:108: SRV-WS-SAP | AMBIENTE: PRD	1	[{"added": {}}]	38	1
1080	2021-04-29 00:34:42.382965+00	628	Datos de actividades para: Solicitud: Actualizacion OS, | Actualizacin SRV-WS-SAP: Subida de Sistema | Sistema:108: SRV-WS-SAP | AMBIENTE: PRD	1	[{"added": {}}]	38	1
1081	2021-04-29 00:35:30.685223+00	629	Datos de actividades para: Solicitud: Actualizacion OS, | Actualizacin SRV-GOGLOBAL: Bajada de Sistema | Sistema:108: SRV-WS-SAP | AMBIENTE: PRD	1	[{"added": {}}]	38	1
1082	2021-04-29 00:35:41.534302+00	630	Datos de actividades para: Solicitud: Actualizacion OS, | Actualizacin  SRV-GOGLOBAL: Actualizacin OS | Sistema:109: SRV-GOGLOBAL | AMBIENTE: PRD	1	[{"added": {}}]	38	1
1083	2021-04-29 00:35:58.307397+00	631	Datos de actividades para: Solicitud: Actualizacion OS, | Actualizacin  SRV-GOGLOBAL: Reinicio servidor | Sistema:109: SRV-GOGLOBAL | AMBIENTE: PRD	1	[{"added": {}}]	38	1
1084	2021-04-29 00:36:12.397443+00	632	Datos de actividades para: Solicitud: Actualizacion OS, | Actualizacin SRV-GOGLOBAL: Subida de Sistema | Sistema:109: SRV-GOGLOBAL | AMBIENTE: PRD	1	[{"added": {}}]	38	1
1085	2021-04-29 01:23:09.261459+00	633	Datos de actividades para: Solicitud: Actualizacion SAP Kernel, | Actualizacin  SAP DEV: Bajada de Sistema | Sistema:73: SAP ERP 6.0 | AMBIENTE: DEV	1	[{"added": {}}]	38	1
1086	2021-04-29 01:24:49.100989+00	634	Datos de actividades para: Solicitud: Actualizacion SAP Kernel, | Actualizacin  SAP DEV: Actualizacin Kernel SAP | Sistema:73: SAP ERP 6.0 | AMBIENTE: DEV	1	[{"added": {}}]	38	1
1087	2021-04-29 01:25:13.646332+00	635	Datos de actividades para: Solicitud: Actualizacion SAP Kernel, | Actualizacin SAP DEV: Subida de Sistema | Sistema:73: SAP ERP 6.0 | AMBIENTE: DEV	1	[{"added": {}}]	38	1
1088	2021-04-29 01:25:29.183456+00	636	Datos de actividades para: Solicitud: Actualizacion SAP Kernel, | Actualizacin  SAP DEV: Pruebas tcnicas | Sistema:73: SAP ERP 6.0 | AMBIENTE: DEV	1	[{"added": {}}]	38	1
1089	2021-04-29 01:25:47.713286+00	637	Datos de actividades para: Solicitud: Actualizacion SAP Kernel, | Actualizacin SAP QAS: Bajada de Sistema | Sistema:74: SAP ERP 6.0 | AMBIENTE: QAS	1	[{"added": {}}]	38	1
1090	2021-04-29 01:25:59.870208+00	638	Datos de actividades para: Solicitud: Actualizacion SAP Kernel, | Actualizacin  SAP QAS: Actualizacin Kernel SAP | Sistema:74: SAP ERP 6.0 | AMBIENTE: QAS	1	[{"added": {}}]	38	1
1091	2021-04-29 01:26:12.906781+00	639	Datos de actividades para: Solicitud: Actualizacion SAP Kernel, | Actualizacin SAP QAS: Subida de Sistema | Sistema:74: SAP ERP 6.0 | AMBIENTE: QAS	1	[{"added": {}}]	38	1
1092	2021-04-29 01:26:53.897813+00	640	Datos de actividades para: Solicitud: Actualizacion SAP Kernel, | Actualizacin  SAP QAS: Pruebas tcnicas | Sistema:74: SAP ERP 6.0 | AMBIENTE: QAS	1	[{"added": {}}]	38	1
1093	2021-04-29 01:27:07.359728+00	641	Datos de actividades para: Solicitud: Actualizacion SAP Kernel, | Actualizacin SAP PRD: Bajada de Sistema | Sistema:76: SAP ERP 6.0 | AMBIENTE: SANDBOX	1	[{"added": {}}]	38	1
1094	2021-04-29 01:27:28.058461+00	642	Datos de actividades para: Solicitud: Actualizacion SAP Kernel, | Actualizacin  SAP PRD: Actualizacin Kernel SAP | Sistema:75: SAP ERP 6.0 | AMBIENTE: PRD	1	[{"added": {}}]	38	1
1095	2021-04-29 01:27:42.826035+00	643	Datos de actividades para: Solicitud: Actualizacion SAP Kernel, | Actualizacin SAP PRD: Subida de Sistema | Sistema:75: SAP ERP 6.0 | AMBIENTE: PRD	1	[{"added": {}}]	38	1
1096	2021-04-29 01:27:56.787474+00	644	Datos de actividades para: Solicitud: Actualizacion SAP Kernel, | Actualizacin  SAP PRD: Pruebas tcnicas | Sistema:75: SAP ERP 6.0 | AMBIENTE: PRD	1	[{"added": {}}]	38	1
1097	2021-04-29 01:29:26.845076+00	645	Datos de actividades para: Solicitud: Actualizacion SAP Kernel, | Actualizacin  SAP SBX: Bajada de Sistema | Sistema:76: SAP ERP 6.0 | AMBIENTE: SANDBOX	1	[{"added": {}}]	38	1
1098	2021-04-29 01:29:37.848736+00	646	Datos de actividades para: Solicitud: Actualizacion SAP Kernel, | Actualizacin  SAP SBX: Actualizacin Kernel SAP | Sistema:76: SAP ERP 6.0 | AMBIENTE: SANDBOX	1	[{"added": {}}]	38	1
1099	2021-04-29 01:29:51.874444+00	647	Datos de actividades para: Solicitud: Actualizacion SAP Kernel, | Actualizacin SAP SBX: Subida de Sistema | Sistema:76: SAP ERP 6.0 | AMBIENTE: SANDBOX	1	[{"added": {}}]	38	1
1100	2021-04-29 01:30:11.491523+00	648	Datos de actividades para: Solicitud: Actualizacion SAP Kernel, | Actualizacin  SAP SBX: Pruebas tcnicas | Sistema:76: SAP ERP 6.0 | AMBIENTE: SANDBOX	1	[{"added": {}}]	38	1
1101	2021-04-29 01:30:48.731316+00	649	Datos de actividades para: Solicitud: Actualizacion SAP Kernel, | Actualizacin SAP BWD: Bajada de Sistema | Sistema:64: SAP BW NetWeaver 2004s | AMBIENTE: DEV	1	[{"added": {}}]	38	1
1102	2021-04-29 01:31:04.676812+00	650	Datos de actividades para: Solicitud: Actualizacion SAP Kernel, | Actualizacin  SAP BWD: Actualizacin Kernel SAP | Sistema:64: SAP BW NetWeaver 2004s | AMBIENTE: DEV	1	[{"added": {}}]	38	1
1103	2021-04-29 01:31:18.518469+00	651	Datos de actividades para: Solicitud: Actualizacion SAP Kernel, | Actualizacin SAP BWD:: Subida de Sistema | Sistema:64: SAP BW NetWeaver 2004s | AMBIENTE: DEV	1	[{"added": {}}]	38	1
1104	2021-04-29 01:31:39.849375+00	652	Datos de actividades para: Solicitud: Actualizacion SAP Kernel, | Actualizacin  SAP BWD: Pruebas tcnicas | Sistema:64: SAP BW NetWeaver 2004s | AMBIENTE: DEV	1	[{"added": {}}]	38	1
1105	2021-04-29 01:32:20.005385+00	653	Datos de actividades para: Solicitud: Actualizacion SAP Kernel, | Actualizacin SAP BWP: Bajada de Sistema | Sistema:65: SAP BW NetWeaver 2004s | AMBIENTE: PRD	1	[{"added": {}}]	38	1
1106	2021-04-29 01:32:57.995756+00	654	Datos de actividades para: Solicitud: Actualizacion SAP Kernel, | Actualizacin  SAP BWP: Actualizacin Kernel SAP | Sistema:65: SAP BW NetWeaver 2004s | AMBIENTE: PRD	1	[{"added": {}}]	38	1
1107	2021-04-29 01:33:15.368337+00	655	Datos de actividades para: Solicitud: Actualizacion SAP Kernel, | Actualizacin SAP BWP: Subida de Sistema | Sistema:65: SAP BW NetWeaver 2004s | AMBIENTE: PRD	1	[{"added": {}}]	38	1
1108	2021-04-29 01:33:30.793829+00	656	Datos de actividades para: Solicitud: Actualizacion SAP Kernel, | Actualizacin  SAP BWP: Pruebas tcnicas | Sistema:65: SAP BW NetWeaver 2004s | AMBIENTE: PRD	1	[{"added": {}}]	38	1
1109	2021-04-29 01:35:33.60823+00	657	Datos de actividades para: Solicitud: Actualizacion SAP Kernel, | Actualizacin  SAP EPD: Bajada de Sistema | Sistema:66: SAP Portal NetWeaver 2004s | AMBIENTE: DEV	1	[{"added": {}}]	38	1
1110	2021-04-29 01:35:50.428308+00	658	Datos de actividades para: Solicitud: Actualizacion SAP Kernel, | Actualizacin  SAP EPD: Actualizacin Kernel SAP | Sistema:66: SAP Portal NetWeaver 2004s | AMBIENTE: DEV	1	[{"added": {}}]	38	1
1111	2021-04-29 01:36:08.177663+00	659	Datos de actividades para: Solicitud: Actualizacion SAP Kernel, | Actualizacin SAP EPD: Subida de Sistema | Sistema:66: SAP Portal NetWeaver 2004s | AMBIENTE: DEV	1	[{"added": {}}]	38	1
1112	2021-04-29 01:36:21.45148+00	660	Datos de actividades para: Solicitud: Actualizacion SAP Kernel, | Actualizacin  SAP EPD: Pruebas tcnicas | Sistema:66: SAP Portal NetWeaver 2004s | AMBIENTE: DEV	1	[{"added": {}}]	38	1
1113	2021-04-29 01:36:42.746041+00	661	Datos de actividades para: Solicitud: Actualizacion SAP Kernel, | Actualizacin SAP EPP: Bajada de Sistema | Sistema:67: SAP Portal NetWeaver 2004s | AMBIENTE: PRD	1	[{"added": {}}]	38	1
1114	2021-04-29 01:36:59.237689+00	662	Datos de actividades para: Solicitud: Actualizacion SAP Kernel, | Actualizacin  SAP EPP: Actualizacin Kernel SAP | Sistema:67: SAP Portal NetWeaver 2004s | AMBIENTE: PRD	1	[{"added": {}}]	38	1
1115	2021-04-29 01:37:36.515926+00	663	Datos de actividades para: Solicitud: Actualizacion SAP Kernel, | Actualizacin SAP EPP: Subida de Sistema | Sistema:67: SAP Portal NetWeaver 2004s | AMBIENTE: PRD	1	[{"added": {}}]	38	1
1116	2021-04-29 01:37:50.444667+00	664	Datos de actividades para: Solicitud: Actualizacion SAP Kernel, | Actualizacin  SAP EPP: Pruebas tcnicas | Sistema:67: SAP Portal NetWeaver 2004s | AMBIENTE: PRD	1	[{"added": {}}]	38	1
1117	2021-04-29 01:39:55.27276+00	665	Datos de actividades para: Solicitud: Actualizacion SAP Kernel, | Actualizacin SAP SMA: Bajada de Sistema | Sistema:68: SAP Solution Manager 7.2 SP5 | AMBIENTE: PRD	1	[{"added": {}}]	38	1
1118	2021-04-29 01:40:10.559668+00	666	Datos de actividades para: Solicitud: Actualizacion SAP Kernel, | Actualizacin  SAP SMA: Actualizacin Kernel SAP | Sistema:68: SAP Solution Manager 7.2 SP5 | AMBIENTE: PRD	1	[{"added": {}}]	38	1
1119	2021-04-29 01:40:23.507428+00	667	Datos de actividades para: Solicitud: Actualizacion SAP Kernel, | Actualizacin SAP SMA: Subida de Sistema | Sistema:68: SAP Solution Manager 7.2 SP5 | AMBIENTE: PRD	1	[{"added": {}}]	38	1
1120	2021-04-29 01:40:48.489541+00	668	Datos de actividades para: Solicitud: Actualizacion SAP Kernel, | Actualizacin  SAP SMA: Pruebas tcnicas | Sistema:68: SAP Solution Manager 7.2 SP5 | AMBIENTE: PRD	1	[{"added": {}}]	38	1
1121	2021-04-29 01:46:50.299191+00	669	Datos de actividades para: Solicitud: Actualizacion SAP Kernel, | Actualizacin  SAP MID: Bajada de Sistema | Sistema:70: SAP Java MII NW 7.5 | AMBIENTE: DEV	1	[{"added": {}}]	38	1
1122	2021-04-29 01:47:03.972223+00	670	Datos de actividades para: Solicitud: Actualizacion SAP Kernel, | Actualizacin  SAP MID: Actualizacin Kernel SAP | Sistema:70: SAP Java MII NW 7.5 | AMBIENTE: DEV	1	[{"added": {}}]	38	1
1700	2021-08-03 15:59:37.14689+00	38	PUERTO CORONEL	2	[{"changed": {"fields": ["Cliente pais", "Perfil aws"]}}]	8	1
1123	2021-04-29 01:47:15.733166+00	671	Datos de actividades para: Solicitud: Actualizacion SAP Kernel, | Actualizacin SAP MID: Subida de Sistema | Sistema:70: SAP Java MII NW 7.5 | AMBIENTE: DEV	1	[{"added": {}}]	38	1
1124	2021-04-29 01:47:28.596825+00	672	Datos de actividades para: Solicitud: Actualizacion SAP Kernel, | Actualizacin  SAP MID: Pruebas tcnicas | Sistema:70: SAP Java MII NW 7.5 | AMBIENTE: DEV	1	[{"added": {}}]	38	1
1125	2021-04-29 01:47:52.567544+00	673	Datos de actividades para: Solicitud: Actualizacion SAP Kernel, | Actualizacin SAP MIP: Bajada de Sistema | Sistema:71: SAP Java MII NW 7.5 | AMBIENTE: PRD	1	[{"added": {}}]	38	1
1126	2021-04-29 01:48:03.310295+00	674	Datos de actividades para: Solicitud: Actualizacion SAP Kernel, | Actualizacin  SAP MIP: Actualizacin Kernel SAP | Sistema:71: SAP Java MII NW 7.5 | AMBIENTE: PRD	1	[{"added": {}}]	38	1
1127	2021-04-29 01:48:17.43438+00	675	Datos de actividades para: Solicitud: Actualizacion SAP Kernel, | Actualizacin SAP MIP: Subida de Sistema | Sistema:71: SAP Java MII NW 7.5 | AMBIENTE: PRD	1	[{"added": {}}]	38	1
1128	2021-04-29 01:48:31.425503+00	676	Datos de actividades para: Solicitud: Actualizacion SAP Kernel, | Actualizacin  SAP MIP: Pruebas tcnicas | Sistema:72: SAP Java ADS PRD NW 7.5 | AMBIENTE: PRD	1	[{"added": {}}]	38	1
1129	2021-04-29 01:49:04.808413+00	677	Datos de actividades para: Solicitud: Actualizacion SAP Kernel, | Actualizacin SAP ADP: Bajada de Sistema | Sistema:72: SAP Java ADS PRD NW 7.5 | AMBIENTE: PRD	1	[{"added": {}}]	38	1
1130	2021-04-29 01:49:17.880842+00	678	Datos de actividades para: Solicitud: Actualizacion SAP Kernel, | Actualizacin  SAP ADP: Actualizacin Kernel SAP | Sistema:72: SAP Java ADS PRD NW 7.5 | AMBIENTE: PRD	1	[{"added": {}}]	38	1
1131	2021-04-29 01:49:39.149626+00	679	Datos de actividades para: Solicitud: Actualizacion SAP Kernel, | Actualizacin SAP ADP: Subida de Sistema | Sistema:73: SAP ERP 6.0 | AMBIENTE: DEV	1	[{"added": {}}]	38	1
1132	2021-04-29 01:49:50.274565+00	680	Datos de actividades para: Solicitud: Actualizacion SAP Kernel, | Actualizacin  SAP ADP: Pruebas tcnicas | Sistema:72: SAP Java ADS PRD NW 7.5 | AMBIENTE: PRD	1	[{"added": {}}]	38	1
1133	2021-04-29 01:50:41.888401+00	681	Datos de actividades para: Solicitud: Actualizacion SAP Kernel, | Actualizacin  SAP WDP: Bajada de Sistema | Sistema:69: Saprouter - WDP | AMBIENTE: PRD	1	[{"added": {}}]	38	1
1134	2021-04-29 01:50:53.932687+00	682	Datos de actividades para: Solicitud: Actualizacion SAP Kernel, | Actualizacin  SAP WDP: Actualizacin Kernel SAP | Sistema:69: Saprouter - WDP | AMBIENTE: PRD	1	[{"added": {}}]	38	1
1135	2021-04-29 01:51:11.429618+00	683	Datos de actividades para: Solicitud: Actualizacion SAP Kernel, | Actualizacin SAP WDP: Subida de Sistema | Sistema:69: Saprouter - WDP | AMBIENTE: PRD	1	[{"added": {}}]	38	1
1136	2021-04-29 01:51:27.364201+00	684	Datos de actividades para: Solicitud: Actualizacion SAP Kernel, | Actualizacin  SAP WDP: Pruebas tcnicas | Sistema:69: Saprouter - WDP | AMBIENTE: PRD	1	[{"added": {}}]	38	1
1137	2021-04-29 01:54:52.900676+00	685	Datos de actividades para: Solicitud: Actualizacion SAP Kernel, | Actualizacin  SAP SDI WDP PRD: Bajada de Sistema | Sistema:77: SAP SDI - WDP | AMBIENTE: PRD	1	[{"added": {}}]	38	1
1138	2021-04-29 01:55:07.10632+00	686	Datos de actividades para: Solicitud: Actualizacion SAP Kernel, | Actualizacin  SAP SDI WDP PRD: Actualizacin Kernel SAP | Sistema:77: SAP SDI - WDP | AMBIENTE: PRD	1	[{"added": {}}]	38	1
1139	2021-04-29 01:55:16.908375+00	687	Datos de actividades para: Solicitud: Actualizacion SAP Kernel, | Actualizacin SAP SDI WDP PRD: Subida de Sistema | Sistema:77: SAP SDI - WDP | AMBIENTE: PRD	1	[{"added": {}}]	38	1
1140	2021-04-29 01:55:30.931082+00	688	Datos de actividades para: Solicitud: Actualizacion SAP Kernel, | Actualizacin  SAP SDI WDP PRD: Pruebas tcnicas | Sistema:77: SAP SDI - WDP | AMBIENTE: PRD	1	[{"added": {}}]	38	1
1141	2021-04-29 01:55:44.757896+00	689	Datos de actividades para: Solicitud: Actualizacion SAP Kernel, | Actualizacin SAP router: Bajada de Sistema | Sistema:78: SAProuter | AMBIENTE: PRD	1	[{"added": {}}]	38	1
1142	2021-04-29 01:55:57.033401+00	690	Datos de actividades para: Solicitud: Actualizacion SAP Kernel, | Actualizacin  SAP router: Actualizacin Kernel SAP | Sistema:78: SAProuter | AMBIENTE: PRD	1	[{"added": {}}]	38	1
1143	2021-04-29 01:56:08.959766+00	691	Datos de actividades para: Solicitud: Actualizacion SAP Kernel, | Actualizacin SAP router: Subida de Sistema | Sistema:78: SAProuter | AMBIENTE: PRD	1	[{"added": {}}]	38	1
1144	2021-04-29 01:56:50.351224+00	692	Datos de actividades para: Solicitud: Actualizacion SAP Kernel, | Actualizacin  SAP router: Pruebas tcnicas | Sistema:78: SAProuter | AMBIENTE: PRD	1	[{"added": {}}]	38	1
1145	2021-04-29 01:57:03.602302+00	693	Datos de actividades para: Solicitud: Actualizacion SAP Kernel, | Actualizacin SAP BOE 4.2 PRD: Bajada de Sistema | Sistema:79: SAP BO 4.2 | AMBIENTE: PRD	1	[{"added": {}}]	38	1
1146	2021-04-29 01:57:17.147424+00	694	Datos de actividades para: Solicitud: Actualizacion SAP Kernel, | Actualizacin  SAP BOE 4.2 PRD: Actualizacin Kernel SAP | Sistema:79: SAP BO 4.2 | AMBIENTE: PRD	1	[{"added": {}}]	38	1
1147	2021-04-29 01:57:29.19112+00	695	Datos de actividades para: Solicitud: Actualizacion SAP Kernel, | Actualizacin SAP BOE 4.2 PRD: Subida de Sistema | Sistema:79: SAP BO 4.2 | AMBIENTE: PRD	1	[{"added": {}}]	38	1
1148	2021-04-29 01:57:40.764875+00	696	Datos de actividades para: Solicitud: Actualizacion SAP Kernel, | Actualizacin  SAP BOE 4.2 PRD: Pruebas tcnicas | Sistema:79: SAP BO 4.2 | AMBIENTE: PRD	1	[{"added": {}}]	38	1
1149	2021-04-29 01:57:54.657673+00	697	Datos de actividades para: Solicitud: Actualizacion SAP Kernel, | Actualizacin SAP BOE 4.3 PRD: Bajada de Sistema | Sistema:80: SAP BO 4.3 | AMBIENTE: PRD	1	[{"added": {}}]	38	1
1150	2021-04-29 01:58:09.526941+00	698	Datos de actividades para: Solicitud: Actualizacion SAP Kernel, | Actualizacin  SAP BOE 4.3 PRD: Actualizacin Kernel SAP | Sistema:80: SAP BO 4.3 | AMBIENTE: PRD	1	[{"added": {}}]	38	1
1151	2021-04-29 01:58:24.361353+00	699	Datos de actividades para: Solicitud: Actualizacion SAP Kernel, | Actualizacin SAP BOE 4.3 PRD: Subida de Sistema | Sistema:80: SAP BO 4.3 | AMBIENTE: PRD	1	[{"added": {}}]	38	1
1152	2021-04-29 01:58:33.780937+00	700	Datos de actividades para: Solicitud: Actualizacion SAP Kernel, | Actualizacin  SAP BOE 4.3 PRD: Pruebas tcnicas | Sistema:80: SAP BO 4.3 | AMBIENTE: PRD	1	[{"added": {}}]	38	1
1153	2021-04-29 02:01:02.292321+00	701	Datos de actividades para: Solicitud: Actualizacion SAP Kernel, | Actualizacin SAP BWP: Bajada de Sistema | Sistema:81: SAP BW | AMBIENTE: PRD	1	[{"added": {}}]	38	1
1154	2021-04-29 02:01:13.017265+00	702	Datos de actividades para: Solicitud: Actualizacion SAP Kernel, | Actualizacin  SAP BWP: Actualizacin Kernel SAP | Sistema:81: SAP BW | AMBIENTE: PRD	1	[{"added": {}}]	38	1
1155	2021-04-29 02:01:27.200908+00	703	Datos de actividades para: Solicitud: Actualizacion SAP Kernel, | Actualizacin SAP BWP: Subida de Sistema | Sistema:81: SAP BW | AMBIENTE: PRD	1	[{"added": {}}]	38	1
1156	2021-04-29 02:01:40.820799+00	704	Datos de actividades para: Solicitud: Actualizacion SAP Kernel, | Actualizacin  SAP BWP: Pruebas tcnicas | Sistema:81: SAP BW | AMBIENTE: PRD	1	[{"added": {}}]	38	1
1157	2021-04-29 02:05:17.800835+00	679	Datos de actividades para: Solicitud: Actualizacion SAP Kernel, | Actualizacin SAP ADP: Subida de Sistema | Sistema:72: SAP Java ADS PRD NW 7.5 | AMBIENTE: PRD	2	[{"changed": {"fields": ["Est sistema"]}}]	38	1
1158	2021-04-29 02:05:52.027872+00	705	Datos de actividades para: Solicitud: Actualizacion SAP Kernel, | Actualizacin SAP SDI DEV: Bajada de Sistema | Sistema:83: SAP SDI | AMBIENTE: DEV	1	[{"added": {}}]	38	1
1159	2021-04-29 02:06:03.336932+00	706	Datos de actividades para: Solicitud: Actualizacion SAP Kernel, | Actualizacin  SAP SDI DEV: Actualizacin Kernel SAP | Sistema:83: SAP SDI | AMBIENTE: DEV	1	[{"added": {}}]	38	1
1160	2021-04-29 02:06:16.084947+00	707	Datos de actividades para: Solicitud: Actualizacion SAP Kernel, | Actualizacin SAP SDI DEV: Subida de Sistema | Sistema:83: SAP SDI | AMBIENTE: DEV	1	[{"added": {}}]	38	1
1161	2021-04-29 02:06:29.513664+00	708	Datos de actividades para: Solicitud: Actualizacion SAP Kernel, | Actualizacin  SAP SDI DEV: Pruebas tcnicas | Sistema:83: SAP SDI | AMBIENTE: DEV	1	[{"added": {}}]	38	1
1162	2021-04-29 02:12:37.817067+00	709	Datos de actividades para: Solicitud: Actualizacion SAP Kernel, | Actualizacin  SAP Platform Cockpit: Bajada de Sistema | Sistema:85: SAP Cloud Platform Cockpit | AMBIENTE: PRD	1	[{"added": {}}]	38	1
1163	2021-04-29 02:12:51.712213+00	710	Datos de actividades para: Solicitud: Actualizacion SAP Kernel, | Actualizacin  SAP Platform Cockpit: Actualizacin Kernel SAP | Sistema:85: SAP Cloud Platform Cockpit | AMBIENTE: PRD	1	[{"added": {}}]	38	1
1164	2021-04-29 02:13:02.611748+00	711	Datos de actividades para: Solicitud: Actualizacion SAP Kernel, | Actualizacin SAP Platform Cockpit: Subida de Sistema | Sistema:85: SAP Cloud Platform Cockpit | AMBIENTE: PRD	1	[{"added": {}}]	38	1
1165	2021-04-29 02:13:16.242732+00	712	Datos de actividades para: Solicitud: Actualizacion SAP Kernel, | Actualizacin  SAP Platform Cockpit: Pruebas tcnicas | Sistema:85: SAP Cloud Platform Cockpit | AMBIENTE: PRD	1	[{"added": {}}]	38	1
1166	2021-04-29 02:15:40.48328+00	713	Datos de actividades para: Solicitud: Actualizacion SAP Kernel, | Actualizacin SAP Cloud Connector QAS: Bajada de Sistema | Sistema:86: SAP Cloud Connector | AMBIENTE: QAS	1	[{"added": {}}]	38	1
1167	2021-04-29 02:15:56.150884+00	714	Datos de actividades para: Solicitud: Actualizacion SAP Kernel, | Actualizacin  SAP Cloud Connector QAS: Actualizacin Kernel SAP | Sistema:86: SAP Cloud Connector | AMBIENTE: QAS	1	[{"added": {}}]	38	1
1168	2021-04-29 02:16:11.296781+00	715	Datos de actividades para: Solicitud: Actualizacion SAP Kernel, | Actualizacin SAP Cloud Connector QAS: Subida de Sistema | Sistema:86: SAP Cloud Connector | AMBIENTE: QAS	1	[{"added": {}}]	38	1
1169	2021-04-29 02:16:23.394149+00	716	Datos de actividades para: Solicitud: Actualizacion SAP Kernel, | Actualizacin  SAP Cloud Connector QAS: Pruebas tcnicas | Sistema:86: SAP Cloud Connector | AMBIENTE: QAS	1	[{"added": {}}]	38	1
1170	2021-04-29 02:16:40.74777+00	717	Datos de actividades para: Solicitud: Actualizacion SAP Kernel, | Actualizacin SAP Cloud Connector PRD: Bajada de Sistema | Sistema:87: SAP Cloud Connector | AMBIENTE: PRD	1	[{"added": {}}]	38	1
1171	2021-04-29 02:16:59.417204+00	718	Datos de actividades para: Solicitud: Actualizacion SAP Kernel, | Actualizacin  SAP Cloud Connector PRD: Actualizacin Kernel SAP | Sistema:87: SAP Cloud Connector | AMBIENTE: PRD	1	[{"added": {}}]	38	1
1172	2021-04-29 02:18:26.486658+00	719	Datos de actividades para: Solicitud: Actualizacion SAP Kernel, | Actualizacin SAP Cloud Connector PRD: Subida de Sistema | Sistema:87: SAP Cloud Connector | AMBIENTE: PRD	1	[{"added": {}}]	38	1
1173	2021-04-29 02:20:57.062122+00	720	Datos de actividades para: Solicitud: Actualizacion SAP Kernel, | Actualizacin  SAP Cloud Connector PRD: Pruebas tcnicas | Sistema:87: SAP Cloud Connector | AMBIENTE: PRD	1	[{"added": {}}]	38	1
1174	2021-04-29 02:21:16.076205+00	721	Datos de actividades para: Solicitud: Actualizacion SAP Kernel, | Actualizacin SAP HANA SDI QAS: Bajada de Sistema | Sistema:94: SAP HANA SDI | AMBIENTE: PRD	1	[{"added": {}}]	38	1
1175	2021-04-29 02:21:36.215594+00	722	Datos de actividades para: Solicitud: Actualizacion SAP Kernel, | Actualizacin  SAP HANA SDI QAS: Actualizacin Kernel SAP | Sistema:95: SAP HANA SDI | AMBIENTE: QAS	1	[{"added": {}}]	38	1
1176	2021-04-29 02:21:48.321517+00	721	Datos de actividades para: Solicitud: Actualizacion SAP Kernel, | Actualizacin SAP HANA SDI QAS: Bajada de Sistema | Sistema:95: SAP HANA SDI | AMBIENTE: QAS	2	[{"changed": {"fields": ["Est sistema", "Est orden"]}}]	38	1
1177	2021-04-29 02:22:04.469595+00	723	Datos de actividades para: Solicitud: Actualizacion SAP Kernel, | Actualizacin SAP HANA SDI QAS: Subida de Sistema | Sistema:95: SAP HANA SDI | AMBIENTE: QAS	1	[{"added": {}}]	38	1
1178	2021-04-29 02:22:14.640955+00	724	Datos de actividades para: Solicitud: Actualizacion SAP Kernel, | Actualizacin  SAP HANA SDI QAS: Pruebas tcnicas | Sistema:95: SAP HANA SDI | AMBIENTE: QAS	1	[{"added": {}}]	38	1
1179	2021-04-29 02:22:51.368685+00	725	Datos de actividades para: Solicitud: Actualizacion SAP Kernel, | Actualizacin SAP HANA SDI PRD: Bajada de Sistema | Sistema:94: SAP HANA SDI | AMBIENTE: PRD	1	[{"added": {}}]	38	1
1180	2021-04-29 02:23:17.013557+00	726	Datos de actividades para: Solicitud: Actualizacion SAP Kernel, | Actualizacin  SAP HANA SDI PRD: Actualizacin Kernel SAP | Sistema:94: SAP HANA SDI | AMBIENTE: PRD	1	[{"added": {}}]	38	1
1181	2021-04-29 02:23:34.503095+00	727	Datos de actividades para: Solicitud: Actualizacion SAP Kernel, | Actualizacin SAP HANA SDI PRD: Subida de Sistema | Sistema:94: SAP HANA SDI | AMBIENTE: PRD	1	[{"added": {}}]	38	1
1182	2021-04-29 02:23:48.926985+00	728	Datos de actividades para: Solicitud: Actualizacion SAP Kernel, | Actualizacin  SAP HANA SDI QAS: Pruebas tcnicas | Sistema:94: SAP HANA SDI | AMBIENTE: PRD	1	[{"added": {}}]	38	1
1183	2021-04-29 02:25:23.822623+00	729	Datos de actividades para: Solicitud: Actualizacion SAP Kernel, | Actualizacin  Domain Controller: Bajada de Sistema | Sistema:98: Domain Controller | AMBIENTE: PRD	1	[{"added": {}}]	38	1
1184	2021-04-29 02:25:38.922768+00	730	Datos de actividades para: Solicitud: Actualizacion SAP Kernel, | Actualizacin  Domain Controller Actualizacin Kernel SAP | Sistema:98: Domain Controller | AMBIENTE: PRD	1	[{"added": {}}]	38	1
1185	2021-04-29 02:25:49.854121+00	731	Datos de actividades para: Solicitud: Actualizacion SAP Kernel, | Actualizacin Domain Controller: Subida de Sistema | Sistema:98: Domain Controller | AMBIENTE: PRD	1	[{"added": {}}]	38	1
1186	2021-04-29 02:26:05.72199+00	732	Datos de actividades para: Solicitud: Actualizacion SAP Kernel, | Actualizacin  Domain Controller: Pruebas tcnicas | Sistema:98: Domain Controller | AMBIENTE: PRD	1	[{"added": {}}]	38	1
1187	2021-04-29 02:26:47.81202+00	733	Datos de actividades para: Solicitud: Actualizacion SAP Kernel, | Actualizacin DB SAP: Bajada de Sistema | Sistema:99: DB SAP | AMBIENTE: PRD	1	[{"added": {}}]	38	1
1188	2021-04-29 02:27:01.230896+00	734	Datos de actividades para: Solicitud: Actualizacion SAP Kernel, | Actualizacin  DB SAP: Actualizacin Kernel SAP | Sistema:99: DB SAP | AMBIENTE: PRD	1	[{"added": {}}]	38	1
1701	2021-08-03 16:00:05.400227+00	1	US East (N. Virginia)	1	[{"added": {}}]	74	1
1189	2021-04-29 02:27:11.078873+00	735	Datos de actividades para: Solicitud: Actualizacion SAP Kernel, | Actualizacin DB SAP: Subida de Sistema | Sistema:99: DB SAP | AMBIENTE: PRD	1	[{"added": {}}]	38	1
1190	2021-04-29 02:27:21.577998+00	736	Datos de actividades para: Solicitud: Actualizacion SAP Kernel, | Actualizacin  DB SAP: Pruebas tcnicas | Sistema:99: DB SAP | AMBIENTE: PRD	1	[{"added": {}}]	38	1
1191	2021-04-29 02:28:47.503296+00	737	Datos de actividades para: Solicitud: Actualizacion SAP Kernel, | Actualizacin  Servidor de Respaldo: Bajada de Sistema | Sistema:100: Servidor de Respaldo | AMBIENTE: PRD	1	[{"added": {}}]	38	1
1192	2021-04-29 02:28:59.090318+00	738	Datos de actividades para: Solicitud: Actualizacion SAP Kernel, | Actualizacin  Servidor de Respaldo: Actualizacin Kernel SAP | Sistema:100: Servidor de Respaldo | AMBIENTE: PRD	1	[{"added": {}}]	38	1
1193	2021-04-29 02:29:10.547375+00	739	Datos de actividades para: Solicitud: Actualizacion SAP Kernel, | Actualizacin Servidor de Respaldo: Subida de Sistema | Sistema:100: Servidor de Respaldo | AMBIENTE: PRD	1	[{"added": {}}]	38	1
1194	2021-04-29 02:29:19.728227+00	740	Datos de actividades para: Solicitud: Actualizacion SAP Kernel, | Actualizacin  Servidor de Respaldo: Pruebas tcnicas | Sistema:100: Servidor de Respaldo | AMBIENTE: PRD	1	[{"added": {}}]	38	1
1195	2021-04-29 02:29:31.352196+00	741	Datos de actividades para: Solicitud: Actualizacion SAP Kernel, | Actualizacin Sistemas Carsol: Bajada de Sistema | Sistema:101: Sistemas Carsol | AMBIENTE: PRD	1	[{"added": {}}]	38	1
1196	2021-04-29 02:29:40.182253+00	742	Datos de actividades para: Solicitud: Actualizacion SAP Kernel, | Actualizacin  Sistemas Carsol: Actualizacin Kernel SAP | Sistema:101: Sistemas Carsol | AMBIENTE: PRD	1	[{"added": {}}]	38	1
1197	2021-04-29 02:29:52.383011+00	743	Datos de actividades para: Solicitud: Actualizacion SAP Kernel, | Actualizacin Sistemas Carsol: Subida de Sistema | Sistema:100: Servidor de Respaldo | AMBIENTE: PRD	1	[{"added": {}}]	38	1
1198	2021-04-29 02:30:05.013544+00	744	Datos de actividades para: Solicitud: Actualizacion SAP Kernel, | Actualizacin  Sistemas Carsol: Pruebas tcnicas | Sistema:102: Carsol Facturacin | AMBIENTE: PRD	1	[{"added": {}}]	38	1
1199	2021-04-29 02:30:19.978412+00	745	Datos de actividades para: Solicitud: Actualizacion SAP Kernel, | Actualizacin Sistemas Carsol Facturacin: Bajada de Sistema | Sistema:102: Carsol Facturacin | AMBIENTE: PRD	1	[{"added": {}}]	38	1
1200	2021-04-29 02:30:32.309558+00	746	Datos de actividades para: Solicitud: Actualizacion SAP Kernel, | Actualizacin  Sistemas Carsol Facturacin: Actualizacin Kernel SAP | Sistema:102: Carsol Facturacin | AMBIENTE: PRD	1	[{"added": {}}]	38	1
1201	2021-04-29 02:30:46.998407+00	747	Datos de actividades para: Solicitud: Actualizacion SAP Kernel, | Actualizacin Sistemas Carsol Facturacin: Subida de Sistema | Sistema:102: Carsol Facturacin | AMBIENTE: PRD	1	[{"added": {}}]	38	1
1202	2021-04-29 02:31:00.8515+00	748	Datos de actividades para: Solicitud: Actualizacion SAP Kernel, | Actualizacin  Sistemas Carsol Facturacin: Pruebas tcnicas | Sistema:102: Carsol Facturacin | AMBIENTE: PRD	1	[{"added": {}}]	38	1
1203	2021-04-29 02:32:47.4803+00	749	Datos de actividades para: Solicitud: Actualizacion SAP Kernel, | Actualizacin Sistema Carsol Per: Bajada de Sistema | Sistema:106: Sistema Carsol Per | AMBIENTE: PRD	1	[{"added": {}}]	38	1
1204	2021-04-29 02:32:56.83272+00	750	Datos de actividades para: Solicitud: Actualizacion SAP Kernel, | Actualizacin  Sistema Carsol Per: Actualizacin Kernel SAP | Sistema:106: Sistema Carsol Per | AMBIENTE: PRD	1	[{"added": {}}]	38	1
1205	2021-04-29 02:33:12.889377+00	751	Datos de actividades para: Solicitud: Actualizacion SAP Kernel, | Actualizacin Sistema Carsol Per: Subida de Sistema | Sistema:106: Sistema Carsol Per | AMBIENTE: PRD	1	[{"added": {}}]	38	1
1206	2021-04-29 02:33:25.108822+00	752	Datos de actividades para: Solicitud: Actualizacion SAP Kernel, | Actualizacin  Sistema Carsol Per: Pruebas tcnicas | Sistema:106: Sistema Carsol Per | AMBIENTE: PRD	1	[{"added": {}}]	38	1
1207	2021-04-29 02:33:35.752948+00	752	Datos de actividades para: Solicitud: Actualizacion SAP Kernel, | Actualizacin  Sistema Carsol Per: Pruebas tcnicas | Sistema:106: Sistema Carsol Per | AMBIENTE: PRD	2	[{"changed": {"fields": ["Est orden"]}}]	38	1
1208	2021-04-29 02:33:54.2119+00	753	Datos de actividades para: Solicitud: Actualizacion SAP Kernel, | Actualizacin SRV-SAPPROD: Bajada de Sistema | Sistema:107: SRV-SAP PROD | AMBIENTE: PRD	1	[{"added": {}}]	38	1
1209	2021-04-29 02:34:06.447614+00	754	Datos de actividades para: Solicitud: Actualizacion SAP Kernel, | Actualizacin  SRV-SAPPROD: Actualizacin Kernel SAP | Sistema:107: SRV-SAP PROD | AMBIENTE: PRD	1	[{"added": {}}]	38	1
1210	2021-04-29 02:34:16.645892+00	755	Datos de actividades para: Solicitud: Actualizacion SAP Kernel, | Actualizacin SRV-SAPPROD: Subida de Sistema | Sistema:108: SRV-WS-SAP | AMBIENTE: PRD	1	[{"added": {}}]	38	1
1211	2021-04-29 02:34:28.842092+00	756	Datos de actividades para: Solicitud: Actualizacion SAP Kernel, | Actualizacin  SRV-SAPPROD: Pruebas tcnicas | Sistema:107: SRV-SAP PROD | AMBIENTE: PRD	1	[{"added": {}}]	38	1
1212	2021-04-29 02:34:44.587616+00	757	Datos de actividades para: Solicitud: Actualizacion SAP Kernel, | Actualizacin SRV-WS-SAP: Bajada de Sistema | Sistema:108: SRV-WS-SAP | AMBIENTE: PRD	1	[{"added": {}}]	38	1
1213	2021-04-29 02:34:56.274236+00	758	Datos de actividades para: Solicitud: Actualizacion SAP Kernel, | Actualizacin  SRV-WS-SAP: Actualizacin Kernel SAP | Sistema:108: SRV-WS-SAP | AMBIENTE: PRD	1	[{"added": {}}]	38	1
1214	2021-04-29 02:35:08.17702+00	759	Datos de actividades para: Solicitud: Actualizacion SAP Kernel, | Actualizacin SRV-WS-SAP: Subida de Sistema | Sistema:108: SRV-WS-SAP | AMBIENTE: PRD	1	[{"added": {}}]	38	1
1215	2021-04-29 02:35:23.906264+00	760	Datos de actividades para: Solicitud: Actualizacion SAP Kernel, | Actualizacin  SRV-WS-SAP: Pruebas tcnicas | Sistema:108: SRV-WS-SAP | AMBIENTE: PRD	1	[{"added": {}}]	38	1
1216	2021-04-29 02:35:41.158794+00	761	Datos de actividades para: Solicitud: Actualizacion SAP Kernel, | Actualizacin  SRV-GOGLOBAL: Bajada de Sistema | Sistema:109: SRV-GOGLOBAL | AMBIENTE: PRD	1	[{"added": {}}]	38	1
1217	2021-04-29 02:35:54.773277+00	762	Datos de actividades para: Solicitud: Actualizacion SAP Kernel, | Actualizacin  SRV-GOGLOBAL: Actualizacin Kernel SAP | Sistema:109: SRV-GOGLOBAL | AMBIENTE: PRD	1	[{"added": {}}]	38	1
1218	2021-04-29 02:36:06.060011+00	763	Datos de actividades para: Solicitud: Actualizacion SAP Kernel, | Actualizacin SRV-GOGLOBAL: Subida de Sistema | Sistema:109: SRV-GOGLOBAL | AMBIENTE: PRD	1	[{"added": {}}]	38	1
1219	2021-04-29 02:36:16.332192+00	764	Datos de actividades para: Solicitud: Actualizacion SAP Kernel, | Actualizacin  SRV-GOGLOBAL: Pruebas tcnicas | Sistema:109: SRV-GOGLOBAL | AMBIENTE: PRD	1	[{"added": {}}]	38	1
1220	2021-04-29 13:11:57.161734+00	765	Datos de actividades para: Solicitud: Parchado Base de datos, | Parchado DB DEV: Bajada de sistema | Sistema:73: SAP ERP 6.0 | AMBIENTE: DEV	1	[{"added": {}}]	38	1
1221	2021-04-29 13:12:10.915248+00	766	Datos de actividades para: Solicitud: Parchado Base de datos, | Parchado DB DEV: Parchado | Sistema:73: SAP ERP 6.0 | AMBIENTE: DEV	1	[{"added": {}}]	38	1
1222	2021-04-29 13:12:27.813057+00	767	Datos de actividades para: Solicitud: Parchado Base de datos, | Parchado DB DEV: Subida de sistema | Sistema:73: SAP ERP 6.0 | AMBIENTE: DEV	1	[{"added": {}}]	38	1
1223	2021-04-29 13:12:47.457762+00	768	Datos de actividades para: Solicitud: Parchado Base de datos, | Parchado DB DEV: Pruebas tcnicas | Sistema:73: SAP ERP 6.0 | AMBIENTE: DEV	1	[{"added": {}}]	38	1
1224	2021-04-29 13:13:03.010789+00	769	Datos de actividades para: Solicitud: Parchado Base de datos, | Parchado DB QAS: Bajada de sistema | Sistema:74: SAP ERP 6.0 | AMBIENTE: QAS	1	[{"added": {}}]	38	1
1225	2021-04-29 13:13:18.648053+00	770	Datos de actividades para: Solicitud: Parchado Base de datos, | Parchado DB QAS: Parchado | Sistema:74: SAP ERP 6.0 | AMBIENTE: QAS	1	[{"added": {}}]	38	1
1226	2021-04-29 13:13:32.459985+00	771	Datos de actividades para: Solicitud: Parchado Base de datos, | Parchado DB QAS: Subida de sistema | Sistema:74: SAP ERP 6.0 | AMBIENTE: QAS	1	[{"added": {}}]	38	1
1227	2021-04-29 13:13:46.814447+00	772	Datos de actividades para: Solicitud: Parchado Base de datos, | Parchado DB QAS: Pruebas tcnicas | Sistema:74: SAP ERP 6.0 | AMBIENTE: QAS	1	[{"added": {}}]	38	1
1228	2021-04-29 13:14:13.952037+00	773	Datos de actividades para: Solicitud: Parchado Base de datos, | Parchado DB PRD: Bajada de sistema | Sistema:75: SAP ERP 6.0 | AMBIENTE: PRD	1	[{"added": {}}]	38	1
1229	2021-04-29 13:14:28.150865+00	774	Datos de actividades para: Solicitud: Parchado Base de datos, | Parchado DB PRD: Parchado | Sistema:75: SAP ERP 6.0 | AMBIENTE: PRD	1	[{"added": {}}]	38	1
1230	2021-04-29 13:14:41.613371+00	775	Datos de actividades para: Solicitud: Parchado Base de datos, | Parchado DB PRD: Subida de sistema | Sistema:75: SAP ERP 6.0 | AMBIENTE: PRD	1	[{"added": {}}]	38	1
1231	2021-04-29 13:14:53.784645+00	776	Datos de actividades para: Solicitud: Parchado Base de datos, | Parchado DB PRD: Pruebas tcnicas | Sistema:75: SAP ERP 6.0 | AMBIENTE: PRD	1	[{"added": {}}]	38	1
1232	2021-04-29 13:17:55.597884+00	641	Datos de actividades para: Solicitud: Actualizacion SAP Kernel, | Actualizacin SAP PRD: Bajada de Sistema | Sistema:75: SAP ERP 6.0 | AMBIENTE: PRD	2	[{"changed": {"fields": ["Est sistema"]}}]	38	1
1233	2021-04-29 13:21:43.187707+00	777	Datos de actividades para: Solicitud: Parchado Base de datos, | Parchado DB SBX: Bajada de sistema | Sistema:76: SAP ERP 6.0 | AMBIENTE: SANDBOX	1	[{"added": {}}]	38	1
1234	2021-04-29 13:22:04.964319+00	778	Datos de actividades para: Solicitud: Parchado Base de datos, | Parchado DB SBX: Parchado | Sistema:76: SAP ERP 6.0 | AMBIENTE: SANDBOX	1	[{"added": {}}]	38	1
1235	2021-04-29 13:22:19.396392+00	779	Datos de actividades para: Solicitud: Parchado Base de datos, | Parchado DB SBX: Subida de sistema | Sistema:76: SAP ERP 6.0 | AMBIENTE: SANDBOX	1	[{"added": {}}]	38	1
1236	2021-04-29 13:22:35.668155+00	780	Datos de actividades para: Solicitud: Parchado Base de datos, | Parchado DB SBX: Pruebas tcnicas | Sistema:76: SAP ERP 6.0 | AMBIENTE: SANDBOX	1	[{"added": {}}]	38	1
1237	2021-04-29 13:23:30.018168+00	773	Datos de actividades para: Solicitud: Parchado Base de datos, | Parchado DB PRD: Bajada de sistema | Sistema:75: SAP ERP 6.0 | AMBIENTE: PRD	2	[{"changed": {"fields": ["Est orden"]}}]	38	1
1238	2021-04-29 13:23:33.883872+00	774	Datos de actividades para: Solicitud: Parchado Base de datos, | Parchado DB PRD: Parchado | Sistema:75: SAP ERP 6.0 | AMBIENTE: PRD	2	[{"changed": {"fields": ["Est orden"]}}]	38	1
1239	2021-04-29 13:23:38.354736+00	775	Datos de actividades para: Solicitud: Parchado Base de datos, | Parchado DB PRD: Subida de sistema | Sistema:75: SAP ERP 6.0 | AMBIENTE: PRD	2	[{"changed": {"fields": ["Est orden"]}}]	38	1
1240	2021-04-29 13:23:41.780326+00	776	Datos de actividades para: Solicitud: Parchado Base de datos, | Parchado DB PRD: Pruebas tcnicas | Sistema:75: SAP ERP 6.0 | AMBIENTE: PRD	2	[{"changed": {"fields": ["Est orden"]}}]	38	1
1241	2021-04-29 13:26:16.869288+00	781	Datos de actividades para: Solicitud: Parchado Base de datos, | Parchado DB BWD: Bajada de sistema | Sistema:64: SAP BW NetWeaver 2004s | AMBIENTE: DEV	1	[{"added": {}}]	38	1
1242	2021-04-29 13:26:38.154293+00	782	Datos de actividades para: Solicitud: Parchado Base de datos, | Parchado DB BWD: Parchado | Sistema:64: SAP BW NetWeaver 2004s | AMBIENTE: DEV	1	[{"added": {}}]	38	1
1243	2021-04-29 13:26:56.550484+00	783	Datos de actividades para: Solicitud: Parchado Base de datos, | Parchado DB BWD: Subida de sistema | Sistema:64: SAP BW NetWeaver 2004s | AMBIENTE: DEV	1	[{"added": {}}]	38	1
1244	2021-04-29 13:27:12.706221+00	784	Datos de actividades para: Solicitud: Parchado Base de datos, | Parchado DB BWD: Pruebas tcnicas | Sistema:64: SAP BW NetWeaver 2004s | AMBIENTE: DEV	1	[{"added": {}}]	38	1
1245	2021-04-29 13:27:30.940794+00	785	Datos de actividades para: Solicitud: Parchado Base de datos, | Parchado DB BWP: Bajada de sistema | Sistema:65: SAP BW NetWeaver 2004s | AMBIENTE: PRD	1	[{"added": {}}]	38	1
1246	2021-04-29 13:27:46.05558+00	786	Datos de actividades para: Solicitud: Parchado Base de datos, | Parchado DB BWP: Parchado | Sistema:65: SAP BW NetWeaver 2004s | AMBIENTE: PRD	1	[{"added": {}}]	38	1
1247	2021-04-29 13:28:04.801178+00	787	Datos de actividades para: Solicitud: Parchado Base de datos, | Parchado DB BWP: Subida de sistema | Sistema:65: SAP BW NetWeaver 2004s | AMBIENTE: PRD	1	[{"added": {}}]	38	1
1248	2021-04-29 13:28:19.194738+00	788	Datos de actividades para: Solicitud: Parchado Base de datos, | Parchado DB BWP: Pruebas tcnicas | Sistema:65: SAP BW NetWeaver 2004s | AMBIENTE: PRD	1	[{"added": {}}]	38	1
1249	2021-04-29 13:28:34.98732+00	789	Datos de actividades para: Solicitud: Parchado Base de datos, | Parchado DB EPD: Bajada de sistema | Sistema:66: SAP Portal NetWeaver 2004s | AMBIENTE: DEV	1	[{"added": {}}]	38	1
1250	2021-04-29 13:28:47.216287+00	790	Datos de actividades para: Solicitud: Parchado Base de datos, | Parchado DB EPD: Parchado | Sistema:66: SAP Portal NetWeaver 2004s | AMBIENTE: DEV	1	[{"added": {}}]	38	1
1251	2021-04-29 13:29:05.914262+00	791	Datos de actividades para: Solicitud: Parchado Base de datos, | Parchado DB EPD: Subida de sistema | Sistema:66: SAP Portal NetWeaver 2004s | AMBIENTE: DEV	1	[{"added": {}}]	38	1
1252	2021-04-29 13:29:19.772199+00	792	Datos de actividades para: Solicitud: Parchado Base de datos, | Parchado DB EPD: Pruebas tcnicas | Sistema:66: SAP Portal NetWeaver 2004s | AMBIENTE: DEV	1	[{"added": {}}]	38	1
1253	2021-04-29 13:29:32.578007+00	793	Datos de actividades para: Solicitud: Parchado Base de datos, | Parchado DB EPP: Bajada de sistema | Sistema:68: SAP Solution Manager 7.2 SP5 | AMBIENTE: PRD	1	[{"added": {}}]	38	1
1254	2021-04-29 13:29:47.702603+00	794	Datos de actividades para: Solicitud: Parchado Base de datos, | Parchado DB EPP: Parchado | Sistema:68: SAP Solution Manager 7.2 SP5 | AMBIENTE: PRD	1	[{"added": {}}]	38	1
1255	2021-04-29 13:30:26.415006+00	795	Datos de actividades para: Solicitud: Parchado Base de datos, | Parchado DB EPP: Subida de sistema | Sistema:67: SAP Portal NetWeaver 2004s | AMBIENTE: PRD	1	[{"added": {}}]	38	1
1256	2021-04-29 13:30:46.181115+00	796	Datos de actividades para: Solicitud: Parchado Base de datos, | Parchado DB EPP: Pruebas tcnicas | Sistema:67: SAP Portal NetWeaver 2004s | AMBIENTE: PRD	1	[{"added": {}}]	38	1
1702	2021-08-03 16:19:19.021551+00	38	PUERTO CORONEL	2	[]	8	1
1257	2021-04-29 13:34:54.085828+00	793	Datos de actividades para: Solicitud: Parchado Base de datos, | Parchado DB EPP: Bajada de sistema | Sistema:67: SAP Portal NetWeaver 2004s | AMBIENTE: PRD	2	[{"changed": {"fields": ["Est sistema"]}}]	38	1
1258	2021-04-29 13:34:57.485691+00	794	Datos de actividades para: Solicitud: Parchado Base de datos, | Parchado DB EPP: Parchado | Sistema:67: SAP Portal NetWeaver 2004s | AMBIENTE: PRD	2	[{"changed": {"fields": ["Est sistema"]}}]	38	1
1259	2021-04-29 13:36:26.854345+00	797	Datos de actividades para: Solicitud: Parchado Base de datos, | Parchado DB SMA: Bajada de sistema | Sistema:68: SAP Solution Manager 7.2 SP5 | AMBIENTE: PRD	1	[{"added": {}}]	38	1
1260	2021-04-29 13:36:38.900936+00	798	Datos de actividades para: Solicitud: Parchado Base de datos, | Parchado DB SMA: Parchado | Sistema:68: SAP Solution Manager 7.2 SP5 | AMBIENTE: PRD	1	[{"added": {}}]	38	1
1261	2021-04-29 13:36:55.441465+00	799	Datos de actividades para: Solicitud: Parchado Base de datos, | Parchado DB SMA: Subida de sistema | Sistema:68: SAP Solution Manager 7.2 SP5 | AMBIENTE: PRD	1	[{"added": {}}]	38	1
1262	2021-04-29 13:37:14.408927+00	800	Datos de actividades para: Solicitud: Parchado Base de datos, | Parchado DB SMA: Pruebas tcnicas | Sistema:68: SAP Solution Manager 7.2 SP5 | AMBIENTE: PRD	1	[{"added": {}}]	38	1
1263	2021-04-29 13:37:25.022958+00	799	Datos de actividades para: Solicitud: Parchado Base de datos, | Parchado DB SMA: Subida de sistema | Sistema:68: SAP Solution Manager 7.2 SP5 | AMBIENTE: PRD	2	[{"changed": {"fields": ["Est orden"]}}]	38	1
1264	2021-04-29 13:37:32.296892+00	799	Datos de actividades para: Solicitud: Parchado Base de datos, | Parchado DB SMA: Subida de sistema | Sistema:68: SAP Solution Manager 7.2 SP5 | AMBIENTE: PRD	2	[{"changed": {"fields": ["Est duracion actividad"]}}]	38	1
1265	2021-04-29 13:37:53.891562+00	801	Datos de actividades para: Solicitud: Parchado Base de datos, | Parchado DB MID: Bajada de sistema | Sistema:70: SAP Java MII NW 7.5 | AMBIENTE: DEV	1	[{"added": {}}]	38	1
1266	2021-04-29 13:38:14.66059+00	802	Datos de actividades para: Solicitud: Parchado Base de datos, | Parchado DB MID: Parchado | Sistema:70: SAP Java MII NW 7.5 | AMBIENTE: DEV	1	[{"added": {}}]	38	1
1267	2021-04-29 13:38:32.466638+00	803	Datos de actividades para: Solicitud: Parchado Base de datos, | Parchado DB MID: Subida de sistema | Sistema:70: SAP Java MII NW 7.5 | AMBIENTE: DEV	1	[{"added": {}}]	38	1
1268	2021-04-29 13:38:45.876496+00	804	Datos de actividades para: Solicitud: Parchado Base de datos, | Parchado DB MID: Pruebas tcnicas | Sistema:70: SAP Java MII NW 7.5 | AMBIENTE: DEV	1	[{"added": {}}]	38	1
1269	2021-04-29 13:39:00.389444+00	805	Datos de actividades para: Solicitud: Parchado Base de datos, | Parchado DB MIP: Bajada de sistema | Sistema:71: SAP Java MII NW 7.5 | AMBIENTE: PRD	1	[{"added": {}}]	38	1
1270	2021-04-29 13:39:18.094337+00	806	Datos de actividades para: Solicitud: Parchado Base de datos, | Parchado DB MIP: Parchado | Sistema:71: SAP Java MII NW 7.5 | AMBIENTE: PRD	1	[{"added": {}}]	38	1
1271	2021-04-29 13:39:30.506627+00	807	Datos de actividades para: Solicitud: Parchado Base de datos, | Parchado DB MIP: Subida de sistema | Sistema:71: SAP Java MII NW 7.5 | AMBIENTE: PRD	1	[{"added": {}}]	38	1
1272	2021-04-29 13:39:44.398224+00	808	Datos de actividades para: Solicitud: Parchado Base de datos, | Parchado DB MIP: Pruebas tcnicas | Sistema:71: SAP Java MII NW 7.5 | AMBIENTE: PRD	1	[{"added": {}}]	38	1
1273	2021-04-29 13:40:07.452141+00	809	Datos de actividades para: Solicitud: Parchado Base de datos, | Parchado DB ADP: Bajada de sistema | Sistema:72: SAP Java ADS PRD NW 7.5 | AMBIENTE: PRD	1	[{"added": {}}]	38	1
1274	2021-04-29 13:40:18.299479+00	810	Datos de actividades para: Solicitud: Parchado Base de datos, | Parchado DB ADP: Parchado | Sistema:72: SAP Java ADS PRD NW 7.5 | AMBIENTE: PRD	1	[{"added": {}}]	38	1
1275	2021-04-29 13:40:33.676877+00	811	Datos de actividades para: Solicitud: Parchado Base de datos, | Parchado DB ADP: Subida de sistema | Sistema:72: SAP Java ADS PRD NW 7.5 | AMBIENTE: PRD	1	[{"added": {}}]	38	1
1276	2021-04-29 13:40:45.341973+00	812	Datos de actividades para: Solicitud: Parchado Base de datos, | Parchado DB ADP: Pruebas tcnicas | Sistema:72: SAP Java ADS PRD NW 7.5 | AMBIENTE: PRD	1	[{"added": {}}]	38	1
1277	2021-04-29 13:44:38.322023+00	813	Datos de actividades para: Solicitud: Parchado Base de datos, | Parchado DB SAP SDI-WDP: Bajada de sistema | Sistema:77: SAP SDI - WDP | AMBIENTE: PRD	1	[{"added": {}}]	38	1
1278	2021-04-29 13:44:56.393858+00	814	Datos de actividades para: Solicitud: Parchado Base de datos, | Parchado DB SAP SDI-WDP: Parchado | Sistema:77: SAP SDI - WDP | AMBIENTE: PRD	1	[{"added": {}}]	38	1
1279	2021-04-29 13:45:12.54243+00	815	Datos de actividades para: Solicitud: Parchado Base de datos, | Parchado DB SAP SDI-WDP: Subida de sistema | Sistema:77: SAP SDI - WDP | AMBIENTE: PRD	1	[{"added": {}}]	38	1
1280	2021-04-29 13:45:26.844154+00	816	Datos de actividades para: Solicitud: Parchado Base de datos, | Parchado DB SAP SDI-WDP: Pruebas tcnicas | Sistema:77: SAP SDI - WDP | AMBIENTE: PRD	1	[{"added": {}}]	38	1
1281	2021-04-29 13:45:49.090733+00	817	Datos de actividades para: Solicitud: Parchado Base de datos, | Parchado DB BOE 4.2 PRD: router: Bajada de sistema | Sistema:79: SAP BO 4.2 | AMBIENTE: PRD	1	[{"added": {}}]	38	1
1282	2021-04-29 13:46:04.30208+00	818	Datos de actividades para: Solicitud: Parchado Base de datos, | Parchado DB BOE 4.2 PRD: Parchado | Sistema:79: SAP BO 4.2 | AMBIENTE: PRD	1	[{"added": {}}]	38	1
1283	2021-04-29 13:46:17.483338+00	819	Datos de actividades para: Solicitud: Parchado Base de datos, | Parchado DB BOE 4.2 PRD: Subida de sistema | Sistema:79: SAP BO 4.2 | AMBIENTE: PRD	1	[{"added": {}}]	38	1
1284	2021-04-29 13:46:32.7028+00	820	Datos de actividades para: Solicitud: Parchado Base de datos, | Parchado DB BOE 4.2 PRD: Pruebas tcnicas | Sistema:79: SAP BO 4.2 | AMBIENTE: PRD	1	[{"added": {}}]	38	1
1285	2021-04-29 13:46:47.45281+00	821	Datos de actividades para: Solicitud: Parchado Base de datos, | Parchado DB BOE 4.3 PRD: Bajada de sistema | Sistema:80: SAP BO 4.3 | AMBIENTE: PRD	1	[{"added": {}}]	38	1
1286	2021-04-29 13:47:07.151993+00	822	Datos de actividades para: Solicitud: Parchado Base de datos, | Parchado DB DB BOE 4.3 PRD: Parchado | Sistema:80: SAP BO 4.3 | AMBIENTE: PRD	1	[{"added": {}}]	38	1
1287	2021-04-29 13:47:18.169469+00	823	Datos de actividades para: Solicitud: Parchado Base de datos, | Parchado DB DB BOE 4.3 PRD: Subida de sistema | Sistema:80: SAP BO 4.3 | AMBIENTE: PRD	1	[{"added": {}}]	38	1
1288	2021-04-29 13:47:29.083903+00	824	Datos de actividades para: Solicitud: Parchado Base de datos, | Parchado DB DB BOE 4.3 PRD: Pruebas tcnicas | Sistema:80: SAP BO 4.3 | AMBIENTE: PRD	1	[{"added": {}}]	38	1
1289	2021-04-29 13:49:51.652029+00	825	Datos de actividades para: Solicitud: Parchado Base de datos, | Parchado DB BWP: Bajada de sistema | Sistema:81: SAP BW | AMBIENTE: PRD	1	[{"added": {}}]	38	1
1290	2021-04-29 13:50:03.760365+00	826	Datos de actividades para: Solicitud: Parchado Base de datos, | Parchado DB BWP: Parchado | Sistema:81: SAP BW | AMBIENTE: PRD	1	[{"added": {}}]	38	1
1291	2021-04-29 13:50:16.723041+00	827	Datos de actividades para: Solicitud: Parchado Base de datos, | Parchado DB BWP: Subida de sistema | Sistema:82: SAP BW | AMBIENTE: DEV	1	[{"added": {}}]	38	1
1292	2021-04-29 13:50:29.941762+00	828	Datos de actividades para: Solicitud: Parchado Base de datos, | Parchado DB BWP: Pruebas tcnicas | Sistema:81: SAP BW | AMBIENTE: PRD	1	[{"added": {}}]	38	1
1293	2021-04-29 13:50:55.228788+00	827	Datos de actividades para: Solicitud: Parchado Base de datos, | Parchado DB BWP: Subida de sistema | Sistema:81: SAP BW | AMBIENTE: PRD	2	[{"changed": {"fields": ["Est sistema"]}}]	38	1
1294	2021-04-29 13:51:31.193448+00	829	Datos de actividades para: Solicitud: Parchado Base de datos, | Parchado DB BWD:  Bajada de sistema | Sistema:82: SAP BW | AMBIENTE: DEV	1	[{"added": {}}]	38	1
1295	2021-04-29 13:51:42.97956+00	830	Datos de actividades para: Solicitud: Parchado Base de datos, | Parchado DB BWD: Parchado | Sistema:82: SAP BW | AMBIENTE: DEV	1	[{"added": {}}]	38	1
1296	2021-04-29 13:51:52.931734+00	831	Datos de actividades para: Solicitud: Parchado Base de datos, | Parchado DB BWD: Subida de sistema | Sistema:82: SAP BW | AMBIENTE: DEV	1	[{"added": {}}]	38	1
1297	2021-04-29 13:52:06.011432+00	832	Datos de actividades para: Solicitud: Parchado Base de datos, | Parchado DB BWD: Pruebas tcnicas | Sistema:82: SAP BW | AMBIENTE: DEV	1	[{"added": {}}]	38	1
1298	2021-04-29 13:52:33.538287+00	833	Datos de actividades para: Solicitud: Parchado Base de datos, | Parchado DB SAP SDI DEV: Bajada de sistema | Sistema:83: SAP SDI | AMBIENTE: DEV	1	[{"added": {}}]	38	1
1299	2021-04-29 13:52:46.382127+00	834	Datos de actividades para: Solicitud: Parchado Base de datos, | Parchado DB SAP SDI DEV: Parchado | Sistema:83: SAP SDI | AMBIENTE: DEV	1	[{"added": {}}]	38	1
1300	2021-04-29 13:53:00.900378+00	835	Datos de actividades para: Solicitud: Actualizacion OS, | Parchado DB SAP SDI DEV: Subida de sistema | Sistema:83: SAP SDI | AMBIENTE: DEV	1	[{"added": {}}]	38	1
1301	2021-04-29 13:53:14.040844+00	836	Datos de actividades para: Solicitud: Parchado Base de datos, | Parchado DB SAP SDI DEV: Pruebas tcnicas | Sistema:83: SAP SDI | AMBIENTE: DEV	1	[{"added": {}}]	38	1
1302	2021-04-29 13:53:25.950907+00	837	Datos de actividades para: Solicitud: Parchado Base de datos, | Parchado DB CloudEndure PRD: Bajada de sistema | Sistema:84: Cludendure PRD | AMBIENTE: PRD	1	[{"added": {}}]	38	1
1303	2021-04-29 13:54:15.273078+00	837	Datos de actividades para: Solicitud: Parchado Base de datos, | Parchado DB CloudEndure PRD: Bajada de sistema | Sistema:84: Cludendure PRD | AMBIENTE: PRD	2	[{"changed": {"fields": ["Est orden"]}}]	38	1
1304	2021-04-29 13:54:21.209295+00	838	Datos de actividades para: Solicitud: Parchado Base de datos, | Parchado DB CloudEndure PRD: Parchado | Sistema:84: Cludendure PRD | AMBIENTE: PRD	1	[{"added": {}}]	38	1
1305	2021-04-29 13:54:32.966531+00	839	Datos de actividades para: Solicitud: Parchado Base de datos, | Parchado DB CloudEndure PRD: Subida de sistema | Sistema:84: Cludendure PRD | AMBIENTE: PRD	1	[{"added": {}}]	38	1
1306	2021-04-29 13:54:45.498157+00	840	Datos de actividades para: Solicitud: Parchado Base de datos, | Parchado DB CloudEndure PRD: Pruebas tcnicas | Sistema:84: Cludendure PRD | AMBIENTE: PRD	1	[{"added": {}}]	38	1
1307	2021-04-29 13:58:22.855438+00	841	Datos de actividades para: Solicitud: Parchado Base de datos, | Parchado DB SAP HANA SDI QAS: Bajada de sistema | Sistema:95: SAP HANA SDI | AMBIENTE: QAS	1	[{"added": {}}]	38	1
1308	2021-04-29 13:58:44.409143+00	842	Datos de actividades para: Solicitud: Parchado Base de datos, | Parchado DB SAP HANA SDI QAS: Parchado | Sistema:95: SAP HANA SDI | AMBIENTE: QAS	1	[{"added": {}}]	38	1
1309	2021-04-29 13:59:01.585109+00	843	Datos de actividades para: Solicitud: Parchado Base de datos, | Parchado DB SAP HANA SDI QAS: Subida de sistema | Sistema:95: SAP HANA SDI | AMBIENTE: QAS	1	[{"added": {}}]	38	1
1310	2021-04-29 13:59:18.2421+00	844	Datos de actividades para: Solicitud: Parchado Base de datos, | Parchado DB SAP HANA SDI QAS: Pruebas tcnicas | Sistema:95: SAP HANA SDI | AMBIENTE: QAS	1	[{"added": {}}]	38	1
1311	2021-04-29 14:19:38.255392+00	845	Datos de actividades para: Solicitud: Parchado Base de datos, | Parchado DB SAP HANA SDI PRD: Bajada de sistema | Sistema:94: SAP HANA SDI | AMBIENTE: PRD	1	[{"added": {}}]	38	1
1312	2021-04-29 14:20:05.834306+00	846	Datos de actividades para: Solicitud: Parchado Base de datos, | Parchado DB SAP HANA SDI PRD: Parchado | Sistema:94: SAP HANA SDI | AMBIENTE: PRD	1	[{"added": {}}]	38	1
1313	2021-04-29 14:20:17.839397+00	847	Datos de actividades para: Solicitud: Parchado Base de datos, | Parchado DB SAP HANA SDI PRD: Subida de sistema | Sistema:94: SAP HANA SDI | AMBIENTE: PRD	1	[{"added": {}}]	38	1
1314	2021-04-29 14:20:37.25269+00	848	Datos de actividades para: Solicitud: Parchado Base de datos, | Parchado DB SAP HANA SDI PRD: Pruebas tcnicas | Sistema:94: SAP HANA SDI | AMBIENTE: PRD	1	[{"added": {}}]	38	1
1315	2021-04-29 14:20:59.965376+00	849	Datos de actividades para: Solicitud: Parchado Base de datos, | Parchado DB SAP : Bajada de sistema | Sistema:99: DB SAP | AMBIENTE: PRD	1	[{"added": {}}]	38	1
1316	2021-04-29 14:21:19.284689+00	850	Datos de actividades para: Solicitud: Parchado Base de datos, | Parchado DB SAP : Parchado | Sistema:99: DB SAP | AMBIENTE: PRD	1	[{"added": {}}]	38	1
1317	2021-04-29 14:21:32.854277+00	851	Datos de actividades para: Solicitud: Parchado Base de datos, | Parchado DB SAP : Subida de sistema | Sistema:99: DB SAP | AMBIENTE: PRD	1	[{"added": {}}]	38	1
1318	2021-04-29 14:21:46.409773+00	852	Datos de actividades para: Solicitud: Parchado Base de datos, | Parchado DB SAP : Pruebas tcnicas | Sistema:99: DB SAP | AMBIENTE: PRD	1	[{"added": {}}]	38	1
1319	2021-04-29 14:22:04.93166+00	853	Datos de actividades para: Solicitud: Parchado Base de datos, | Parchado DB Servidor de Respaldo: Bajada de sistema | Sistema:100: Servidor de Respaldo | AMBIENTE: PRD	1	[{"added": {}}]	38	1
1320	2021-04-29 14:22:28.1924+00	854	Datos de actividades para: Solicitud: Parchado Base de datos, | Parchado DB Servidor de Respaldo: Parchado | Sistema:100: Servidor de Respaldo | AMBIENTE: PRD	1	[{"added": {}}]	38	1
1321	2021-04-29 14:22:42.291929+00	855	Datos de actividades para: Solicitud: Parchado Base de datos, | Parchado DB Servidor de Respaldo: Subida de sistema | Sistema:100: Servidor de Respaldo | AMBIENTE: PRD	1	[{"added": {}}]	38	1
1322	2021-04-29 14:23:02.017528+00	856	Datos de actividades para: Solicitud: Parchado Base de datos, | Parchado DB Servidor de Respaldo: Pruebas tcnicas | Sistema:100: Servidor de Respaldo | AMBIENTE: PRD	1	[{"added": {}}]	38	1
1323	2021-04-29 14:23:27.898676+00	857	Datos de actividades para: Solicitud: Parchado Base de datos, | Parchado DB Sistemas Carsol: Bajada de sistema | Sistema:101: Sistemas Carsol | AMBIENTE: PRD	1	[{"added": {}}]	38	1
1324	2021-04-29 14:23:45.965075+00	858	Datos de actividades para: Solicitud: Parchado Base de datos, | Parchado DB Sistemas Carsol: Parchado | Sistema:101: Sistemas Carsol | AMBIENTE: PRD	1	[{"added": {}}]	38	1
1325	2021-04-29 14:24:02.620948+00	859	Datos de actividades para: Solicitud: Parchado Base de datos, | Parchado DB Sistemas Carsol: Subida de sistema | Sistema:101: Sistemas Carsol | AMBIENTE: PRD	1	[{"added": {}}]	38	1
1326	2021-04-29 14:24:17.291472+00	860	Datos de actividades para: Solicitud: Parchado Base de datos, | Parchado DB Sistemas Carsol: Pruebas tcnicas | Sistema:101: Sistemas Carsol | AMBIENTE: PRD	1	[{"added": {}}]	38	1
1327	2021-04-29 14:24:34.414102+00	861	Datos de actividades para: Solicitud: Parchado Base de datos, | Parchado DB Facturacin Carsol: Bajada de sistema | Sistema:102: Carsol Facturacin | AMBIENTE: PRD	1	[{"added": {}}]	38	1
1328	2021-04-29 14:24:47.856028+00	862	Datos de actividades para: Solicitud: Parchado Base de datos, | Parchado DB Facturacin Carsol: Parchado | Sistema:102: Carsol Facturacin | AMBIENTE: PRD	1	[{"added": {}}]	38	1
1329	2021-04-29 14:25:04.127939+00	863	Datos de actividades para: Solicitud: Parchado Base de datos, | Parchado DB Facturacin Carsol: Subida de sistema | Sistema:102: Carsol Facturacin | AMBIENTE: PRD	1	[{"added": {}}]	38	1
1330	2021-04-29 14:25:20.512397+00	864	Datos de actividades para: Solicitud: Parchado Base de datos, | Parchado DB Facturacin Carsol: Pruebas tcnicas | Sistema:102: Carsol Facturacin | AMBIENTE: PRD	1	[{"added": {}}]	38	1
1331	2021-04-29 14:27:07.390619+00	865	Datos de actividades para: Solicitud: Parchado Base de datos, | Parchado DB Sistema Carsol Per : Bajada de sistema | Sistema:106: Sistema Carsol Per | AMBIENTE: PRD	1	[{"added": {}}]	38	1
1332	2021-04-29 14:27:18.549982+00	866	Datos de actividades para: Solicitud: Parchado Base de datos, | Parchado DB Sistema Carsol Per : Parchado | Sistema:106: Sistema Carsol Per | AMBIENTE: PRD	1	[{"added": {}}]	38	1
1333	2021-04-29 14:27:29.765708+00	867	Datos de actividades para: Solicitud: Parchado Base de datos, | Parchado DB Sistema Carsol Per : Subida de sistema | Sistema:106: Sistema Carsol Per | AMBIENTE: PRD	1	[{"added": {}}]	38	1
1334	2021-04-29 14:27:47.911256+00	868	Datos de actividades para: Solicitud: Parchado Base de datos, | Parchado DB Sistema Carsol Per : Pruebas tcnicas | Sistema:106: Sistema Carsol Per | AMBIENTE: PRD	1	[{"added": {}}]	38	1
1335	2021-04-29 14:28:07.24708+00	869	Datos de actividades para: Solicitud: Parchado Base de datos, | Parchado DB SRV-SAPPROD: Bajada de sistema | Sistema:107: SRV-SAP PROD | AMBIENTE: PRD	1	[{"added": {}}]	38	1
1336	2021-04-29 14:28:21.327235+00	870	Datos de actividades para: Solicitud: Parchado Base de datos, | Parchado DB SRV-SAPPROD: Parchado | Sistema:107: SRV-SAP PROD | AMBIENTE: PRD	1	[{"added": {}}]	38	1
1337	2021-04-29 14:28:48.653326+00	871	Datos de actividades para: Solicitud: Parchado Base de datos, | Parchado DB SRV-SAPPROD: Subida de sistema | Sistema:107: SRV-SAP PROD | AMBIENTE: PRD	1	[{"added": {}}]	38	1
1338	2021-04-29 14:29:03.67472+00	872	Datos de actividades para: Solicitud: Parchado Base de datos, | Parchado DB SRV-SAPPROD: Pruebas tcnicas | Sistema:107: SRV-SAP PROD | AMBIENTE: PRD	1	[{"added": {}}]	38	1
1339	2021-04-29 14:29:25.153613+00	873	Datos de actividades para: Solicitud: Parchado Base de datos, | Parchado DB SRV-WS-SAP: Bajada de sistema | Sistema:108: SRV-WS-SAP | AMBIENTE: PRD	1	[{"added": {}}]	38	1
1340	2021-04-29 14:29:38.49332+00	874	Datos de actividades para: Solicitud: Parchado Base de datos, | Parchado DB SRV-WS-SAP: Parchado | Sistema:108: SRV-WS-SAP | AMBIENTE: PRD	1	[{"added": {}}]	38	1
1341	2021-04-29 14:29:54.042328+00	875	Datos de actividades para: Solicitud: Parchado Base de datos, | Parchado DB SRV-WS-SAP: Subida de sistema | Sistema:108: SRV-WS-SAP | AMBIENTE: PRD	1	[{"added": {}}]	38	1
1342	2021-04-29 14:30:10.582968+00	876	Datos de actividades para: Solicitud: Parchado Base de datos, | Parchado DB SRV-WS-SAP: Pruebas tcnicas | Sistema:108: SRV-WS-SAP | AMBIENTE: PRD	1	[{"added": {}}]	38	1
1343	2021-04-29 14:31:07.82121+00	877	Datos de actividades para: Solicitud: Parchado Base de datos, | Parchado DB SRV-GOGLOBAL Bajada de sistema | Sistema:109: SRV-GOGLOBAL | AMBIENTE: PRD	1	[{"added": {}}]	38	1
1344	2021-04-29 14:31:33.247565+00	878	Datos de actividades para: Solicitud: Parchado Base de datos, | Parchado DB SRV-GOGLOBAL Parchado | Sistema:109: SRV-GOGLOBAL | AMBIENTE: PRD	1	[{"added": {}}]	38	1
1345	2021-04-29 14:31:47.726393+00	879	Datos de actividades para: Solicitud: Parchado Base de datos, | Parchado DB SRV-GOGLOBAL Subida de sistema | Sistema:109: SRV-GOGLOBAL | AMBIENTE: PRD	1	[{"added": {}}]	38	1
1346	2021-04-29 14:31:58.677446+00	880	Datos de actividades para: Solicitud: Parchado Base de datos, | Parchado DB SRV-GOGLOBAL Pruebas tcnicas | Sistema:109: SRV-GOGLOBAL | AMBIENTE: PRD	1	[{"added": {}}]	38	1
1347	2021-04-29 15:05:26.970621+00	112	Sistema:112: SAP BW NETWEAVER 7.5 | AMBIENTE: DEV	1	[{"added": {}}]	9	1
1348	2021-04-29 15:05:42.801563+00	113	Sistema:113: SAP Portal NETWEAVER 7.5 | AMBIENTE: DEV	1	[{"added": {}}]	9	1
1349	2021-04-29 15:05:50.138541+00	114	Sistema:114: SAP Portal NETWEAVER 7.5 | AMBIENTE: QAS	1	[{"added": {}}]	9	1
1350	2021-04-29 15:05:58.451968+00	115	Sistema:115: SAP PO NETWEAVER 7.5 | AMBIENTE: DEV	1	[{"added": {}}]	9	1
1351	2021-04-29 15:06:06.909648+00	116	Sistema:116: SAP TRX | AMBIENTE: DEV	1	[{"added": {}}]	9	1
1352	2021-04-29 15:06:14.473292+00	117	Sistema:117: SAP ERP EHP4 | AMBIENTE: QAS	1	[{"added": {}}]	9	1
1353	2021-04-29 15:06:27.407431+00	118	Sistema:118: SAP Webdispatcher | AMBIENTE: DEV	1	[{"added": {}}]	9	1
1354	2021-04-29 15:06:38.988269+00	119	Sistema:119: SAP BW NETWEAVER 7.5 | AMBIENTE: PRD	1	[{"added": {}}]	9	1
1355	2021-04-29 15:06:53.761431+00	120	Sistema:120: NODO 1 BD INP | AMBIENTE: PRD	1	[{"added": {}}]	9	1
1356	2021-04-29 15:07:02.846101+00	121	Sistema:121: NODO 2 BD INP | AMBIENTE: PRD	1	[{"added": {}}]	9	1
1357	2021-04-29 15:07:18.843841+00	122	Sistema:122: SAP ERP EHP8 INP APP1 | AMBIENTE: PRD	1	[{"added": {}}]	9	1
1358	2021-04-29 15:07:25.289161+00	123	Sistema:123: SAP ERP EHP8 INP APP2 | AMBIENTE: PRD	1	[{"added": {}}]	9	1
1359	2021-04-29 15:07:34.958267+00	124	Sistema:124: SAP ERP EHP8 INP APP3 | AMBIENTE: PRD	1	[{"added": {}}]	9	1
1360	2021-04-29 15:07:43.236078+00	125	Sistema:125: SAP ERP EHP8 INP Central | AMBIENTE: PRD	1	[{"added": {}}]	9	1
1361	2021-04-29 15:07:51.893801+00	126	Sistema:126: SAP Portal NETWEAVER 7.5 | AMBIENTE: PRD	1	[{"added": {}}]	9	1
1362	2021-04-29 15:07:59.269468+00	127	Sistema:127: SAP PO NETWEAVER 7.5 | AMBIENTE: PRD	1	[{"added": {}}]	9	1
1363	2021-04-29 15:08:06.584947+00	128	Sistema:128: SAP Webdispatcher | AMBIENTE: PRD	1	[{"added": {}}]	9	1
1364	2021-04-29 15:08:14.687144+00	129	Sistema:129: SAP TRX | AMBIENTE: PRD	1	[{"added": {}}]	9	1
1365	2021-04-29 15:08:30.686782+00	130	Sistema:130: SAP SOLMAN 7.2 | AMBIENTE: PRD	1	[{"added": {}}]	9	1
1366	2021-04-29 15:08:53.857923+00	131	Sistema:131: Servidor Respaldo | AMBIENTE: PRD	1	[{"added": {}}]	9	1
1367	2021-04-29 15:09:10.701463+00	132	Sistema:132: SAP Router | AMBIENTE: PRD	1	[{"added": {}}]	9	1
1368	2021-04-29 15:24:03.708596+00	48	INCHCAPE	2	[{"changed": {"fields": ["Sistema FK"]}}]	8	1
1369	2021-04-29 15:31:40.535412+00	881	Datos de actividades para: Solicitud: Parchado Base de datos, | Parchado DB SAP BWD: Bajada de sistema | Sistema:112: SAP BW NETWEAVER 7.5 | AMBIENTE: DEV	1	[{"added": {}}]	38	1
1370	2021-04-29 15:31:50.662137+00	882	Datos de actividades para: Solicitud: Parchado Base de datos, | Parchado DB SAP BWD: Parchado | Sistema:112: SAP BW NETWEAVER 7.5 | AMBIENTE: DEV	1	[{"added": {}}]	38	1
1371	2021-04-29 15:32:07.026912+00	883	Datos de actividades para: Solicitud: Parchado Base de datos, | Parchado DB SAP BWD: Subida de sistema | Sistema:112: SAP BW NETWEAVER 7.5 | AMBIENTE: DEV	1	[{"added": {}}]	38	1
1372	2021-04-29 15:32:18.091839+00	884	Datos de actividades para: Solicitud: Parchado Base de datos, | Parchado DB SAP BWD: Pruebas tcnicas | Sistema:112: SAP BW NETWEAVER 7.5 | AMBIENTE: DEV	1	[{"added": {}}]	38	1
1373	2021-04-29 15:32:31.122163+00	885	Datos de actividades para: Solicitud: Parchado Base de datos, | Parchado DB SAP EPD: Bajada de sistema | Sistema:113: SAP Portal NETWEAVER 7.5 | AMBIENTE: DEV	1	[{"added": {}}]	38	1
1374	2021-04-29 15:32:42.649833+00	886	Datos de actividades para: Solicitud: Parchado Base de datos, | Parchado DB SAP EPD: Parchado | Sistema:113: SAP Portal NETWEAVER 7.5 | AMBIENTE: DEV	1	[{"added": {}}]	38	1
1375	2021-04-29 15:32:53.216743+00	887	Datos de actividades para: Solicitud: Parchado Base de datos, | Parchado DB SAP EPD: Subida de sistema | Sistema:113: SAP Portal NETWEAVER 7.5 | AMBIENTE: DEV	1	[{"added": {}}]	38	1
1376	2021-04-29 15:33:04.602245+00	888	Datos de actividades para: Solicitud: Parchado Base de datos, | Parchado DB SAP EPD: Pruebas tcnicas | Sistema:113: SAP Portal NETWEAVER 7.5 | AMBIENTE: DEV	1	[{"added": {}}]	38	1
1377	2021-04-29 15:33:50.538943+00	889	Datos de actividades para: Solicitud: Parchado Base de datos, | Parchado DB SAP EPQ: Bajada de sistema | Sistema:114: SAP Portal NETWEAVER 7.5 | AMBIENTE: QAS	1	[{"added": {}}]	38	1
1378	2021-04-29 15:34:03.647432+00	890	Datos de actividades para: Solicitud: Parchado Base de datos, | Parchado DB SAP EPQ: Parchado | Sistema:114: SAP Portal NETWEAVER 7.5 | AMBIENTE: QAS	1	[{"added": {}}]	38	1
1379	2021-04-29 15:34:17.140562+00	891	Datos de actividades para: Solicitud: Parchado Base de datos, | Parchado DB SAP EPQ: Subida de sistema | Sistema:114: SAP Portal NETWEAVER 7.5 | AMBIENTE: QAS	1	[{"added": {}}]	38	1
1380	2021-04-29 15:34:28.211097+00	892	Datos de actividades para: Solicitud: Parchado Base de datos, | Parchado DB SAP EPQ: Pruebas tcnicas | Sistema:114: SAP Portal NETWEAVER 7.5 | AMBIENTE: QAS	1	[{"added": {}}]	38	1
1381	2021-04-29 15:34:40.539203+00	893	Datos de actividades para: Solicitud: Parchado Base de datos, | Parchado DB SAP POD: Bajada de sistema | Sistema:115: SAP PO NETWEAVER 7.5 | AMBIENTE: DEV	1	[{"added": {}}]	38	1
1382	2021-04-29 15:34:54.272632+00	894	Datos de actividades para: Solicitud: Parchado Base de datos, | Parchado DB SAP POD: Parchado | Sistema:115: SAP PO NETWEAVER 7.5 | AMBIENTE: DEV	1	[{"added": {}}]	38	1
1383	2021-04-29 15:35:10.030029+00	895	Datos de actividades para: Solicitud: Parchado Base de datos, | Parchado DB SAP POD: Subida de sistema | Sistema:115: SAP PO NETWEAVER 7.5 | AMBIENTE: DEV	1	[{"added": {}}]	38	1
1384	2021-04-29 15:35:26.328971+00	896	Datos de actividades para: Solicitud: Parchado Base de datos, | Parchado DB SAP POD: Pruebas tcnicas | Sistema:115: SAP PO NETWEAVER 7.5 | AMBIENTE: DEV	1	[{"added": {}}]	38	1
1385	2021-04-29 15:35:41.045361+00	897	Datos de actividades para: Solicitud: Parchado Base de datos, | Parchado DB SAP TRX DEV: Bajada de sistema | Sistema:116: SAP TRX | AMBIENTE: DEV	1	[{"added": {}}]	38	1
1386	2021-04-29 15:35:59.239653+00	898	Datos de actividades para: Solicitud: Parchado Base de datos, | Parchado DB SAP TRX DEV: Parchado | Sistema:116: SAP TRX | AMBIENTE: DEV	1	[{"added": {}}]	38	1
1387	2021-04-29 15:36:10.180995+00	899	Datos de actividades para: Solicitud: Parchado Base de datos, | Parchado DB SAP TRX DEV: Subida de sistema | Sistema:116: SAP TRX | AMBIENTE: DEV	1	[{"added": {}}]	38	1
1388	2021-04-29 15:36:22.490175+00	900	Datos de actividades para: Solicitud: Parchado Base de datos, | Parchado DB SAP TRX DEV: Pruebas tcnicas | Sistema:117: SAP ERP EHP4 | AMBIENTE: QAS	1	[{"added": {}}]	38	1
1389	2021-04-29 15:36:45.100583+00	901	Datos de actividades para: Solicitud: Parchado Base de datos, | Parchado DB SAP ERP EHP4: Bajada de sistema | Sistema:117: SAP ERP EHP4 | AMBIENTE: QAS	1	[{"added": {}}]	38	1
1390	2021-04-29 15:36:58.623151+00	902	Datos de actividades para: Solicitud: Parchado Base de datos, | Parchado DB SAP ERP EHP4: Parchado | Sistema:117: SAP ERP EHP4 | AMBIENTE: QAS	1	[{"added": {}}]	38	1
1391	2021-04-29 15:37:18.141296+00	903	Datos de actividades para: Solicitud: Parchado Base de datos, | Parchado DB SAP ERP EHP4: Subida de sistema | Sistema:117: SAP ERP EHP4 | AMBIENTE: QAS	1	[{"added": {}}]	38	1
1392	2021-04-29 15:37:36.177273+00	904	Datos de actividades para: Solicitud: Parchado Base de datos, | Parchado DB SAP ERP EHP4: Pruebas tcnicas | Sistema:117: SAP ERP EHP4 | AMBIENTE: QAS	1	[{"added": {}}]	38	1
1393	2021-04-29 15:38:05.016916+00	905	Datos de actividades para: Solicitud: Parchado Base de datos, | Parchado DB SAP BWP: Bajada de sistema | Sistema:119: SAP BW NETWEAVER 7.5 | AMBIENTE: PRD	1	[{"added": {}}]	38	1
1394	2021-04-29 15:38:25.700348+00	906	Datos de actividades para: Solicitud: Parchado Base de datos, | Parchado DB SAP BWP: Parchado | Sistema:119: SAP BW NETWEAVER 7.5 | AMBIENTE: PRD	1	[{"added": {}}]	38	1
1395	2021-04-29 15:38:35.674514+00	907	Datos de actividades para: Solicitud: Parchado Base de datos, | Parchado DB SAP BWP: Subida de sistema | Sistema:119: SAP BW NETWEAVER 7.5 | AMBIENTE: PRD	1	[{"added": {}}]	38	1
1396	2021-04-29 15:38:47.535207+00	908	Datos de actividades para: Solicitud: Parchado Base de datos, | Parchado DB SAP BWP: Pruebas tcnicas | Sistema:119: SAP BW NETWEAVER 7.5 | AMBIENTE: PRD	1	[{"added": {}}]	38	1
1397	2021-04-29 15:46:08.671727+00	909	Datos de actividades para: Solicitud: Parchado Base de datos, | Parchado DB NODO 1 BD INP: Bajada de sistema | Sistema:120: NODO 1 BD INP | AMBIENTE: PRD	1	[{"added": {}}]	38	1
1398	2021-04-29 15:46:20.284612+00	910	Datos de actividades para: Solicitud: Parchado Base de datos, | Parchado DB NODO 1 BD INP: Parchado | Sistema:120: NODO 1 BD INP | AMBIENTE: PRD	1	[{"added": {}}]	38	1
1399	2021-04-29 15:46:34.268155+00	911	Datos de actividades para: Solicitud: Parchado Base de datos, | Parchado DB NODO 1 BD INP: Subida de sistema | Sistema:120: NODO 1 BD INP | AMBIENTE: PRD	1	[{"added": {}}]	38	1
1400	2021-04-29 15:46:52.87387+00	912	Datos de actividades para: Solicitud: Parchado Base de datos, | Parchado DB NODO 1 BD INP: Pruebas tcnicas | Sistema:120: NODO 1 BD INP | AMBIENTE: PRD	1	[{"added": {}}]	38	1
1401	2021-04-29 15:47:05.664873+00	913	Datos de actividades para: Solicitud: Parchado Base de datos, | Parchado DB NODO 2 BD INP: Bajada de sistema | Sistema:121: NODO 2 BD INP | AMBIENTE: PRD	1	[{"added": {}}]	38	1
1402	2021-04-29 15:47:25.450173+00	914	Datos de actividades para: Solicitud: Parchado Base de datos, | Parchado DB NODO 2 BD INP: Parchado | Sistema:121: NODO 2 BD INP | AMBIENTE: PRD	1	[{"added": {}}]	38	1
1403	2021-04-29 15:47:39.4928+00	915	Datos de actividades para: Solicitud: Parchado Base de datos, | Parchado DB NODO 2 BD INP: Pruebas tcnicas | Sistema:121: NODO 2 BD INP | AMBIENTE: PRD	1	[{"added": {}}]	38	1
1404	2021-04-29 15:47:54.477284+00	916	Datos de actividades para: Solicitud: Parchado Base de datos, | Parchado DB SAP ERP EHP8 INP APP1: Bajada de sistema | Sistema:122: SAP ERP EHP8 INP APP1 | AMBIENTE: PRD	1	[{"added": {}}]	38	1
1405	2021-04-29 15:48:08.736974+00	917	Datos de actividades para: Solicitud: Parchado Base de datos, | Parchado DB SAP ERP EHP8 INP APP1: Parchado | Sistema:122: SAP ERP EHP8 INP APP1 | AMBIENTE: PRD	1	[{"added": {}}]	38	1
1703	2021-08-03 16:41:59.78457+00	38	PUERTO CORONEL	2	[]	8	1
1706	2021-08-03 20:06:16.421438+00	49	CV-TRADING	2	[{"changed": {"fields": ["Perfil aws"]}}]	8	1
1406	2021-04-29 15:48:29.895475+00	918	Datos de actividades para: Solicitud: Parchado Base de datos, | Parchado DB SAP ERP EHP8 INP APP1: Subida de sistema | Sistema:122: SAP ERP EHP8 INP APP1 | AMBIENTE: PRD	1	[{"added": {}}]	38	1
1407	2021-04-29 15:48:39.340875+00	919	Datos de actividades para: Solicitud: Parchado Base de datos, | Parchado DB SAP ERP EHP8 INP APP1: Pruebas tcnicas | Sistema:123: SAP ERP EHP8 INP APP2 | AMBIENTE: PRD	1	[{"added": {}}]	38	1
1408	2021-04-29 15:48:53.175499+00	920	Datos de actividades para: Solicitud: Parchado Base de datos, | Parchado DB SAP ERP EHP8 INP APP2: Bajada de sistema | Sistema:123: SAP ERP EHP8 INP APP2 | AMBIENTE: PRD	1	[{"added": {}}]	38	1
1409	2021-04-29 15:49:15.239223+00	921	Datos de actividades para: Solicitud: Parchado Base de datos, | Parchado DB SAP ERP EHP8 INP APP2: Parchado | Sistema:123: SAP ERP EHP8 INP APP2 | AMBIENTE: PRD	1	[{"added": {}}]	38	1
1410	2021-04-29 15:49:28.30326+00	922	Datos de actividades para: Solicitud: Parchado Base de datos, | Parchado DB SAP ERP EHP8 INP APP2: Subida de sistema | Sistema:123: SAP ERP EHP8 INP APP2 | AMBIENTE: PRD	1	[{"added": {}}]	38	1
1411	2021-04-29 15:49:41.177472+00	923	Datos de actividades para: Solicitud: Parchado Base de datos, | Parchado DB SAP ERP EHP8 INP APP2: Pruebas tcnicas | Sistema:123: SAP ERP EHP8 INP APP2 | AMBIENTE: PRD	1	[{"added": {}}]	38	1
1412	2021-04-29 15:50:06.526591+00	924	Datos de actividades para: Solicitud: Parchado Base de datos, | Parchado DB SAP ERP EHP8 INP APP3: Bajada de sistema | Sistema:124: SAP ERP EHP8 INP APP3 | AMBIENTE: PRD	1	[{"added": {}}]	38	1
1413	2021-04-29 15:50:20.312739+00	925	Datos de actividades para: Solicitud: Parchado Base de datos, | Parchado DB SAP ERP EHP8 INP APP3: Parchado | Sistema:124: SAP ERP EHP8 INP APP3 | AMBIENTE: PRD	1	[{"added": {}}]	38	1
1414	2021-04-29 15:50:33.363199+00	926	Datos de actividades para: Solicitud: Parchado Base de datos, | Parchado DB SAP ERP EHP8 INP APP3: Subida de sistema | Sistema:124: SAP ERP EHP8 INP APP3 | AMBIENTE: PRD	1	[{"added": {}}]	38	1
1415	2021-04-29 15:50:47.148565+00	927	Datos de actividades para: Solicitud: Parchado Base de datos, | Parchado DB SAP ERP EHP8 INP APP3: Pruebas tcnicas | Sistema:124: SAP ERP EHP8 INP APP3 | AMBIENTE: PRD	1	[{"added": {}}]	38	1
1416	2021-04-29 15:50:59.968674+00	928	Datos de actividades para: Solicitud: Parchado Base de datos, | Parchado DB SAP ERP EHP8 INP Central: Bajada de sistema | Sistema:125: SAP ERP EHP8 INP Central | AMBIENTE: PRD	1	[{"added": {}}]	38	1
1417	2021-04-29 15:51:23.936859+00	929	Datos de actividades para: Solicitud: Parchado Base de datos, | Parchado DB SAP ERP EHP8 INP Central: Parchado | Sistema:125: SAP ERP EHP8 INP Central | AMBIENTE: PRD	1	[{"added": {}}]	38	1
1418	2021-04-29 15:51:35.272866+00	930	Datos de actividades para: Solicitud: Parchado Base de datos, | Parchado DB SAP ERP EHP8 INP Central: Subida de sistema | Sistema:125: SAP ERP EHP8 INP Central | AMBIENTE: PRD	1	[{"added": {}}]	38	1
1419	2021-04-29 15:51:46.388455+00	931	Datos de actividades para: Solicitud: Parchado Base de datos, | Parchado DB SAP ERP EHP8 INP Central: Pruebas tcnicas | Sistema:125: SAP ERP EHP8 INP Central | AMBIENTE: PRD	1	[{"added": {}}]	38	1
1420	2021-04-29 15:52:24.248703+00	932	Datos de actividades para: Solicitud: Parchado Base de datos, | Parchado DB EPP: Bajada de sistema | Sistema:126: SAP Portal NETWEAVER 7.5 | AMBIENTE: PRD	1	[{"added": {}}]	38	1
1421	2021-04-29 15:52:44.86355+00	933	Datos de actividades para: Solicitud: Parchado Base de datos, | Parchado DB EPP: Parchado | Sistema:126: SAP Portal NETWEAVER 7.5 | AMBIENTE: PRD	1	[{"added": {}}]	38	1
1422	2021-04-29 15:52:55.562979+00	934	Datos de actividades para: Solicitud: Parchado Base de datos, | Parchado DB EPP: Subida de sistema | Sistema:127: SAP PO NETWEAVER 7.5 | AMBIENTE: PRD	1	[{"added": {}}]	38	1
1423	2021-04-29 15:53:10.492077+00	935	Datos de actividades para: Solicitud: Parchado Base de datos, | Parchado DB EPP: Pruebas tcnicas | Sistema:126: SAP Portal NETWEAVER 7.5 | AMBIENTE: PRD	1	[{"added": {}}]	38	1
1424	2021-04-29 15:53:21.961433+00	936	Datos de actividades para: Solicitud: Parchado Base de datos, | Parchado DB POP: Bajada de sistema | Sistema:127: SAP PO NETWEAVER 7.5 | AMBIENTE: PRD	1	[{"added": {}}]	38	1
1425	2021-04-29 15:53:34.517598+00	937	Datos de actividades para: Solicitud: Parchado Base de datos, | Parchado DB POP: Parchado | Sistema:127: SAP PO NETWEAVER 7.5 | AMBIENTE: PRD	1	[{"added": {}}]	38	1
1426	2021-04-29 15:53:46.265025+00	938	Datos de actividades para: Solicitud: Parchado Base de datos, | Parchado DB POP: Subida de sistema | Sistema:127: SAP PO NETWEAVER 7.5 | AMBIENTE: PRD	1	[{"added": {}}]	38	1
1427	2021-04-29 15:53:58.28643+00	939	Datos de actividades para: Solicitud: Actualizacion OS, | Parchado DB POP: Pruebas tcnicas | Sistema:127: SAP PO NETWEAVER 7.5 | AMBIENTE: PRD	1	[{"added": {}}]	38	1
1428	2021-04-29 15:54:23.600468+00	940	Datos de actividades para: Solicitud: Parchado Base de datos, | Parchado DB SAP TRX PRD: Bajada de sistema | Sistema:129: SAP TRX | AMBIENTE: PRD	1	[{"added": {}}]	38	1
1429	2021-04-29 15:54:47.34468+00	941	Datos de actividades para: Solicitud: Parchado Base de datos, | Parchado DB SAP TRX PRD: Parchado | Sistema:129: SAP TRX | AMBIENTE: PRD	1	[{"added": {}}]	38	1
1430	2021-04-29 15:55:00.834395+00	942	Datos de actividades para: Solicitud: Parchado Base de datos, | Parchado DB SAP TRX: Subida de sistema | Sistema:129: SAP TRX | AMBIENTE: PRD	1	[{"added": {}}]	38	1
1431	2021-04-29 15:55:16.471026+00	943	Datos de actividades para: Solicitud: Parchado Base de datos, | Parchado DB SAP TRX: Pruebas tcnicas | Sistema:129: SAP TRX | AMBIENTE: PRD	1	[{"added": {}}]	38	1
1432	2021-04-29 15:58:51.041658+00	944	Datos de actividades para: Solicitud: Parchado Base de datos, | Parchado DB SML: Bajada de sistema | Sistema:130: SAP SOLMAN 7.2 | AMBIENTE: PRD	1	[{"added": {}}]	38	1
1433	2021-04-29 15:59:02.356391+00	945	Datos de actividades para: Solicitud: Parchado Base de datos, | Parchado DB SML: Parchado | Sistema:130: SAP SOLMAN 7.2 | AMBIENTE: PRD	1	[{"added": {}}]	38	1
1434	2021-04-29 15:59:12.765387+00	946	Datos de actividades para: Solicitud: Parchado Base de datos, | Parchado DB SML:  Subida de sistema | Sistema:130: SAP SOLMAN 7.2 | AMBIENTE: PRD	1	[{"added": {}}]	38	1
1435	2021-04-29 15:59:23.197597+00	947	Datos de actividades para: Solicitud: Parchado Base de datos, | Parchado DB SML: Pruebas tcnicas | Sistema:131: Servidor Respaldo | AMBIENTE: PRD	1	[{"added": {}}]	38	1
1436	2021-04-29 15:59:35.489829+00	948	Datos de actividades para: Solicitud: Actualizacion OS, | Parchado DB Servidor Respaldo: Bajada de sistema | Sistema:131: Servidor Respaldo | AMBIENTE: PRD	1	[{"added": {}}]	38	1
1437	2021-04-29 15:59:48.560367+00	949	Datos de actividades para: Solicitud: Parchado Base de datos, | Parchado DB Servidor Respaldo: Parchado | Sistema:131: Servidor Respaldo | AMBIENTE: PRD	1	[{"added": {}}]	38	1
1438	2021-04-29 16:00:13.163067+00	950	Datos de actividades para: Solicitud: Parchado Base de datos, | Parchado DB Servidor Respaldo: Subida de sistema | Sistema:131: Servidor Respaldo | AMBIENTE: PRD	1	[{"added": {}}]	38	1
1439	2021-04-29 16:00:25.765228+00	951	Datos de actividades para: Solicitud: Parchado Base de datos, | Parchado DB Servidor Respaldo: Pruebas tcnicas | Sistema:131: Servidor Respaldo | AMBIENTE: PRD	1	[{"added": {}}]	38	1
1440	2021-04-29 17:53:07.528957+00	952	Datos de actividades para: Solicitud: Actualizacion SAP Kernel, | Parchado DB SAP BWD: Bajada de sistema | Sistema:112: SAP BW NETWEAVER 7.5 | AMBIENTE: DEV	1	[{"added": {}}]	38	1
1441	2021-04-29 17:53:26.952399+00	953	Datos de actividades para: Solicitud: Actualizacion SAP Kernel, | Parchado DB SAP BWD: Actualizacin Kernel SAP | Sistema:112: SAP BW NETWEAVER 7.5 | AMBIENTE: DEV	1	[{"added": {}}]	38	1
1442	2021-04-29 17:53:40.333032+00	954	Datos de actividades para: Solicitud: Actualizacion SAP Kernel, | Parchado DB SAP BWD: Subida de sistema | Sistema:112: SAP BW NETWEAVER 7.5 | AMBIENTE: DEV	1	[{"added": {}}]	38	1
1443	2021-04-29 17:53:52.312559+00	955	Datos de actividades para: Solicitud: Actualizacion SAP Kernel, | Parchado DB SAP BWD: Pruebas tcnicas | Sistema:112: SAP BW NETWEAVER 7.5 | AMBIENTE: DEV	1	[{"added": {}}]	38	1
1444	2021-04-29 17:54:28.767857+00	956	Datos de actividades para: Solicitud: Actualizacion SAP Kernel, | Parchado DB SAP EPD: Bajada de sistema | Sistema:113: SAP Portal NETWEAVER 7.5 | AMBIENTE: DEV	1	[{"added": {}}]	38	1
1445	2021-04-29 17:54:45.479685+00	957	Datos de actividades para: Solicitud: Actualizacion SAP Kernel, | Parchado DB SAP EPDActualizacin Kernel SAP | Sistema:113: SAP Portal NETWEAVER 7.5 | AMBIENTE: DEV	1	[{"added": {}}]	38	1
1446	2021-04-29 17:54:57.458561+00	958	Datos de actividades para: Solicitud: Actualizacion SAP Kernel, | Parchado DB SAP EPD: Subida de sistema | Sistema:113: SAP Portal NETWEAVER 7.5 | AMBIENTE: DEV	1	[{"added": {}}]	38	1
1447	2021-04-29 17:55:11.913681+00	959	Datos de actividades para: Solicitud: Actualizacion SAP Kernel, | Parchado DB SAP EPD: Pruebas tcnicas | Sistema:114: SAP Portal NETWEAVER 7.5 | AMBIENTE: QAS	1	[{"added": {}}]	38	1
1448	2021-04-29 17:55:26.353598+00	960	Datos de actividades para: Solicitud: Actualizacion SAP Kernel, | Parchado DB SAP EPQ: Bajada de sistema | Sistema:114: SAP Portal NETWEAVER 7.5 | AMBIENTE: QAS	1	[{"added": {}}]	38	1
1449	2021-04-29 17:55:51.053383+00	961	Datos de actividades para: Solicitud: Actualizacion SAP Kernel, | Parchado DB SAP EPQ: Actualizacin Kernel SAP | Sistema:114: SAP Portal NETWEAVER 7.5 | AMBIENTE: QAS	1	[{"added": {}}]	38	1
1450	2021-04-29 17:56:01.611893+00	962	Datos de actividades para: Solicitud: Actualizacion SAP Kernel, | Parchado DB SAP EPQ: Subida de sistema | Sistema:114: SAP Portal NETWEAVER 7.5 | AMBIENTE: QAS	1	[{"added": {}}]	38	1
1451	2021-04-29 17:56:13.930336+00	963	Datos de actividades para: Solicitud: Actualizacion SAP Kernel, | Parchado DB SAP EPQ: Pruebas tcnicas | Sistema:114: SAP Portal NETWEAVER 7.5 | AMBIENTE: QAS	1	[{"added": {}}]	38	1
1452	2021-04-29 17:56:29.514299+00	964	Datos de actividades para: Solicitud: Actualizacion SAP Kernel, | Parchado DB SAP POD: Bajada de sistema | Sistema:115: SAP PO NETWEAVER 7.5 | AMBIENTE: DEV	1	[{"added": {}}]	38	1
1453	2021-04-29 17:56:44.505235+00	965	Datos de actividades para: Solicitud: Actualizacion SAP Kernel, | Parchado DB SAP POD: Actualizacin Kernel SAP | Sistema:115: SAP PO NETWEAVER 7.5 | AMBIENTE: DEV	1	[{"added": {}}]	38	1
1454	2021-04-29 17:57:00.186456+00	966	Datos de actividades para: Solicitud: Actualizacion SAP Kernel, | Parchado DB SAP POD: Subida de sistema | Sistema:115: SAP PO NETWEAVER 7.5 | AMBIENTE: DEV	1	[{"added": {}}]	38	1
1455	2021-04-29 17:57:37.93849+00	967	Datos de actividades para: Solicitud: Actualizacion SAP Kernel, | Parchado DB SAP POD: Pruebas tcnicas | Sistema:115: SAP PO NETWEAVER 7.5 | AMBIENTE: DEV	1	[{"added": {}}]	38	1
1456	2021-04-29 17:57:50.158834+00	968	Datos de actividades para: Solicitud: Actualizacion SAP Kernel, | Parchado DB SAP TRX DEV: Bajada de sistema | Sistema:116: SAP TRX | AMBIENTE: DEV	1	[{"added": {}}]	38	1
1457	2021-04-29 17:58:04.060745+00	969	Datos de actividades para: Solicitud: Actualizacion SAP Kernel, | Parchado DB SAP TRX DEVActualizacin Kernel SAP | Sistema:116: SAP TRX | AMBIENTE: DEV	1	[{"added": {}}]	38	1
1458	2021-04-29 17:58:16.345495+00	970	Datos de actividades para: Solicitud: Actualizacion SAP Kernel, | Parchado DB SAP TRX DEV: Subida de sistema | Sistema:116: SAP TRX | AMBIENTE: DEV	1	[{"added": {}}]	38	1
1459	2021-04-29 17:58:27.11148+00	971	Datos de actividades para: Solicitud: Actualizacion SAP Kernel, | Parchado DB SAP TRX DEV: Pruebas tcnicas | Sistema:116: SAP TRX | AMBIENTE: DEV	1	[{"added": {}}]	38	1
1460	2021-04-29 17:58:51.939934+00	972	Datos de actividades para: Solicitud: Actualizacion SAP Kernel, | Parchado DB SAP ERP EHP4: Bajada de sistema | Sistema:117: SAP ERP EHP4 | AMBIENTE: QAS	1	[{"added": {}}]	38	1
1461	2021-04-29 17:59:05.466366+00	973	Datos de actividades para: Solicitud: Actualizacion SAP Kernel, | Parchado DB SAP ERP EHP4Actualizacin Kernel SAP | Sistema:117: SAP ERP EHP4 | AMBIENTE: QAS	1	[{"added": {}}]	38	1
1462	2021-04-29 17:59:17.205059+00	974	Datos de actividades para: Solicitud: Actualizacion SAP Kernel, | Parchado DB SAP ERP EHP4: Subida de sistema | Sistema:117: SAP ERP EHP4 | AMBIENTE: QAS	1	[{"added": {}}]	38	1
1463	2021-04-29 17:59:30.762317+00	975	Datos de actividades para: Solicitud: Actualizacion SAP Kernel, | Parchado DB SAP ERP EHP4: Pruebas tcnicas | Sistema:117: SAP ERP EHP4 | AMBIENTE: QAS	1	[{"added": {}}]	38	1
1464	2021-04-29 17:59:48.167057+00	976	Datos de actividades para: Solicitud: Actualizacion SAP Kernel, | Parchado DB SAP BWP: Bajada de sistema | Sistema:119: SAP BW NETWEAVER 7.5 | AMBIENTE: PRD	1	[{"added": {}}]	38	1
1465	2021-04-29 18:00:04.457337+00	977	Datos de actividades para: Solicitud: Actualizacion SAP Kernel, | Parchado DB SAP BWP: Actualizacin Kernel SAP | Sistema:119: SAP BW NETWEAVER 7.5 | AMBIENTE: PRD	1	[{"added": {}}]	38	1
1466	2021-04-29 18:00:18.439518+00	978	Datos de actividades para: Solicitud: Actualizacion SAP Kernel, | Parchado DB SAP BWP: Subida de sistema | Sistema:119: SAP BW NETWEAVER 7.5 | AMBIENTE: PRD	1	[{"added": {}}]	38	1
1467	2021-04-29 18:00:32.840826+00	979	Datos de actividades para: Solicitud: Actualizacion SAP Kernel, | Parchado DB SAP BWP: Pruebas tcnicas | Sistema:119: SAP BW NETWEAVER 7.5 | AMBIENTE: PRD	1	[{"added": {}}]	38	1
1468	2021-04-29 18:00:52.006057+00	980	Datos de actividades para: Solicitud: Actualizacion SAP Kernel, | Parchado DB NODO 1 BD INP: Bajada de sistema | Sistema:120: NODO 1 BD INP | AMBIENTE: PRD	1	[{"added": {}}]	38	1
1469	2021-04-29 18:01:57.872965+00	981	Datos de actividades para: Solicitud: Actualizacion SAP Kernel, | Parchado DB NODO 1 BD INP: Actualizacin Kernel SAP | Sistema:120: NODO 1 BD INP | AMBIENTE: PRD	1	[{"added": {}}]	38	1
1470	2021-04-29 18:02:10.559816+00	982	Datos de actividades para: Solicitud: Actualizacion SAP Kernel, | Parchado DB NODO 1 BD INP: Subida de sistema | Sistema:120: NODO 1 BD INP | AMBIENTE: PRD	1	[{"added": {}}]	38	1
1471	2021-04-29 18:02:30.033342+00	983	Datos de actividades para: Solicitud: Actualizacion SAP Kernel, | Parchado DB NODO 1 BD INP: Pruebas tcnicas | Sistema:120: NODO 1 BD INP | AMBIENTE: PRD	1	[{"added": {}}]	38	1
1472	2021-04-29 18:02:49.931524+00	984	Datos de actividades para: Solicitud: Actualizacion SAP Kernel, | Parchado DB NODO 2 BD INP: Bajada de sistema | Sistema:121: NODO 2 BD INP | AMBIENTE: PRD	1	[{"added": {}}]	38	1
1473	2021-04-29 18:03:06.449796+00	985	Datos de actividades para: Solicitud: Actualizacion SAP Kernel, | Parchado DB NODO 2 BD INPActualizacin Kernel SAP | Sistema:121: NODO 2 BD INP | AMBIENTE: PRD	1	[{"added": {}}]	38	1
1474	2021-04-29 18:03:23.512354+00	986	Datos de actividades para: Solicitud: Actualizacion SAP Kernel, | Parchado DB NODO 2 BD INP: Subida de sistema | Sistema:121: NODO 2 BD INP | AMBIENTE: PRD	1	[{"added": {}}]	38	1
1475	2021-04-29 18:03:35.736493+00	987	Datos de actividades para: Solicitud: Actualizacion SAP Kernel, | Parchado DB NODO 2 BD INP: Pruebas tcnicas | Sistema:121: NODO 2 BD INP | AMBIENTE: PRD	1	[{"added": {}}]	38	1
1476	2021-04-29 18:04:02.444108+00	988	Datos de actividades para: Solicitud: Actualizacion SAP Kernel, | Parchado DB SAP ERP EHP8 INP APP1: Bajada de sistema | Sistema:122: SAP ERP EHP8 INP APP1 | AMBIENTE: PRD	1	[{"added": {}}]	38	1
1477	2021-04-29 18:04:31.757666+00	989	Datos de actividades para: Solicitud: Actualizacion SAP Kernel, | Parchado DB SAP ERP EHP8 INP APP1: Actualizacin Kernel SAP | Sistema:122: SAP ERP EHP8 INP APP1 | AMBIENTE: PRD	1	[{"added": {}}]	38	1
1478	2021-04-29 18:04:47.836134+00	990	Datos de actividades para: Solicitud: Actualizacion SAP Kernel, | Parchado DB SAP ERP EHP8 INP APP1: Subida de sistema | Sistema:122: SAP ERP EHP8 INP APP1 | AMBIENTE: PRD	1	[{"added": {}}]	38	1
1479	2021-04-29 18:05:11.989995+00	991	Datos de actividades para: Solicitud: Actualizacion SAP Kernel, | Parchado DB SAP ERP EHP8 INP APP1: Pruebas tcnicas | Sistema:122: SAP ERP EHP8 INP APP1 | AMBIENTE: PRD	1	[{"added": {}}]	38	1
1480	2021-04-29 18:08:03.646957+00	992	Datos de actividades para: Solicitud: Actualizacion SAP Kernel, | Parchado DB SAP ERP EHP8 INP APP2: Bajada de sistema | Sistema:123: SAP ERP EHP8 INP APP2 | AMBIENTE: PRD	1	[{"added": {}}]	38	1
1481	2021-04-29 18:08:16.530036+00	993	Datos de actividades para: Solicitud: Actualizacion SAP Kernel, | Parchado DB SAP ERP EHP8 INP APP2Actualizacin Kernel SAP | Sistema:123: SAP ERP EHP8 INP APP2 | AMBIENTE: PRD	1	[{"added": {}}]	38	1
1482	2021-04-29 18:08:28.610211+00	994	Datos de actividades para: Solicitud: Actualizacion SAP Kernel, | Parchado DB SAP ERP EHP8 INP APP2: Subida de sistema | Sistema:123: SAP ERP EHP8 INP APP2 | AMBIENTE: PRD	1	[{"added": {}}]	38	1
1483	2021-04-29 18:08:40.273961+00	995	Datos de actividades para: Solicitud: Actualizacion SAP Kernel, | Parchado DB SAP ERP EHP8 INP APP2: Pruebas tcnicas | Sistema:123: SAP ERP EHP8 INP APP2 | AMBIENTE: PRD	1	[{"added": {}}]	38	1
1484	2021-04-29 18:09:09.329603+00	996	Datos de actividades para: Solicitud: Actualizacion SAP Kernel, | Parchado DB SAP ERP EHP8 INP APP3: Bajada de sistema | Sistema:124: SAP ERP EHP8 INP APP3 | AMBIENTE: PRD	1	[{"added": {}}]	38	1
1485	2021-04-29 18:09:20.084104+00	997	Datos de actividades para: Solicitud: Actualizacion SAP Kernel, | Parchado DB SAP ERP EHP8 INP APP3Actualizacin Kernel SAP | Sistema:124: SAP ERP EHP8 INP APP3 | AMBIENTE: PRD	1	[{"added": {}}]	38	1
1486	2021-04-29 18:09:42.807432+00	998	Datos de actividades para: Solicitud: Actualizacion SAP Kernel, | Parchado DB SAP ERP EHP8 INP APP3: Subida de sistema | Sistema:124: SAP ERP EHP8 INP APP3 | AMBIENTE: PRD	1	[{"added": {}}]	38	1
1487	2021-04-29 18:10:01.476969+00	999	Datos de actividades para: Solicitud: Actualizacion SAP Kernel, | Parchado DB SAP ERP EHP8 INP APP3: Pruebas tcnicas | Sistema:124: SAP ERP EHP8 INP APP3 | AMBIENTE: PRD	1	[{"added": {}}]	38	1
1488	2021-04-29 18:10:19.612263+00	1000	Datos de actividades para: Solicitud: Actualizacion SAP Kernel, | Parchado DB SAP ERP EHP8 INP Central: Bajada de sistema | Sistema:125: SAP ERP EHP8 INP Central | AMBIENTE: PRD	1	[{"added": {}}]	38	1
1489	2021-04-29 18:10:37.63728+00	1001	Datos de actividades para: Solicitud: Actualizacion SAP Kernel, | Parchado DB SAP ERP EHP8 INP CentralActualizacin Kernel SAP | Sistema:125: SAP ERP EHP8 INP Central | AMBIENTE: PRD	1	[{"added": {}}]	38	1
1490	2021-04-29 18:11:01.658772+00	1002	Datos de actividades para: Solicitud: Actualizacion SAP Kernel, | Parchado DB SAP ERP EHP8 INP Central: Subida de sistema | Sistema:125: SAP ERP EHP8 INP Central | AMBIENTE: PRD	1	[{"added": {}}]	38	1
1491	2021-04-29 18:11:25.965336+00	1003	Datos de actividades para: Solicitud: Actualizacion SAP Kernel, | Parchado DB SAP ERP EHP8 INP Central: Pruebas tcnicas | Sistema:125: SAP ERP EHP8 INP Central | AMBIENTE: PRD	1	[{"added": {}}]	38	1
1492	2021-04-29 18:11:39.933834+00	1004	Datos de actividades para: Solicitud: Actualizacion SAP Kernel, | Parchado DB EPP: Bajada de sistema | Sistema:126: SAP Portal NETWEAVER 7.5 | AMBIENTE: PRD	1	[{"added": {}}]	38	1
1493	2021-04-29 18:12:26.627254+00	1005	Datos de actividades para: Solicitud: Actualizacion SAP Kernel, | Parchado DB EPP: Actualizacin Kernel SAP | Sistema:126: SAP Portal NETWEAVER 7.5 | AMBIENTE: PRD	1	[{"added": {}}]	38	1
1494	2021-04-29 18:12:37.488307+00	1006	Datos de actividades para: Solicitud: Actualizacion SAP Kernel, | Parchado DB EPP: Subida de sistema | Sistema:126: SAP Portal NETWEAVER 7.5 | AMBIENTE: PRD	1	[{"added": {}}]	38	1
1495	2021-04-29 18:13:32.247553+00	952	Datos de actividades para: Solicitud: Actualizacion SAP Kernel, | Actualizacin SAP BWD: Bajada de sistema | Sistema:112: SAP BW NETWEAVER 7.5 | AMBIENTE: DEV	2	[{"changed": {"fields": ["Est descripcion actividad"]}}]	38	1
1496	2021-04-29 18:13:36.777393+00	953	Datos de actividades para: Solicitud: Actualizacion SAP Kernel, | Actualizacin SAP BWD: Actualizacin Kernel SAP | Sistema:112: SAP BW NETWEAVER 7.5 | AMBIENTE: DEV	2	[{"changed": {"fields": ["Est descripcion actividad"]}}]	38	1
1497	2021-04-29 18:13:40.726163+00	954	Datos de actividades para: Solicitud: Actualizacion SAP Kernel, | Actualizacin SAP BWD: Subida de sistema | Sistema:112: SAP BW NETWEAVER 7.5 | AMBIENTE: DEV	2	[{"changed": {"fields": ["Est descripcion actividad"]}}]	38	1
1498	2021-04-29 18:13:44.691313+00	955	Datos de actividades para: Solicitud: Actualizacion SAP Kernel, | Actualizacin SAP BWD: Pruebas tcnicas | Sistema:112: SAP BW NETWEAVER 7.5 | AMBIENTE: DEV	2	[{"changed": {"fields": ["Est descripcion actividad"]}}]	38	1
1499	2021-04-29 18:13:59.651237+00	956	Datos de actividades para: Solicitud: Actualizacion SAP Kernel, | Actualizacin SAP EPD: Bajada de sistema | Sistema:113: SAP Portal NETWEAVER 7.5 | AMBIENTE: DEV	2	[{"changed": {"fields": ["Est descripcion actividad"]}}]	38	1
1500	2021-04-29 18:14:06.872857+00	957	Datos de actividades para: Solicitud: Actualizacion SAP Kernel, | Actualizacin SAP EPD: Actualizacin Kernel SAP | Sistema:113: SAP Portal NETWEAVER 7.5 | AMBIENTE: DEV	2	[{"changed": {"fields": ["Est descripcion actividad"]}}]	38	1
1501	2021-04-29 18:14:10.903563+00	958	Datos de actividades para: Solicitud: Actualizacion SAP Kernel, | Actualizacin SAP EPD: Subida de sistema | Sistema:113: SAP Portal NETWEAVER 7.5 | AMBIENTE: DEV	2	[{"changed": {"fields": ["Est descripcion actividad"]}}]	38	1
1502	2021-04-29 18:14:14.896888+00	959	Datos de actividades para: Solicitud: Actualizacion SAP Kernel, | Actualizacin SAP EPD: Pruebas tcnicas | Sistema:114: SAP Portal NETWEAVER 7.5 | AMBIENTE: QAS	2	[{"changed": {"fields": ["Est descripcion actividad"]}}]	38	1
1503	2021-04-29 18:14:29.842008+00	960	Datos de actividades para: Solicitud: Actualizacion SAP Kernel, | Actualizacin SAP EPQ: Bajada de sistema | Sistema:114: SAP Portal NETWEAVER 7.5 | AMBIENTE: QAS	2	[{"changed": {"fields": ["Est descripcion actividad"]}}]	38	1
1561	2021-04-29 18:23:58.576346+00	1018	Datos de actividades para: Solicitud: Actualizacion SAP Kernel, | Actualizacin  SML: Pruebas tcnicas | Sistema:130: SAP SOLMAN 7.2 | AMBIENTE: PRD	1	[{"added": {}}]	38	1
1504	2021-04-29 18:14:33.649895+00	961	Datos de actividades para: Solicitud: Actualizacion SAP Kernel, | Actualizacin SAP EPQ: Actualizacin Kernel SAP | Sistema:114: SAP Portal NETWEAVER 7.5 | AMBIENTE: QAS	2	[{"changed": {"fields": ["Est descripcion actividad"]}}]	38	1
1505	2021-04-29 18:14:37.09291+00	962	Datos de actividades para: Solicitud: Actualizacion SAP Kernel, | Actualizacin SAP EPQ: Subida de sistema | Sistema:114: SAP Portal NETWEAVER 7.5 | AMBIENTE: QAS	2	[{"changed": {"fields": ["Est descripcion actividad"]}}]	38	1
1506	2021-04-29 18:14:40.81207+00	963	Datos de actividades para: Solicitud: Actualizacion SAP Kernel, | Actualizacin SAP EPQ: Pruebas tcnicas | Sistema:114: SAP Portal NETWEAVER 7.5 | AMBIENTE: QAS	2	[{"changed": {"fields": ["Est descripcion actividad"]}}]	38	1
1507	2021-04-29 18:14:51.829865+00	964	Datos de actividades para: Solicitud: Actualizacion SAP Kernel, | Actualizacin SAP POD: Bajada de sistema | Sistema:115: SAP PO NETWEAVER 7.5 | AMBIENTE: DEV	2	[{"changed": {"fields": ["Est descripcion actividad"]}}]	38	1
1508	2021-04-29 18:14:55.477659+00	965	Datos de actividades para: Solicitud: Actualizacion SAP Kernel, | Actualizacin SAP POD: Actualizacin Kernel SAP | Sistema:115: SAP PO NETWEAVER 7.5 | AMBIENTE: DEV	2	[{"changed": {"fields": ["Est descripcion actividad"]}}]	38	1
1509	2021-04-29 18:14:59.47087+00	966	Datos de actividades para: Solicitud: Actualizacion SAP Kernel, | Actualizacin SAP POD: Subida de sistema | Sistema:115: SAP PO NETWEAVER 7.5 | AMBIENTE: DEV	2	[{"changed": {"fields": ["Est descripcion actividad"]}}]	38	1
1510	2021-04-29 18:15:03.737374+00	967	Datos de actividades para: Solicitud: Actualizacion SAP Kernel, | Actualizacin SAP POD: Pruebas tcnicas | Sistema:115: SAP PO NETWEAVER 7.5 | AMBIENTE: DEV	2	[{"changed": {"fields": ["Est descripcion actividad"]}}]	38	1
1511	2021-04-29 18:15:16.265927+00	968	Datos de actividades para: Solicitud: Actualizacion SAP Kernel, | Actualizacin SAP TRX DEV: Bajada de sistema | Sistema:116: SAP TRX | AMBIENTE: DEV	2	[{"changed": {"fields": ["Est descripcion actividad"]}}]	38	1
1512	2021-04-29 18:15:24.80685+00	969	Datos de actividades para: Solicitud: Actualizacion SAP Kernel, | Actualizacin SAP TRX DEV: Actualizacin Kernel SAP | Sistema:116: SAP TRX | AMBIENTE: DEV	2	[{"changed": {"fields": ["Est descripcion actividad"]}}]	38	1
1513	2021-04-29 18:15:27.980098+00	970	Datos de actividades para: Solicitud: Actualizacion SAP Kernel, | Actualizacin SAP TRX DEV: Subida de sistema | Sistema:116: SAP TRX | AMBIENTE: DEV	2	[{"changed": {"fields": ["Est descripcion actividad"]}}]	38	1
1514	2021-04-29 18:15:32.229253+00	971	Datos de actividades para: Solicitud: Actualizacion SAP Kernel, | Actualizacin SAP TRX DEV: Pruebas tcnicas | Sistema:116: SAP TRX | AMBIENTE: DEV	2	[{"changed": {"fields": ["Est descripcion actividad"]}}]	38	1
1515	2021-04-29 18:15:42.483148+00	972	Datos de actividades para: Solicitud: Actualizacion SAP Kernel, | Actualizacin SAP ERP EHP4: Bajada de sistema | Sistema:117: SAP ERP EHP4 | AMBIENTE: QAS	2	[{"changed": {"fields": ["Est descripcion actividad"]}}]	38	1
1516	2021-04-29 18:15:47.01313+00	973	Datos de actividades para: Solicitud: Actualizacion SAP Kernel, | Actualizacin SAP ERP EHP4Actualizacin Kernel SAP | Sistema:117: SAP ERP EHP4 | AMBIENTE: QAS	2	[{"changed": {"fields": ["Est descripcion actividad"]}}]	38	1
1517	2021-04-29 18:15:50.306163+00	974	Datos de actividades para: Solicitud: Actualizacion SAP Kernel, | Actualizacin SAP ERP EHP4: Subida de sistema | Sistema:117: SAP ERP EHP4 | AMBIENTE: QAS	2	[{"changed": {"fields": ["Est descripcion actividad"]}}]	38	1
1518	2021-04-29 18:15:54.303186+00	975	Datos de actividades para: Solicitud: Actualizacion SAP Kernel, | Actualizacin SAP ERP EHP4: Pruebas tcnicas | Sistema:117: SAP ERP EHP4 | AMBIENTE: QAS	2	[{"changed": {"fields": ["Est descripcion actividad"]}}]	38	1
1519	2021-04-29 18:16:05.137825+00	976	Datos de actividades para: Solicitud: Actualizacion SAP Kernel, | Actualizacin SAP BWP: Bajada de sistema | Sistema:119: SAP BW NETWEAVER 7.5 | AMBIENTE: PRD	2	[{"changed": {"fields": ["Est descripcion actividad"]}}]	38	1
1520	2021-04-29 18:16:09.37251+00	977	Datos de actividades para: Solicitud: Actualizacion SAP Kernel, | Actualizacin SAP BWP: Actualizacin Kernel SAP | Sistema:119: SAP BW NETWEAVER 7.5 | AMBIENTE: PRD	2	[{"changed": {"fields": ["Est descripcion actividad"]}}]	38	1
1521	2021-04-29 18:16:12.686942+00	978	Datos de actividades para: Solicitud: Actualizacion SAP Kernel, | Actualizacin SAP BWP: Subida de sistema | Sistema:119: SAP BW NETWEAVER 7.5 | AMBIENTE: PRD	2	[{"changed": {"fields": ["Est descripcion actividad"]}}]	38	1
1522	2021-04-29 18:16:17.537333+00	979	Datos de actividades para: Solicitud: Actualizacion SAP Kernel, | Actualizacin SAP BWP: Pruebas tcnicas | Sistema:119: SAP BW NETWEAVER 7.5 | AMBIENTE: PRD	2	[{"changed": {"fields": ["Est descripcion actividad"]}}]	38	1
1523	2021-04-29 18:16:29.663177+00	980	Datos de actividades para: Solicitud: Actualizacion SAP Kernel, | Actualizacin NODO 1 BD INP: Bajada de sistema | Sistema:120: NODO 1 BD INP | AMBIENTE: PRD	2	[{"changed": {"fields": ["Est descripcion actividad"]}}]	38	1
1524	2021-04-29 18:16:33.332934+00	981	Datos de actividades para: Solicitud: Actualizacion SAP Kernel, | Actualizacin NODO 1 BD INP: Actualizacin Kernel SAP | Sistema:120: NODO 1 BD INP | AMBIENTE: PRD	2	[{"changed": {"fields": ["Est descripcion actividad"]}}]	38	1
1525	2021-04-29 18:16:37.21899+00	982	Datos de actividades para: Solicitud: Actualizacion SAP Kernel, | Actualizacin NODO 1 BD INP: Subida de sistema | Sistema:120: NODO 1 BD INP | AMBIENTE: PRD	2	[{"changed": {"fields": ["Est descripcion actividad"]}}]	38	1
1526	2021-04-29 18:16:41.157287+00	983	Datos de actividades para: Solicitud: Actualizacion SAP Kernel, | Actualizacin NODO 1 BD INP: Pruebas tcnicas | Sistema:120: NODO 1 BD INP | AMBIENTE: PRD	2	[{"changed": {"fields": ["Est descripcion actividad"]}}]	38	1
1527	2021-04-29 18:16:51.447126+00	984	Datos de actividades para: Solicitud: Actualizacion SAP Kernel, | Actualizacin NODO 2 BD INP: Bajada de sistema | Sistema:121: NODO 2 BD INP | AMBIENTE: PRD	2	[{"changed": {"fields": ["Est descripcion actividad"]}}]	38	1
1528	2021-04-29 18:16:55.199303+00	985	Datos de actividades para: Solicitud: Actualizacion SAP Kernel, | Actualizacin NODO 2 BD INPActualizacin Kernel SAP | Sistema:121: NODO 2 BD INP | AMBIENTE: PRD	2	[{"changed": {"fields": ["Est descripcion actividad"]}}]	38	1
1529	2021-04-29 18:16:58.771057+00	986	Datos de actividades para: Solicitud: Actualizacion SAP Kernel, | Actualizacin NODO 2 BD INP: Subida de sistema | Sistema:121: NODO 2 BD INP | AMBIENTE: PRD	2	[{"changed": {"fields": ["Est descripcion actividad"]}}]	38	1
1530	2021-04-29 18:17:02.119732+00	987	Datos de actividades para: Solicitud: Actualizacion SAP Kernel, | Actualizacin NODO 2 BD INP: Pruebas tcnicas | Sistema:121: NODO 2 BD INP | AMBIENTE: PRD	2	[{"changed": {"fields": ["Est descripcion actividad"]}}]	38	1
1531	2021-04-29 18:17:13.904227+00	988	Datos de actividades para: Solicitud: Actualizacion SAP Kernel, | Actualizacin SAP ERP EHP8 INP APP1: Bajada de sistema | Sistema:122: SAP ERP EHP8 INP APP1 | AMBIENTE: PRD	2	[{"changed": {"fields": ["Est descripcion actividad"]}}]	38	1
1704	2021-08-03 16:43:32.152995+00	67	CJG_001	1	[{"added": {}}]	8	1
1707	2021-08-03 20:06:32.837222+00	46	VITAFOODS	2	[{"changed": {"fields": ["Perfil aws"]}}]	8	1
1532	2021-04-29 18:17:18.740335+00	989	Datos de actividades para: Solicitud: Actualizacion SAP Kernel, | Actualizacin SAP ERP EHP8 INP APP1: Actualizacin Kernel SAP | Sistema:122: SAP ERP EHP8 INP APP1 | AMBIENTE: PRD	2	[{"changed": {"fields": ["Est descripcion actividad"]}}]	38	1
1533	2021-04-29 18:17:22.544084+00	990	Datos de actividades para: Solicitud: Actualizacion SAP Kernel, | Actualizacin SAP ERP EHP8 INP APP1: Subida de sistema | Sistema:122: SAP ERP EHP8 INP APP1 | AMBIENTE: PRD	2	[{"changed": {"fields": ["Est descripcion actividad"]}}]	38	1
1534	2021-04-29 18:17:26.000997+00	991	Datos de actividades para: Solicitud: Actualizacion SAP Kernel, | Actualizacin SAP ERP EHP8 INP APP1: Pruebas tcnicas | Sistema:122: SAP ERP EHP8 INP APP1 | AMBIENTE: PRD	2	[{"changed": {"fields": ["Est descripcion actividad"]}}]	38	1
1535	2021-04-29 18:17:37.779936+00	992	Datos de actividades para: Solicitud: Actualizacion SAP Kernel, | Actualizacin SAP ERP EHP8 INP APP2: Bajada de sistema | Sistema:123: SAP ERP EHP8 INP APP2 | AMBIENTE: PRD	2	[{"changed": {"fields": ["Est descripcion actividad"]}}]	38	1
1536	2021-04-29 18:17:43.774862+00	993	Datos de actividades para: Solicitud: Actualizacion SAP Kernel, | Actualizacin SAP ERP EHP8 INP APP2: Actualizacin Kernel SAP | Sistema:123: SAP ERP EHP8 INP APP2 | AMBIENTE: PRD	2	[{"changed": {"fields": ["Est descripcion actividad"]}}]	38	1
1537	2021-04-29 18:17:47.859769+00	994	Datos de actividades para: Solicitud: Actualizacion SAP Kernel, | Actualizacin SAP ERP EHP8 INP APP2: Subida de sistema | Sistema:123: SAP ERP EHP8 INP APP2 | AMBIENTE: PRD	2	[{"changed": {"fields": ["Est descripcion actividad"]}}]	38	1
1538	2021-04-29 18:17:52.490539+00	995	Datos de actividades para: Solicitud: Actualizacion SAP Kernel, | Actualizacin SAP ERP EHP8 INP APP2: Pruebas tcnicas | Sistema:123: SAP ERP EHP8 INP APP2 | AMBIENTE: PRD	2	[{"changed": {"fields": ["Est descripcion actividad"]}}]	38	1
1539	2021-04-29 18:18:01.729281+00	996	Datos de actividades para: Solicitud: Actualizacion SAP Kernel, | Actualizacin SAP ERP EHP8 INP APP3: Bajada de sistema | Sistema:124: SAP ERP EHP8 INP APP3 | AMBIENTE: PRD	2	[{"changed": {"fields": ["Est descripcion actividad"]}}]	38	1
1540	2021-04-29 18:18:05.88587+00	997	Datos de actividades para: Solicitud: Actualizacion SAP Kernel, | Actualizacin SAP ERP EHP8 INP APP3Actualizacin Kernel SAP | Sistema:124: SAP ERP EHP8 INP APP3 | AMBIENTE: PRD	2	[{"changed": {"fields": ["Est descripcion actividad"]}}]	38	1
1541	2021-04-29 18:18:09.703498+00	998	Datos de actividades para: Solicitud: Actualizacion SAP Kernel, | Actualizacin SAP ERP EHP8 INP APP3: Subida de sistema | Sistema:124: SAP ERP EHP8 INP APP3 | AMBIENTE: PRD	2	[{"changed": {"fields": ["Est descripcion actividad"]}}]	38	1
1542	2021-04-29 18:18:38.155469+00	999	Datos de actividades para: Solicitud: Actualizacion SAP Kernel, | Actualizacin SAP ERP EHP8 INP APP3: Pruebas tcnicas | Sistema:124: SAP ERP EHP8 INP APP3 | AMBIENTE: PRD	2	[{"changed": {"fields": ["Est descripcion actividad"]}}]	38	1
1543	2021-04-29 18:18:41.846092+00	1000	Datos de actividades para: Solicitud: Actualizacion SAP Kernel, | Actualizacin SAP ERP EHP8 INP Central: Bajada de sistema | Sistema:125: SAP ERP EHP8 INP Central | AMBIENTE: PRD	2	[{"changed": {"fields": ["Est descripcion actividad"]}}]	38	1
1544	2021-04-29 18:18:46.374028+00	1001	Datos de actividades para: Solicitud: Actualizacion SAP Kernel, | Actualizacin SAP ERP EHP8 INP CentralActualizacin Kernel SAP | Sistema:125: SAP ERP EHP8 INP Central | AMBIENTE: PRD	2	[{"changed": {"fields": ["Est descripcion actividad"]}}]	38	1
1545	2021-04-29 18:18:50.390677+00	1002	Datos de actividades para: Solicitud: Actualizacion SAP Kernel, | Actualizacin SAP ERP EHP8 INP Central: Subida de sistema | Sistema:125: SAP ERP EHP8 INP Central | AMBIENTE: PRD	2	[{"changed": {"fields": ["Est descripcion actividad"]}}]	38	1
1546	2021-04-29 18:18:54.650701+00	1003	Datos de actividades para: Solicitud: Actualizacion SAP Kernel, | Actualizacin SAP ERP EHP8 INP Central: Pruebas tcnicas | Sistema:125: SAP ERP EHP8 INP Central | AMBIENTE: PRD	2	[{"changed": {"fields": ["Est descripcion actividad"]}}]	38	1
1547	2021-04-29 18:18:59.302425+00	1004	Datos de actividades para: Solicitud: Actualizacion SAP Kernel, | Actualizacin EPP: Bajada de sistema | Sistema:126: SAP Portal NETWEAVER 7.5 | AMBIENTE: PRD	2	[{"changed": {"fields": ["Est descripcion actividad"]}}]	38	1
1548	2021-04-29 18:19:03.144846+00	1005	Datos de actividades para: Solicitud: Actualizacion SAP Kernel, | Actualizacin EPP: Actualizacin Kernel SAP | Sistema:126: SAP Portal NETWEAVER 7.5 | AMBIENTE: PRD	2	[{"changed": {"fields": ["Est descripcion actividad"]}}]	38	1
1549	2021-04-29 18:19:07.120837+00	1006	Datos de actividades para: Solicitud: Actualizacion SAP Kernel, | Actualizacin EPP: Subida de sistema | Sistema:126: SAP Portal NETWEAVER 7.5 | AMBIENTE: PRD	2	[{"changed": {"fields": ["Est descripcion actividad"]}}]	38	1
1550	2021-04-29 18:20:37.679044+00	1007	Datos de actividades para: Solicitud: Actualizacion SAP Kernel, | Actualizacin  POP: Bajada de sistema | Sistema:127: SAP PO NETWEAVER 7.5 | AMBIENTE: PRD	1	[{"added": {}}]	38	1
1551	2021-04-29 18:20:53.277874+00	1008	Datos de actividades para: Solicitud: Actualizacion SAP Kernel, | Actualizacin  POP: Actualizacin Kernel SAP | Sistema:127: SAP PO NETWEAVER 7.5 | AMBIENTE: PRD	1	[{"added": {}}]	38	1
1552	2021-04-29 18:21:04.275051+00	1009	Datos de actividades para: Solicitud: Actualizacion SAP Kernel, | Actualizacin  POP: Subida de sistema | Sistema:127: SAP PO NETWEAVER 7.5 | AMBIENTE: PRD	1	[{"added": {}}]	38	1
1553	2021-04-29 18:21:15.634192+00	1010	Datos de actividades para: Solicitud: Actualizacion SAP Kernel, | Actualizacin  POP: Pruebas tcnicas | Sistema:127: SAP PO NETWEAVER 7.5 | AMBIENTE: PRD	1	[{"added": {}}]	38	1
1554	2021-04-29 18:22:20.860168+00	1011	Datos de actividades para: Solicitud: Actualizacion SAP Kernel, | Actualizacin  SAP TRX: Bajada de sistema | Sistema:129: SAP TRX | AMBIENTE: PRD	1	[{"added": {}}]	38	1
1555	2021-04-29 18:22:31.239884+00	1012	Datos de actividades para: Solicitud: Actualizacion SAP Kernel, | Actualizacin  SAP TRXActualizacin Kernel SAP | Sistema:129: SAP TRX | AMBIENTE: PRD	1	[{"added": {}}]	38	1
1556	2021-04-29 18:22:43.052269+00	1013	Datos de actividades para: Solicitud: Actualizacion SAP Kernel, | Actualizacin  SAP TRX: Subida de sistema | Sistema:129: SAP TRX | AMBIENTE: PRD	1	[{"added": {}}]	38	1
1557	2021-04-29 18:22:59.81808+00	1014	Datos de actividades para: Solicitud: Actualizacion SAP Kernel, | Actualizacin  SAP TRX: Pruebas tcnicas | Sistema:129: SAP TRX | AMBIENTE: PRD	1	[{"added": {}}]	38	1
1558	2021-04-29 18:23:14.871616+00	1015	Datos de actividades para: Solicitud: Actualizacion SAP Kernel, | Actualizacin  SML: Bajada de sistema | Sistema:130: SAP SOLMAN 7.2 | AMBIENTE: PRD	1	[{"added": {}}]	38	1
1559	2021-04-29 18:23:36.56929+00	1016	Datos de actividades para: Solicitud: Actualizacion SAP Kernel, | Actualizacin  SML: Actualizacin Kernel SAP | Sistema:130: SAP SOLMAN 7.2 | AMBIENTE: PRD	1	[{"added": {}}]	38	1
1560	2021-04-29 18:23:47.259354+00	1017	Datos de actividades para: Solicitud: Actualizacion SAP Kernel, | Actualizacin  SML:  Subida de sistema | Sistema:130: SAP SOLMAN 7.2 | AMBIENTE: PRD	1	[{"added": {}}]	38	1
1724	2021-08-03 21:35:52.160781+00	44	CARSOL	2	[{"changed": {"fields": ["Logo"]}}]	8	1
1562	2021-04-29 18:24:07.461603+00	1019	Datos de actividades para: Solicitud: Actualizacion SAP Kernel, | Actualizacin  Servidor Respaldo: Bajada de sistema | Sistema:131: Servidor Respaldo | AMBIENTE: PRD	1	[{"added": {}}]	38	1
1563	2021-04-29 18:24:16.489084+00	1020	Datos de actividades para: Solicitud: Actualizacion SAP Kernel, | Actualizacin  Servidor RespaldoActualizacin Kernel SAP | Sistema:131: Servidor Respaldo | AMBIENTE: PRD	1	[{"added": {}}]	38	1
1564	2021-04-29 18:24:31.127209+00	1021	Datos de actividades para: Solicitud: Actualizacion SAP Kernel, | Actualizacin  Servidor Respaldo: Subida de sistema | Sistema:131: Servidor Respaldo | AMBIENTE: PRD	1	[{"added": {}}]	38	1
1565	2021-04-29 18:24:42.202603+00	1022	Datos de actividades para: Solicitud: Actualizacion SAP Kernel, | Actualizacin  Servidor Respaldo: Pruebas tcnicas | Sistema:131: Servidor Respaldo | AMBIENTE: PRD	1	[{"added": {}}]	38	1
1566	2021-04-29 18:27:40.024564+00	1023	Datos de actividades para: Solicitud: Actualizacion OS, | Actualizacin  SAP BWD: Bajada de sistema | Sistema:112: SAP BW NETWEAVER 7.5 | AMBIENTE: DEV	1	[{"added": {}}]	38	1
1567	2021-04-29 18:27:53.251956+00	1024	Datos de actividades para: Solicitud: Actualizacion OS, | Actualizacin  SAP BWD: Actualizacin OS | Sistema:112: SAP BW NETWEAVER 7.5 | AMBIENTE: DEV	1	[{"added": {}}]	38	1
1568	2021-04-29 18:28:13.493657+00	1025	Datos de actividades para: Solicitud: Actualizacion OS, | Actualizacin  SAP BWD: Reinicio Servidor | Sistema:112: SAP BW NETWEAVER 7.5 | AMBIENTE: DEV	1	[{"added": {}}]	38	1
1569	2021-04-29 18:28:26.47536+00	1026	Datos de actividades para: Solicitud: Actualizacion OS, | Actualizacin  SAP BWD: Subida de sistema | Sistema:112: SAP BW NETWEAVER 7.5 | AMBIENTE: DEV	1	[{"added": {}}]	38	1
1570	2021-04-29 18:28:43.23643+00	1027	Datos de actividades para: Solicitud: Actualizacion OS, | Actualizacin  SAP EPD: Bajada de sistema | Sistema:113: SAP Portal NETWEAVER 7.5 | AMBIENTE: DEV	1	[{"added": {}}]	38	1
1571	2021-04-29 18:29:17.926105+00	1028	Datos de actividades para: Solicitud: Actualizacion OS, | Actualizacin  SAP EPD: Actualizacin OS | Sistema:113: SAP Portal NETWEAVER 7.5 | AMBIENTE: DEV	1	[{"added": {}}]	38	1
1572	2021-04-29 18:29:31.365703+00	1029	Datos de actividades para: Solicitud: Actualizacion OS, | Actualizacin  SAP EPD: Reinicio Servidor | Sistema:113: SAP Portal NETWEAVER 7.5 | AMBIENTE: DEV	1	[{"added": {}}]	38	1
1573	2021-04-29 18:29:43.571863+00	1030	Datos de actividades para: Solicitud: Actualizacion OS, | Actualizacin  SAP EPD: Subida de sistema | Sistema:113: SAP Portal NETWEAVER 7.5 | AMBIENTE: DEV	1	[{"added": {}}]	38	1
1574	2021-04-29 18:29:53.945824+00	1031	Datos de actividades para: Solicitud: Actualizacion OS, | Actualizacin  SAP EPQ: Bajada de sistema | Sistema:114: SAP Portal NETWEAVER 7.5 | AMBIENTE: QAS	1	[{"added": {}}]	38	1
1575	2021-04-29 18:30:04.368233+00	1032	Datos de actividades para: Solicitud: Actualizacion OS, | Actualizacin  SAP EPQ: Actualizacin OS | Sistema:115: SAP PO NETWEAVER 7.5 | AMBIENTE: DEV	1	[{"added": {}}]	38	1
1576	2021-04-29 18:30:22.944281+00	1033	Datos de actividades para: Solicitud: Actualizacion SAP Kernel, | Actualizacin  SAP EPQ: Reinicio Servidor | Sistema:114: SAP Portal NETWEAVER 7.5 | AMBIENTE: QAS	1	[{"added": {}}]	38	1
1577	2021-04-29 18:30:36.085556+00	1034	Datos de actividades para: Solicitud: Actualizacion OS, | Actualizacin  SAP EPQ: Subida de sistema | Sistema:114: SAP Portal NETWEAVER 7.5 | AMBIENTE: QAS	1	[{"added": {}}]	38	1
1578	2021-04-29 18:30:50.532693+00	1035	Datos de actividades para: Solicitud: Actualizacion OS, | Actualizacin  SAP POD: Bajada de sistema | Sistema:115: SAP PO NETWEAVER 7.5 | AMBIENTE: DEV	1	[{"added": {}}]	38	1
1579	2021-04-29 18:31:11.512684+00	1036	Datos de actividades para: Solicitud: Actualizacion OS, | Actualizacin  SAP POD: Actualizacin OS | Sistema:115: SAP PO NETWEAVER 7.5 | AMBIENTE: DEV	1	[{"added": {}}]	38	1
1580	2021-04-29 18:31:29.20966+00	1037	Datos de actividades para: Solicitud: Actualizacion OS, | Actualizacin  SAP POD: Reinicio Servidor | Sistema:115: SAP PO NETWEAVER 7.5 | AMBIENTE: DEV	1	[{"added": {}}]	38	1
1581	2021-04-29 18:31:40.389294+00	1038	Datos de actividades para: Solicitud: Actualizacion OS, | Actualizacin  SAP POD: Subida de sistema | Sistema:115: SAP PO NETWEAVER 7.5 | AMBIENTE: DEV	1	[{"added": {}}]	38	1
1582	2021-04-29 18:31:43.115896+00	1039	Datos de actividades para: Solicitud: Actualizacion OS, | Actualizacin  SAP POD: Subida de sistema | Sistema:115: SAP PO NETWEAVER 7.5 | AMBIENTE: DEV	1	[{"added": {}}]	38	1
1583	2021-04-29 18:32:04.599946+00	1040	Datos de actividades para: Solicitud: Actualizacion SAP Kernel, | Actualizacin  SAP TRX DEV: Bajada de sistema | Sistema:116: SAP TRX | AMBIENTE: DEV	1	[{"added": {}}]	38	1
1584	2021-04-29 18:32:15.076301+00	1041	Datos de actividades para: Solicitud: Actualizacion OS, | Actualizacin  SAP TRX DEVActualizacin OS | Sistema:116: SAP TRX | AMBIENTE: DEV	1	[{"added": {}}]	38	1
1585	2021-04-29 18:32:30.372937+00	1042	Datos de actividades para: Solicitud: Actualizacion OS, | Actualizacin  SAP TRX DEV: Reinicio Servidor | Sistema:116: SAP TRX | AMBIENTE: DEV	1	[{"added": {}}]	38	1
1586	2021-04-29 18:32:44.729526+00	1043	Datos de actividades para: Solicitud: Actualizacion SAP Kernel, | Actualizacin  SAP TRX DEV: Subida de sistema | Sistema:115: SAP PO NETWEAVER 7.5 | AMBIENTE: DEV	1	[{"added": {}}]	38	1
1587	2021-04-29 18:32:56.779899+00	1044	Datos de actividades para: Solicitud: Actualizacion OS, | Actualizacin  SAP ERP EHP4: Bajada de sistema | Sistema:117: SAP ERP EHP4 | AMBIENTE: QAS	1	[{"added": {}}]	38	1
1588	2021-04-29 18:33:08.532454+00	1045	Datos de actividades para: Solicitud: Actualizacion OS, | Actualizacin  SAP ERP EHP4Actualizacin OS | Sistema:117: SAP ERP EHP4 | AMBIENTE: QAS	1	[{"added": {}}]	38	1
1589	2021-04-29 18:33:20.667547+00	1046	Datos de actividades para: Solicitud: Actualizacion OS, | Actualizacin  SAP ERP EHP4: Reinicio Servidor | Sistema:117: SAP ERP EHP4 | AMBIENTE: QAS	1	[{"added": {}}]	38	1
1590	2021-04-29 18:33:34.471716+00	1047	Datos de actividades para: Solicitud: Actualizacion OS, | Actualizacin  SAP ERP EHP4: Subida de sistema | Sistema:117: SAP ERP EHP4 | AMBIENTE: QAS	1	[{"added": {}}]	38	1
1591	2021-04-29 18:35:18.311575+00	1048	Datos de actividades para: Solicitud: Actualizacion OS, | Actualizacin  SAP BWP: Bajada de sistema | Sistema:119: SAP BW NETWEAVER 7.5 | AMBIENTE: PRD	1	[{"added": {}}]	38	1
1592	2021-04-29 18:35:33.045527+00	1049	Datos de actividades para: Solicitud: Actualizacion OS, | Actualizacin  SAP BWPActualizacin OS | Sistema:119: SAP BW NETWEAVER 7.5 | AMBIENTE: PRD	1	[{"added": {}}]	38	1
1593	2021-04-29 18:35:43.34394+00	1050	Datos de actividades para: Solicitud: Actualizacion OS, | Actualizacin  SAP BWP: Reinicio Servidor | Sistema:119: SAP BW NETWEAVER 7.5 | AMBIENTE: PRD	1	[{"added": {}}]	38	1
1594	2021-04-29 18:35:54.38914+00	1051	Datos de actividades para: Solicitud: Actualizacion OS, | Actualizacin  SAP BWP: Subida de sistema | Sistema:119: SAP BW NETWEAVER 7.5 | AMBIENTE: PRD	1	[{"added": {}}]	38	1
1595	2021-04-29 18:36:07.298741+00	1052	Datos de actividades para: Solicitud: Actualizacion OS, | Actualizacin  NODO 1 BD INP: Bajada de sistema | Sistema:120: NODO 1 BD INP | AMBIENTE: PRD	1	[{"added": {}}]	38	1
1596	2021-04-29 18:36:16.57334+00	1053	Datos de actividades para: Solicitud: Actualizacion OS, | Actualizacin  NODO 1 BD INPActualizacin OS | Sistema:121: NODO 2 BD INP | AMBIENTE: PRD	1	[{"added": {}}]	38	1
1597	2021-04-29 18:36:27.83277+00	1054	Datos de actividades para: Solicitud: Actualizacion OS, | Actualizacin  NODO 1 BD INP: Reinicio Servidor | Sistema:120: NODO 1 BD INP | AMBIENTE: PRD	1	[{"added": {}}]	38	1
1598	2021-04-29 18:36:38.182205+00	1055	Datos de actividades para: Solicitud: Actualizacion OS, | Actualizacin  NODO 1 BD INP: Subida de sistema | Sistema:120: NODO 1 BD INP | AMBIENTE: PRD	1	[{"added": {}}]	38	1
1599	2021-04-29 18:36:50.963503+00	1056	Datos de actividades para: Solicitud: Actualizacion OS, | Actualizacin  NODO 2 BD INP: Bajada de sistema | Sistema:121: NODO 2 BD INP | AMBIENTE: PRD	1	[{"added": {}}]	38	1
1600	2021-04-29 18:37:03.348098+00	1057	Datos de actividades para: Solicitud: Actualizacion OS, | Actualizacin  NODO 2 BD INPActualizacin OS | Sistema:121: NODO 2 BD INP | AMBIENTE: PRD	1	[{"added": {}}]	38	1
1601	2021-04-29 18:37:13.943886+00	1058	Datos de actividades para: Solicitud: Actualizacion OS, | Actualizacin  NODO 2 BD INP: Reinicio Servidor | Sistema:121: NODO 2 BD INP | AMBIENTE: PRD	1	[{"added": {}}]	38	1
1602	2021-04-29 18:37:24.41998+00	1059	Datos de actividades para: Solicitud: Actualizacion OS, | Actualizacin  NODO 2 BD INP: Subida de sistema | Sistema:121: NODO 2 BD INP | AMBIENTE: PRD	1	[{"added": {}}]	38	1
1603	2021-04-29 18:37:37.268398+00	1060	Datos de actividades para: Solicitud: Actualizacion OS, | Actualizacin  SAP ERP EHP8 INP APP1: Bajada de sistema | Sistema:122: SAP ERP EHP8 INP APP1 | AMBIENTE: PRD	1	[{"added": {}}]	38	1
1604	2021-04-29 18:38:00.064934+00	1061	Datos de actividades para: Solicitud: Actualizacion OS, | Actualizacin  SAP ERP EHP8 INP APP1Actualizacin OS | Sistema:122: SAP ERP EHP8 INP APP1 | AMBIENTE: PRD	1	[{"added": {}}]	38	1
1605	2021-04-29 18:38:12.404683+00	1062	Datos de actividades para: Solicitud: Actualizacion OS, | Actualizacin  SAP ERP EHP8 INP APP1: Subida de sistema | Sistema:122: SAP ERP EHP8 INP APP1 | AMBIENTE: PRD	1	[{"added": {}}]	38	1
1606	2021-04-29 18:38:25.056729+00	1063	Datos de actividades para: Solicitud: Actualizacion OS, | Actualizacin  SAP ERP EHP8 INP APP1: Reinicio Servidor | Sistema:122: SAP ERP EHP8 INP APP1 | AMBIENTE: PRD	1	[{"added": {}}]	38	1
1607	2021-04-29 18:38:35.43548+00	1064	Datos de actividades para: Solicitud: Actualizacion OS, | Actualizacin  SAP ERP EHP8 INP APP2: Bajada de sistema | Sistema:123: SAP ERP EHP8 INP APP2 | AMBIENTE: PRD	1	[{"added": {}}]	38	1
1608	2021-04-29 18:38:48.871559+00	1065	Datos de actividades para: Solicitud: Actualizacion OS, | Actualizacin  SAP ERP EHP8 INP APP2Actualizacin OS | Sistema:123: SAP ERP EHP8 INP APP2 | AMBIENTE: PRD	1	[{"added": {}}]	38	1
1609	2021-04-29 18:39:09.425676+00	1066	Datos de actividades para: Solicitud: Actualizacion OS, | Actualizacin  SAP ERP EHP8 INP APP2: Reinicio Servidor | Sistema:123: SAP ERP EHP8 INP APP2 | AMBIENTE: PRD	1	[{"added": {}}]	38	1
1610	2021-04-29 18:39:18.660578+00	1067	Datos de actividades para: Solicitud: Actualizacion OS, | Actualizacin  SAP ERP EHP8 INP APP2: Subida de sistema | Sistema:123: SAP ERP EHP8 INP APP2 | AMBIENTE: PRD	1	[{"added": {}}]	38	1
1611	2021-04-29 18:39:34.758+00	1068	Datos de actividades para: Solicitud: Actualizacion OS, | Actualizacin  SAP ERP EHP8 INP APP3: Bajada de sistema | Sistema:124: SAP ERP EHP8 INP APP3 | AMBIENTE: PRD	1	[{"added": {}}]	38	1
1612	2021-04-29 18:39:45.69461+00	1069	Datos de actividades para: Solicitud: Actualizacion OS, | Actualizacin  SAP ERP EHP8 INP APP3Actualizacin OS | Sistema:124: SAP ERP EHP8 INP APP3 | AMBIENTE: PRD	1	[{"added": {}}]	38	1
1613	2021-04-29 18:39:57.553388+00	1070	Datos de actividades para: Solicitud: Actualizacion OS, | Actualizacin  SAP ERP EHP8 INP APP3: Subida de sistema | Sistema:124: SAP ERP EHP8 INP APP3 | AMBIENTE: PRD	1	[{"added": {}}]	38	1
1614	2021-04-29 18:40:14.356785+00	1071	Datos de actividades para: Solicitud: Actualizacion OS, | Actualizacin  SAP ERP EHP8 INP APP3: Reinicio Servidor | Sistema:124: SAP ERP EHP8 INP APP3 | AMBIENTE: PRD	1	[{"added": {}}]	38	1
1615	2021-04-29 18:40:26.641128+00	1070	Datos de actividades para: Solicitud: Actualizacion OS, | Actualizacin  SAP ERP EHP8 INP APP3: Subida de sistema | Sistema:124: SAP ERP EHP8 INP APP3 | AMBIENTE: PRD	2	[{"changed": {"fields": ["Est duracion actividad", "Est orden"]}}]	38	1
1616	2021-04-29 18:40:40.032993+00	1072	Datos de actividades para: Solicitud: Actualizacion OS, | Actualizacin  SAP ERP EHP8 INP Central: Bajada de sistema | Sistema:125: SAP ERP EHP8 INP Central | AMBIENTE: PRD	1	[{"added": {}}]	38	1
1617	2021-04-29 18:40:53.888667+00	1073	Datos de actividades para: Solicitud: Actualizacion OS, | Actualizacin  SAP ERP EHP8 INP CentralActualizacin OS | Sistema:125: SAP ERP EHP8 INP Central | AMBIENTE: PRD	1	[{"added": {}}]	38	1
1618	2021-04-29 18:41:07.841969+00	1074	Datos de actividades para: Solicitud: Actualizacion OS, | Actualizacin  SAP ERP EHP8 INP Central: Reinicio Servidor | Sistema:125: SAP ERP EHP8 INP Central | AMBIENTE: PRD	1	[{"added": {}}]	38	1
1619	2021-04-29 18:41:27.176448+00	1075	Datos de actividades para: Solicitud: Actualizacion OS, | Actualizacin  SAP ERP EHP8 INP Central: Subida de sistema | Sistema:125: SAP ERP EHP8 INP Central | AMBIENTE: PRD	1	[{"added": {}}]	38	1
1620	2021-04-29 18:41:49.741863+00	1076	Datos de actividades para: Solicitud: Actualizacion OS, | Actualizacin  EPP: Bajada de sistema | Sistema:126: SAP Portal NETWEAVER 7.5 | AMBIENTE: PRD	1	[{"added": {}}]	38	1
1621	2021-04-29 18:42:09.595044+00	1077	Datos de actividades para: Solicitud: Actualizacion OS, | Actualizacin  EPP: Actualizacin OS | Sistema:126: SAP Portal NETWEAVER 7.5 | AMBIENTE: PRD	1	[{"added": {}}]	38	1
1622	2021-04-29 18:42:28.497418+00	1078	Datos de actividades para: Solicitud: Actualizacion OS, | Actualizacin  EPP: Reinicio Servidor | Sistema:126: SAP Portal NETWEAVER 7.5 | AMBIENTE: PRD	1	[{"added": {}}]	38	1
1623	2021-04-29 18:42:39.919865+00	1079	Datos de actividades para: Solicitud: Actualizacion OS, | Actualizacin  EPP: Subida de sistema | Sistema:126: SAP Portal NETWEAVER 7.5 | AMBIENTE: PRD	1	[{"added": {}}]	38	1
1624	2021-04-29 18:42:49.520446+00	1080	Datos de actividades para: Solicitud: Actualizacion OS, | Actualizacin  POP: Bajada de sistema | Sistema:127: SAP PO NETWEAVER 7.5 | AMBIENTE: PRD	1	[{"added": {}}]	38	1
1625	2021-04-29 18:42:59.617649+00	1081	Datos de actividades para: Solicitud: Actualizacion OS, | Actualizacin  POP: Actualizacin OS | Sistema:127: SAP PO NETWEAVER 7.5 | AMBIENTE: PRD	1	[{"added": {}}]	38	1
1626	2021-04-29 18:43:11.610394+00	1082	Datos de actividades para: Solicitud: Actualizacion OS, | Actualizacin  POP: Reinicio Servidor | Sistema:127: SAP PO NETWEAVER 7.5 | AMBIENTE: PRD	1	[{"added": {}}]	38	1
1627	2021-04-29 18:43:24.729245+00	1081	Datos de actividades para: Solicitud: Actualizacion OS, | Actualizacin  POP: Actualizacin OS | Sistema:127: SAP PO NETWEAVER 7.5 | AMBIENTE: PRD	2	[{"changed": {"fields": ["Est orden"]}}]	38	1
1705	2021-08-03 16:49:09.452634+00	67	CJG	2	[{"changed": {"fields": ["Cliente id", "Nombre"]}}]	8	1
1708	2021-08-03 20:06:45.908972+00	45	VIPAC	2	[{"changed": {"fields": ["Perfil aws"]}}]	8	1
1628	2021-04-29 18:43:34.019086+00	1083	Datos de actividades para: Solicitud: Actualizacion OS, | Actualizacin  POP: Subida de sistema | Sistema:127: SAP PO NETWEAVER 7.5 | AMBIENTE: PRD	1	[{"added": {}}]	38	1
1629	2021-04-29 18:43:50.834395+00	1084	Datos de actividades para: Solicitud: Actualizacion OS, | Actualizacin  SAP TRX PRD : Bajada de sistema | Sistema:129: SAP TRX | AMBIENTE: PRD	1	[{"added": {}}]	38	1
1630	2021-04-29 18:44:08.058417+00	1085	Datos de actividades para: Solicitud: Actualizacion OS, | Actualizacin  SAP TRX PRD: Actualizacin OS | Sistema:130: SAP SOLMAN 7.2 | AMBIENTE: PRD	1	[{"added": {}}]	38	1
1631	2021-04-29 18:44:19.365483+00	1086	Datos de actividades para: Solicitud: Actualizacion OS, | Actualizacin  SAP TRX: Reinicio Servidor | Sistema:129: SAP TRX | AMBIENTE: PRD	1	[{"added": {}}]	38	1
1632	2021-04-29 18:44:30.959113+00	1087	Datos de actividades para: Solicitud: Actualizacion OS, | Actualizacin  SAP TRX: Subida de sistema | Sistema:130: SAP SOLMAN 7.2 | AMBIENTE: PRD	1	[{"added": {}}]	38	1
1633	2021-04-29 18:44:40.579091+00	1088	Datos de actividades para: Solicitud: Actualizacion OS, | Actualizacin  SML: Bajada de sistema | Sistema:130: SAP SOLMAN 7.2 | AMBIENTE: PRD	1	[{"added": {}}]	38	1
1634	2021-04-29 18:44:50.564704+00	1089	Datos de actividades para: Solicitud: Actualizacion OS, | Actualizacin  SML: Actualizacin OS | Sistema:131: Servidor Respaldo | AMBIENTE: PRD	1	[{"added": {}}]	38	1
1635	2021-04-29 18:45:04.96437+00	1090	Datos de actividades para: Solicitud: Actualizacion OS, | Actualizacin  SML: Reinicio Servidor | Sistema:130: SAP SOLMAN 7.2 | AMBIENTE: PRD	1	[{"added": {}}]	38	1
1636	2021-04-29 18:45:15.491283+00	1091	Datos de actividades para: Solicitud: Actualizacion OS, | Actualizacin  SML:  Subida de sistema | Sistema:130: SAP SOLMAN 7.2 | AMBIENTE: PRD	1	[{"added": {}}]	38	1
1637	2021-04-29 18:45:28.425181+00	1092	Datos de actividades para: Solicitud: Actualizacion OS, | Actualizacin  Servidor Respaldo: Bajada de sistema | Sistema:131: Servidor Respaldo | AMBIENTE: PRD	1	[{"added": {}}]	38	1
1638	2021-04-29 18:45:43.161022+00	1093	Datos de actividades para: Solicitud: Actualizacion OS, | Actualizacin  Servidor Respaldo: Actualizacin OS | Sistema:131: Servidor Respaldo | AMBIENTE: PRD	1	[{"added": {}}]	38	1
1639	2021-04-29 18:45:54.092195+00	1094	Datos de actividades para: Solicitud: Actualizacion OS, | Actualizacin  Servidor Respaldo: Reinicio Servidor | Sistema:131: Servidor Respaldo | AMBIENTE: PRD	1	[{"added": {}}]	38	1
1640	2021-04-29 18:46:07.055498+00	1095	Datos de actividades para: Solicitud: Actualizacion OS, | Actualizacin  Servidor Respaldo: Subida de sistema | Sistema:131: Servidor Respaldo | AMBIENTE: PRD	1	[{"added": {}}]	38	1
1641	2021-04-29 18:47:14.954608+00	69	Rossi123	2	[{"changed": {"fields": ["Clientes"]}}]	23	1
1642	2021-04-29 18:47:51.619348+00	34	ARTEL	2	[{"changed": {"fields": ["Email"]}}]	8	1
1643	2021-04-29 18:48:01.13321+00	34	ARTEL	2	[{"changed": {"fields": ["Equipo tecnico clientes"]}}]	8	1
1644	2021-04-29 18:54:40.508227+00	21	Datos de actividades para: Solicitud: Actualizacion OS, | PRE-REQUISITOS: Descarga de medios | Sistema:61: Pre-Requisitos | AMBIENTE: DEV	2	[{"changed": {"fields": ["Est sistema"]}}]	38	1
1645	2021-04-29 18:54:49.499367+00	84	Datos de actividades para: Solicitud: Actualizacion SAP Kernel, | Pre-requisitos: Descarga de medios | Sistema:61: Pre-Requisitos | AMBIENTE: DEV	2	[{"changed": {"fields": ["Est sistema"]}}]	38	1
1646	2021-04-29 18:56:17.578919+00	1	Datos para: Solicitud: Actualizacin ST-PI y ST-A/PI	2	[{"changed": {"fields": ["Datos alcances"]}}]	37	1
1647	2021-04-29 19:04:10.618052+00	80	 Francisca Verdugo 	1	[{"added": {}}]	13	1
1648	2021-04-29 19:52:50.419256+00	76	javier.duran	2	[{"changed": {"fields": ["First name", "Staff status", "Clientes"]}}]	23	1
1649	2021-04-29 19:53:22.164748+00	77	alicia	2	[{"changed": {"fields": ["Username", "First name", "Staff status", "Last login", "Clientes"]}}]	23	1
1650	2021-04-29 19:53:41.561076+00	76	javier	2	[{"changed": {"fields": ["Username", "First name"]}}]	23	1
1651	2021-04-29 19:53:55.396204+00	78	nahuel	2	[{"changed": {"fields": ["Username", "First name", "Staff status", "Last login", "Clientes"]}}]	23	1
1652	2021-04-29 19:54:20.344461+00	79	elimarys	2	[{"changed": {"fields": ["Username", "First name", "Staff status", "Clientes"]}}]	23	1
1653	2021-04-29 19:54:52.438525+00	35	jose123445	2	[{"changed": {"fields": ["Username"]}}]	23	1
1654	2021-04-29 19:55:02.318478+00	80	jose	2	[{"changed": {"fields": ["Username", "First name", "Staff status", "Clientes"]}}]	23	1
1655	2021-04-29 19:55:16.062579+00	81	felipe	2	[{"changed": {"fields": ["Username", "First name", "Staff status", "Clientes"]}}]	23	1
1656	2021-04-29 19:55:35.684915+00	82	luis	2	[{"changed": {"fields": ["Username", "First name", "Staff status", "Clientes"]}}]	23	1
1657	2021-04-29 20:43:34.092608+00	42	Solicitud: Ejemplo 1	1	[{"added": {}}]	17	1
1658	2021-04-29 20:44:08.29573+00	76	javier	2	[{"changed": {"fields": ["User permissions"]}}]	23	1
1659	2021-04-29 20:50:43.495679+00	83	michael	2	[{"changed": {"fields": ["Username", "First name", "Staff status", "User permissions", "Clientes"]}}]	23	1
1660	2021-05-03 18:45:53.742638+00	3	dev-rfc.cjgconsultores.com	1	[{"added": {}}]	39	1
1661	2021-05-03 18:45:56.541527+00	1	cognito	2	[{"changed": {"fields": ["Client id", "Secret key", "Sites"]}}]	43	1
1662	2021-05-03 18:54:35.947997+00	1	cognito-dev	2	[{"changed": {"fields": ["Name"]}}]	43	1
1663	2021-05-05 14:09:52.557638+00	34	cliente	2	[{"changed": {"fields": ["Cliente"]}}]	23	1
1664	2021-05-05 14:23:11.585532+00	34	ARTEL	2	[{"changed": {"fields": ["Email"]}}]	8	1
1665	2021-05-05 15:33:36.765679+00	34	ARTEL	2	[{"changed": {"fields": ["Email"]}}]	8	1
1684	2021-05-12 18:23:56.24048+00	100	Desarrollo1	2	[{"changed": {"fields": ["First name", "Staff status", "Clientes"]}}]	23	1
1685	2021-05-14 21:00:51.503925+00	84	Datos de actividades para: Solicitud: Actualizacion SAP Kernel, | Pre-requisitos: Descarga de medios | Sistema:61: Pre-Requisitos | AMBIENTE: DEV	2	[{"changed": {"fields": ["Est requisito"]}}]	38	1
1686	2021-05-17 20:50:46.603982+00	7	Datos tarea para: Solicitud: Actualizacion SAP Kernel	3		35	1
1687	2021-05-25 20:44:39.725412+00	41	AMSCREW	2	[{"changed": {"fields": ["Equipo tecnico clientes"]}}]	8	1
1688	2021-05-25 21:20:01.371357+00	100	Desarrollo1	2	[{"changed": {"fields": ["First name"]}}]	23	1
1689	2021-05-25 21:21:27.567322+00	100	enzo	2	[{"changed": {"fields": ["Username", "First name"]}}]	23	1
1690	2021-05-26 13:49:26.12855+00	67	esta	2	[{"changed": {"fields": ["First name"]}}]	23	1
1691	2021-06-02 21:32:09.536715+00	100	enzo	2	[{"changed": {"fields": ["First name"]}}]	23	1
1692	2021-06-07 20:57:08.465972+00	1	Pais:Chile	1	[{"added": {}}]	67	1
1693	2021-06-07 20:57:13.610859+00	34	ARTEL	2	[{"changed": {"fields": ["Cliente pais"]}}]	8	1
1694	2021-06-07 20:58:30.68466+00	67	esta	2	[{"changed": {"fields": ["First name", "Email address", "Clientes"]}}]	23	1
1695	2021-06-07 20:59:46.307569+00	38	 Michael Rodrigo 	2	[{"changed": {"fields": ["Email tecnico"]}}]	13	1
1696	2021-06-08 13:02:42.865471+00	34	 Estanislao Castellano 	2	[{"changed": {"fields": ["Email tecnico"]}}]	13	1
1709	2021-08-03 20:06:53.691184+00	44	CARSOL	2	[{"changed": {"fields": ["Perfil aws"]}}]	8	1
1710	2021-08-03 20:07:00.690681+00	43	IANSA	2	[{"changed": {"fields": ["Perfil aws"]}}]	8	1
1711	2021-08-03 20:07:07.092029+00	42	BLUMAR	2	[{"changed": {"fields": ["Perfil aws"]}}]	8	1
1712	2021-08-03 20:07:15.872695+00	41	AMSCREW	2	[{"changed": {"fields": ["Perfil aws"]}}]	8	1
1713	2021-08-03 20:07:27.953401+00	39	SANTA CLARA	2	[{"changed": {"fields": ["Perfil aws"]}}]	8	1
1714	2021-08-03 20:07:37.26228+00	37	CHAMPION	2	[{"changed": {"fields": ["Perfil aws"]}}]	8	1
1715	2021-08-03 20:07:43.729785+00	36	EDELPA	2	[{"changed": {"fields": ["Perfil aws"]}}]	8	1
1716	2021-08-03 20:07:50.664395+00	35	ICB	2	[{"changed": {"fields": ["Perfil aws"]}}]	8	1
1717	2021-08-03 20:07:56.361762+00	34	ARTEL	2	[{"changed": {"fields": ["Perfil aws"]}}]	8	1
1718	2021-08-03 20:08:12.845113+00	1	MATHIESSEN	2	[{"changed": {"fields": ["Perfil aws"]}}]	8	1
1720	2021-08-03 21:34:37.902913+00	49	CV-TRADING	2	[{"changed": {"fields": ["Logo"]}}]	8	1
1721	2021-08-03 21:34:54.30896+00	48	INCHCAPE	2	[{"changed": {"fields": ["Logo"]}}]	8	1
1723	2021-08-03 21:35:33.47485+00	46	VITAFOODS	2	[{"changed": {"fields": ["Logo"]}}]	8	1
1725	2021-08-03 21:36:03.491707+00	43	IANSA	2	[{"changed": {"fields": ["Logo"]}}]	8	1
1726	2021-08-03 21:36:13.361067+00	42	BLUMAR	2	[{"changed": {"fields": ["Logo"]}}]	8	1
1727	2021-08-03 21:36:22.104722+00	41	AMSCREW	2	[{"changed": {"fields": ["Logo"]}}]	8	1
1728	2021-08-03 21:36:32.883751+00	40	INDURA	2	[{"changed": {"fields": ["Logo"]}}]	8	1
1729	2021-08-03 21:36:41.274407+00	39	SANTA CLARA	2	[{"changed": {"fields": ["Logo"]}}]	8	1
1730	2021-08-03 21:36:52.586362+00	38	PUERTO CORONEL	2	[{"changed": {"fields": ["Logo"]}}]	8	1
1731	2021-08-03 21:37:09.377152+00	36	EDELPA	2	[{"changed": {"fields": ["Logo"]}}]	8	1
1732	2021-08-03 21:37:22.431669+00	35	ICB	2	[{"changed": {"fields": ["Logo"]}}]	8	1
1733	2021-08-03 21:37:31.163412+00	34	ARTEL	2	[{"changed": {"fields": ["Logo"]}}]	8	1
1734	2021-08-03 21:37:39.507552+00	1	MATHIESSEN	2	[{"changed": {"fields": ["Logo"]}}]	8	1
1735	2021-08-03 22:24:46.687044+00	45	VIPAC	2	[{"changed": {"fields": ["Logo"]}}]	8	1
1736	2021-08-10 13:34:51.922407+00	67	CJG	2	[{"changed": {"fields": ["Logo"]}}]	8	1
1737	2021-08-10 13:35:06.116415+00	49	CV-TRADING	2	[{"changed": {"fields": ["Logo"]}}]	8	1
1738	2021-08-10 13:35:18.452+00	48	INCHCAPE	2	[{"changed": {"fields": ["Logo"]}}]	8	1
1739	2021-08-10 13:35:31.855992+00	47	DERCO	2	[{"changed": {"fields": ["Logo"]}}]	8	1
1740	2021-08-10 13:35:45.425151+00	46	VITAFOODS	2	[{"changed": {"fields": ["Logo"]}}]	8	1
1741	2021-08-10 13:36:06.264144+00	44	CARSOL	2	[{"changed": {"fields": ["Logo"]}}]	8	1
1742	2021-08-10 13:36:17.249564+00	43	IANSA	2	[{"changed": {"fields": ["Logo"]}}]	8	1
1743	2021-08-10 13:36:28.808696+00	42	BLUMAR	2	[{"changed": {"fields": ["Logo"]}}]	8	1
1744	2021-08-10 13:36:39.039852+00	41	AMSCREW	2	[{"changed": {"fields": ["Logo"]}}]	8	1
1745	2021-08-10 13:36:53.788638+00	40	INDURA	2	[{"changed": {"fields": ["Logo"]}}]	8	1
1746	2021-08-10 13:37:24.850912+00	38	PUERTO CORONEL	2	[{"changed": {"fields": ["Logo"]}}]	8	1
1747	2021-08-10 13:37:41.212617+00	36	EDELPA	2	[{"changed": {"fields": ["Logo"]}}]	8	1
1748	2021-08-10 13:37:54.875011+00	35	ICB	2	[{"changed": {"fields": ["Logo"]}}]	8	1
1749	2021-08-10 13:38:05.045301+00	34	ARTEL	2	[{"changed": {"fields": ["Logo"]}}]	8	1
1750	2021-08-10 13:38:14.493186+00	1	MATHIESSEN	2	[{"changed": {"fields": ["Logo"]}}]	8	1
1751	2021-08-11 14:12:03.369017+00	45	VIPAC	2	[{"changed": {"fields": ["Logo"]}}]	8	1
1752	2021-08-11 14:13:39.493083+00	39	SANTA CLARA	2	[{"changed": {"fields": ["Logo"]}}]	8	1
1753	2021-08-11 14:18:48.637813+00	37	CHAMPION	2	[{"changed": {"fields": ["Logo"]}}]	8	1
1754	2021-08-11 15:20:23.815656+00	45	VIPAC	2	[{"changed": {"fields": ["Perfil aws"]}}]	8	1
1755	2021-08-11 15:20:30.638248+00	37	CHAMPION	2	[{"changed": {"fields": ["Perfil aws"]}}]	8	1
1756	2021-08-11 15:20:37.67798+00	39	SANTA CLARA	2	[{"changed": {"fields": ["Perfil aws"]}}]	8	1
1757	2021-08-11 15:28:52.259617+00	37	CHAMPION	2	[{"changed": {"fields": ["Logo"]}}]	8	1
1758	2021-08-11 15:29:30.463916+00	43	IANSA	2	[{"changed": {"fields": ["Logo"]}}]	8	1
1759	2021-08-11 15:29:43.843859+00	42	BLUMAR	2	[{"changed": {"fields": ["Logo"]}}]	8	1
1760	2021-08-11 15:29:57.700456+00	40	INDURA	2	[{"changed": {"fields": ["Logo"]}}]	8	1
1761	2021-08-11 15:30:33.56864+00	48	INCHCAPE	2	[{"changed": {"fields": ["Logo"]}}]	8	1
1762	2021-08-13 18:18:33.601934+00	38	PUERTO CORONEL	2	[]	8	1
1784	2021-10-01 13:00:38.685706+00	74	MEDIFARMA	1	[{"added": {}}]	8	1
1785	2021-10-01 13:01:52.096637+00	75	QSI	1	[{"added": {}}]	8	1
1786	2021-10-01 13:25:19.447158+00	75	QSI	2	[{"changed": {"fields": ["Perfil aws"]}}]	8	1
1787	2021-10-01 13:37:36.125512+00	75	QSI	2	[{"changed": {"fields": ["Perfil aws", "Logo"]}}]	8	1
1763	2021-09-10 12:22:07.885196+00	43	IANSA	2	[{"changed": {"fields": ["Perfil aws"]}}]	8	1
1764	2021-09-14 20:28:59.792262+00	102	michael1	1	[{"added": {}}]	23	1
1765	2021-09-14 20:29:27.620547+00	102	michael1	2	[{"changed": {"fields": ["First name", "Last name", "Email address", "Staff status", "User permissions", "Cliente", "Clientes"]}}]	23	1
1766	2021-09-14 20:31:56.777573+00	103	Felipe.ip	1	[{"added": {}}]	23	1
1767	2021-09-14 20:32:47.151639+00	103	Felipe.ip	2	[{"changed": {"fields": ["First name", "Last name", "Email address", "Staff status", "User permissions", "Cliente", "Clientes"]}}]	23	1
1768	2021-09-14 20:33:01.056133+00	104	Felipe.es	1	[{"added": {}}]	23	1
1769	2021-09-14 20:33:36.233688+00	104	Felipe.es	2	[{"changed": {"fields": ["First name", "Last name", "Email address", "Staff status", "User permissions", "Cliente", "Clientes"]}}]	23	1
1770	2021-09-24 18:34:52.746863+00	68	CJG SANDBOX	1	[{"added": {}}]	8	1
1771	2021-09-24 18:36:07.878209+00	69	CRUZ DEL SUR	1	[{"added": {}}]	8	1
1772	2021-09-24 18:37:04.121756+00	70	linetec	1	[{"added": {}}]	8	1
1773	2021-09-24 18:37:17.465736+00	1	MATHIESSEN TI	2	[{"changed": {"fields": ["Nombre"]}}]	8	1
1774	2021-09-24 18:38:03.755248+00	71	MATHIESSEN SAP	1	[{"added": {}}]	8	1
1775	2021-09-24 18:39:20.561894+00	72	SATELNET	1	[{"added": {}}]	8	1
1776	2021-09-24 18:39:51.83758+00	73	UBO	1	[{"added": {}}]	8	1
1777	2021-09-24 18:42:56.763588+00	71	MATHIESSEN SAP	2	[{"changed": {"fields": ["Perfil aws"]}}]	8	1
1778	2021-09-24 18:43:10.344108+00	73	UBO	2	[{"changed": {"fields": ["Perfil aws"]}}]	8	1
1779	2021-09-24 18:43:21.487626+00	72	SATELNET	2	[{"changed": {"fields": ["Perfil aws"]}}]	8	1
1780	2021-09-24 18:43:37.803413+00	70	LINETEC	2	[{"changed": {"fields": ["Nombre"]}}]	8	1
1781	2021-09-24 20:48:58.352539+00	105	javier.d	1	[{"added": {}}]	23	1
1782	2021-09-24 20:49:26.833553+00	105	javier.d	2	[{"changed": {"fields": ["First name", "Last name", "Email address", "Staff status", "User permissions", "Cliente", "Clientes"]}}]	23	1
1783	2021-09-29 13:13:06.279131+00	2	US East (Ohio)	1	[{"added": {}}]	74	1
1788	2021-10-01 13:37:50.785478+00	74	MEDIFARMA	2	[{"changed": {"fields": ["Logo"]}}]	8	1
1789	2021-10-14 13:51:59.364863+00	106	pablo.s	1	[{"added": {}}]	23	1
1790	2021-10-14 13:52:22.747358+00	106	pablo.s	2	[{"changed": {"fields": ["First name", "Last name", "Email address", "Staff status", "User permissions", "Cliente", "Clientes"]}}]	23	1
1791	2021-10-14 13:55:13.022791+00	106	pablo.s	2	[{"changed": {"fields": ["User permissions"]}}]	23	1
1792	2021-10-14 13:57:48.60211+00	106	pablo.s	2	[{"changed": {"fields": ["User permissions"]}}]	23	1
1793	2021-10-15 20:54:07.95871+00	34	ARTEL	2	[{"changed": {"fields": ["Token api cli"]}}]	8	1
1794	2021-10-15 20:58:31.896378+00	41	AMSCREW	2	[{"changed": {"fields": ["Token api cli"]}}]	8	1
1795	2021-10-15 20:58:40.954544+00	49	CV-TRADING	2	[{"changed": {"fields": ["Token api cli"]}}]	8	1
1796	2021-10-15 21:00:03.225846+00	75	QSI	2	[{"changed": {"fields": ["Token api cli"]}}]	8	1
1797	2021-10-15 21:00:52.709639+00	36	EDELPA	2	[{"changed": {"fields": ["Token api cli"]}}]	8	1
1798	2021-10-15 21:06:15.59562+00	71	MATHIESSEN SAP	2	[{"changed": {"fields": ["Token api cli"]}}]	8	1
1799	2021-10-15 21:10:40.79598+00	1	MATHIESSEN TI	2	[{"changed": {"fields": ["Perfil aws"]}}]	8	1
1800	2021-10-21 19:53:58.108142+00	73	UBO	2	[]	8	1
1801	2021-10-21 20:08:31.301735+00	69	CRUZ DEL SUR	2	[{"changed": {"fields": ["Perfil aws"]}}]	8	1
1802	2021-10-21 20:08:42.416927+00	69	CRUZ DEL SUR	2	[{"changed": {"fields": ["Perfil aws"]}}]	8	1
1803	2021-10-27 12:27:43.609506+00	67	esta	2	[{"changed": {"fields": ["Staff status"]}}]	23	1
1804	2021-10-27 13:27:07.8605+00	67	esta	2	[{"changed": {"fields": ["Staff status"]}}]	23	1
1805	2021-10-27 13:27:12.425767+00	67	esta	2	[]	23	1
1806	2021-11-04 01:14:32.192999+00	1	auditor	1	[{"added": {}}]	4	1
1807	2021-11-04 01:19:57.865047+00	1	auditor	2	[{"changed": {"fields": ["Permissions"]}}]	4	1
1808	2021-11-04 18:30:18.588835+00	67	esta	2	[{"changed": {"fields": ["User permissions"]}}]	23	1
1809	2021-11-04 18:32:10.401221+00	67	esta	2	[{"changed": {"fields": ["User permissions"]}}]	23	1
1810	2021-11-04 18:41:56.448039+00	67	esta	2	[{"changed": {"fields": ["Groups"]}}]	23	1
1811	2021-11-04 18:45:22.106869+00	67	esta	2	[{"changed": {"fields": ["Groups"]}}]	23	1
1812	2021-11-04 19:38:26.975176+00	67	esta	2	[{"changed": {"fields": ["Groups"]}}]	23	1
1813	2021-11-05 17:58:59.640004+00	1	TipoAuditoria object (1)	1	[{"added": {}}]	76	1
1814	2021-11-05 18:16:11.247169+00	67	esta	2	[{"changed": {"fields": ["Tecnico FK"]}}]	23	1
1815	2021-11-05 23:13:01.183157+00	2	TipoAuditoria object (2)	1	[{"added": {}}]	76	1
1816	2021-11-08 18:19:30.784102+00	1	Auditoria object (1)	2	[{"changed": {"fields": ["Tecnico asociado", "Tipo auditoria"]}}]	75	1
1817	2021-11-08 18:19:42.293646+00	2	Auditoria object (2)	2	[{"changed": {"fields": ["Tecnico asociado", "Tipo auditoria"]}}]	75	1
1818	2021-11-08 18:19:52.848246+00	3	Auditoria object (3)	2	[{"changed": {"fields": ["Tecnico asociado", "Tipo auditoria"]}}]	75	1
1819	2021-11-08 18:20:00.687735+00	3	Auditoria object (3)	2	[{"changed": {"fields": ["Tipo auditoria"]}}]	75	1
1820	2021-11-08 20:49:21.312509+00	40	('Eliminacion de Ami', datetime.datetime(2021, 11, 8, 20, 49, 21, 311475, tzinfo=<UTC>))	1	[{"added": {}}]	75	1
1821	2021-11-08 20:52:55.518754+00	43	('Eliminacion de Ami', datetime.datetime(2021, 11, 8, 17, 52, 38, tzinfo=<DstTzInfo 'America/Cordoba' -03-1 day, 21:00:00 STD>))	1	[{"added": {}}]	75	1
1822	2021-11-12 14:06:58.613678+00	68	CJG SANDBOX	2	[{"changed": {"fields": ["Perfil sap"]}}]	8	1
1823	2021-11-12 18:31:54.53188+00	67	CJG	2	[{"changed": {"fields": ["Perfil sap"]}}]	8	1
1824	2021-11-12 19:01:01.783768+00	67	CJG	2	[{"changed": {"fields": ["Perfil sap"]}}]	8	1
1825	2021-11-22 18:29:13.653539+00	68	CJG SANDBOX	2	[{"changed": {"fields": ["Bucket s3 sap"]}}]	8	1
1826	2021-11-22 18:32:49.696966+00	68	CJG SANDBOX	2	[{"changed": {"fields": ["Bucket s3 sap"]}}]	8	1
1827	2021-11-22 18:45:29.099681+00	68	CJG SANDBOX	2	[{"changed": {"fields": ["Bucket s3 sap"]}}]	8	1
1828	2021-11-22 18:46:59.740359+00	68	CJG SANDBOX	2	[{"changed": {"fields": ["Bucket s3 sap"]}}]	8	1
1829	2021-11-22 18:50:40.065397+00	68	CJG SANDBOX	2	[{"changed": {"fields": ["Bucket s3 sap"]}}]	8	1
1830	2021-11-22 20:20:54.611184+00	41	AMSCREW	2	[{"changed": {"fields": ["Perfil sap", "Bucket s3 sap"]}}]	8	1
1831	2021-11-24 18:38:52.330921+00	74	MEDIFARMA	2	[{"changed": {"fields": ["Perfil sap", "Bucket s3 sap"]}}]	8	1
1832	2021-11-26 17:45:11.052222+00	75	QSI	2	[{"changed": {"fields": ["Perfil sap", "Bucket s3 sap"]}}]	8	1
1833	2021-11-29 15:16:47.871349+00	107	Elimarys	1	[{"added": {}}]	23	1
1834	2021-11-29 15:17:10.288964+00	107	Elimarys	2	[{"changed": {"fields": ["First name", "Last name", "Staff status", "Cliente", "Clientes", "Tecnico FK"]}}]	23	1
1835	2021-11-29 15:17:52.151066+00	107	Elimarys	2	[{"changed": {"fields": ["Groups", "Last login"]}}]	23	1
1836	2021-11-30 13:36:37.50642+00	108	camacho	1	[{"added": {}}]	23	1
1837	2021-11-30 15:00:19.487061+00	71	MATHIESSEN SAP	2	[{"changed": {"fields": ["Perfil sap", "Bucket s3 sap"]}}]	8	1
1838	2021-11-30 15:03:18.196164+00	71	MATHIESEN SAP	2	[{"changed": {"fields": ["Nombre"]}}]	8	1
1839	2021-12-08 18:53:29.36429+00	74	MEDIFARMA	2	[{"changed": {"fields": ["Perfil aws"]}}]	8	1
1840	2021-12-10 17:35:10.821908+00	74	MEDIFARMA	2	[{"changed": {"fields": ["Sistema FK"]}}]	8	1
1841	2022-01-05 12:35:48.250932+00	73	 Jose Santana Bohle 	2	[{"changed": {"fields": ["Cliente"]}}]	13	1
1842	2022-01-05 13:18:40.600331+00	166	ID: 166	2	[{"changed": {"fields": ["Confirmacion supervisor"]}}]	19	67
1843	2022-01-05 13:19:05.675102+00	68	CJG SANDBOX	2	[{"changed": {"fields": ["Email"]}}]	8	67
1844	2022-01-05 13:23:10.535465+00	166	ID: 166	2	[{"changed": {"fields": ["Confirmacion supervisor"]}}]	19	67
1845	2022-01-05 13:25:26.285928+00	166	ID: 166	2	[{"changed": {"fields": ["Confirmacion supervisor"]}}]	19	67
1846	2022-01-24 17:44:32.425169+00	1	ConfiguracionCliente object (1)	1	[{"added": {}}]	77	1
1847	2022-01-24 18:17:32.328036+00	1	Configuracion para CJG SANDBOX | Cliente: INCHCAPE	2	[{"changed": {"fields": ["Cliente_configuracion"]}}]	77	1
1848	2022-01-24 18:34:17.636471+00	1	Configuracion para CJG SANDBOX | Cliente: CJG SANDBOX	2	[{"changed": {"fields": ["Cliente_configuracion"]}}]	77	1
1849	2022-01-24 18:44:36.715571+00	2	Configuracion de umbral para MEDIFARMA | Cliente: MEDIFARMA	1	[{"added": {}}]	77	1
1850	2022-01-25 18:24:03.502181+00	3	abc | Cliente: MATHIESEN SAP	3		77	1
1851	2022-01-25 19:08:05.020703+00	4	asd | Cliente: MATHIESSEN TI	3		77	1
1852	2022-01-26 14:40:20.717798+00	109	test	1	[{"added": {}}]	23	1
1853	2022-01-26 14:40:31.921577+00	109	test	2	[{"changed": {"fields": ["First name", "Last name", "Email address"]}}]	23	1
1854	2022-01-27 14:25:09.774789+00	1	Configuracin para CJG SANDBOX | Cliente: CJG SANDBOX	3		77	1
1855	2022-01-28 14:02:05.180609+00	22	Confi para inchacpe | Cliente: INCHCAPE	3		77	1
1856	2022-01-28 14:02:31.108615+00	23	g | Cliente: INCHCAPE	3		77	1
1857	2022-01-31 17:16:55.897004+00	67	CJG	2	[{"changed": {"fields": ["Bucket s3 sap"]}}]	8	1
1858	2022-01-31 17:17:12.615159+00	67	CJG	2	[{"changed": {"fields": ["Perfil sap"]}}]	8	1
1859	2022-02-01 14:51:44.488974+00	25	cjg | Cliente: CJG SANDBOX	3		77	1
1860	2022-02-02 20:07:41.950235+00	4	Enzo region	3		74	67
1861	2022-02-02 20:07:41.959701+00	3	Enzo region	3		74	67
1862	2022-02-07 14:05:50.71879+00	1	celery.backend_cleanup: 0 4 * * * (m/h/dM/MY/d) America/Santiago	2	[{"changed": {"fields": ["Enabled"]}}]	83	1
1863	2022-02-07 15:02:54.345613+00	2	add-every-30-seconds: every 30 seconds	2	[{"changed": {"fields": ["Enabled"]}}]	83	1
1864	2022-02-07 15:31:06.384894+00	5	mul-every-30-seconds: every 30 seconds	2	[{"changed": {"fields": ["Enabled"]}}]	83	1
1865	2022-02-07 15:40:07.127355+00	4	mul-every-30: every 30 seconds	2	[{"changed": {"fields": ["Enabled"]}}]	83	1
1866	2022-02-07 15:40:13.090278+00	3	add-every-30: every 30 seconds	2	[{"changed": {"fields": ["Enabled"]}}]	83	1
1867	2022-02-07 15:48:52.184206+00	6	check_st22_dumps_sin_class: every 30 seconds	2	[{"changed": {"fields": ["Enabled"]}}]	83	1
1868	2022-02-07 18:01:37.689262+00	5	mul-every-30-seconds: every 30 seconds	3		83	1
1869	2022-02-07 18:01:37.709523+00	4	mul-every-30: every 30 seconds	3		83	1
1870	2022-02-07 18:01:37.711447+00	3	add-every-30: every 30 seconds	3		83	1
1871	2022-02-07 18:01:37.71333+00	2	add-every-30-seconds: every 30 seconds	3		83	1
1872	2022-02-07 18:05:49.47434+00	9	st22-every-30: every 30 seconds	3		83	1
1873	2022-02-07 18:05:49.478198+00	6	check_st22_dumps_sin_class: every 30 seconds	3		83	1
1874	2022-02-07 18:12:54.761456+00	8	add-every-30: every 30 seconds	3		83	1
1875	2022-02-07 18:17:53.344422+00	11	add-every-30: every 30 seconds	3		83	1
1876	2022-02-07 18:21:35.419606+00	15	st_22: every 30 seconds	1	[{"added": {}}]	83	1
1877	2022-02-07 18:32:03.729523+00	16	add-every-30-seconds: every 120 seconds	3		83	1
1878	2022-02-07 18:32:10.054721+00	15	st_22: every 30 seconds	3		83	1
1879	2022-02-07 18:45:09.767107+00	17	st22-every-120: every 120 seconds	3		83	1
1880	2022-02-07 18:51:37.187808+00	18	st22-every-120: every 120 seconds	3		83	1
1881	2022-02-07 19:57:11.92755+00	19	st22-check-every-120: every 120 seconds	3		83	1
1882	2022-02-08 20:05:19.552297+00	34	ARTEL	2	[{"changed": {"fields": ["Perfil sap", "Bucket s3 sap"]}}]	8	1
1883	2022-02-09 19:35:39.496745+00	21	st22-desde-clase: every 60 seconds	2	[{"changed": {"fields": ["Interval Schedule"]}}]	83	1
1884	2022-02-09 19:36:05.763487+00	21	st22-desde-clase: every 60 seconds	3		83	1
1885	2022-02-09 19:43:51.220699+00	22	st22-desde-clase: every 60 seconds	2	[{"changed": {"fields": ["Positional Arguments"]}}]	83	1
1886	2022-02-09 19:47:59.149003+00	22	st22-desde-clase: every 60 seconds	2	[{"changed": {"fields": ["Positional Arguments"]}}]	83	1
1887	2022-02-09 19:55:32.63647+00	22	st22-desde-clase: every 60 seconds	3		83	1
1888	2022-02-09 20:59:26.96034+00	23	st22-desde-clase: every 60 seconds	3		83	1
1889	2022-02-10 00:18:19.990037+00	25	st22: every 60 seconds	1	[{"added": {}}]	83	1
1890	2022-02-10 00:45:59.489021+00	25	st22: every 60 seconds	3		83	1
1891	2022-02-10 00:45:59.510596+00	20	st22-check-s-every-120: every 600 seconds	3		83	1
1892	2022-02-10 00:47:12.31188+00	27	st22-check-s-every-120: every 600 seconds	3		83	1
1893	2022-02-10 00:47:12.314362+00	26	test: every 60 seconds	3		83	1
1894	2022-02-10 01:15:11.858634+00	28	st22_task: every 60 seconds	1	[{"added": {}}]	83	1
1895	2022-02-10 12:15:04.560846+00	29	test: every 60 seconds	3		83	1
1896	2022-02-10 12:15:14.643919+00	28	st22_task: every 60 seconds	3		83	1
1897	2022-02-16 18:19:40.836098+00	30	test: every 120 seconds	2	[{"changed": {"fields": ["Enabled", "Interval Schedule"]}}]	83	1
\.


--
-- Data for Name: django_celery_beat_clockedschedule; Type: TABLE DATA; Schema: public; Owner: ubuntu
--

COPY public.django_celery_beat_clockedschedule (id, clocked_time) FROM stdin;
\.


--
-- Data for Name: django_celery_beat_crontabschedule; Type: TABLE DATA; Schema: public; Owner: ubuntu
--

COPY public.django_celery_beat_crontabschedule (id, minute, hour, day_of_week, day_of_month, month_of_year, timezone) FROM stdin;
1	0	4	*	*	*	America/Santiago
\.


--
-- Data for Name: django_celery_beat_intervalschedule; Type: TABLE DATA; Schema: public; Owner: ubuntu
--

COPY public.django_celery_beat_intervalschedule (id, every, period) FROM stdin;
1	30	seconds
2	120	seconds
3	60	seconds
4	600	seconds
\.


--
-- Data for Name: django_celery_beat_periodictask; Type: TABLE DATA; Schema: public; Owner: ubuntu
--

COPY public.django_celery_beat_periodictask (id, name, task, args, kwargs, queue, exchange, routing_key, expires, enabled, last_run_at, total_run_count, date_changed, description, crontab_id, interval_id, solar_id, one_off, start_time, priority, headers, clocked_id, expire_seconds) FROM stdin;
1	celery.backend_cleanup	celery.backend_cleanup	[]	{}	\N	\N	\N	\N	f	\N	0	2022-02-16 19:48:19.126874+00		1	\N	\N	f	\N	\N	{}	\N	43200
30	test	info_general.tasks.cadena_st22_mailer	[]	{}	\N	\N	\N	\N	t	2022-02-16 20:38:19.218932+00	25	2022-02-16 20:39:44.523013+00		\N	4	\N	f	\N	\N	{}	\N	\N
\.


--
-- Data for Name: django_celery_beat_periodictasks; Type: TABLE DATA; Schema: public; Owner: ubuntu
--

COPY public.django_celery_beat_periodictasks (ident, last_update) FROM stdin;
1	2022-02-16 19:48:19.147952+00
\.


--
-- Data for Name: django_celery_beat_solarschedule; Type: TABLE DATA; Schema: public; Owner: ubuntu
--

COPY public.django_celery_beat_solarschedule (id, event, latitude, longitude) FROM stdin;
\.


--
-- Data for Name: django_celery_results_chordcounter; Type: TABLE DATA; Schema: public; Owner: ubuntu
--

COPY public.django_celery_results_chordcounter (id, group_id, sub_tasks, count) FROM stdin;
\.


--
-- Data for Name: django_celery_results_groupresult; Type: TABLE DATA; Schema: public; Owner: ubuntu
--

COPY public.django_celery_results_groupresult (id, group_id, date_created, date_done, content_type, content_encoding, result) FROM stdin;
\.


--
-- Data for Name: django_celery_results_taskresult; Type: TABLE DATA; Schema: public; Owner: ubuntu
--

COPY public.django_celery_results_taskresult (id, task_id, status, content_type, content_encoding, result, date_done, traceback, meta, task_args, task_kwargs, task_name, worker, date_created) FROM stdin;
1	1bc9cc36-6269-4072-ac0d-8e1ed1d340fd	SUCCESS	application/json	utf-8	[{"cliente": "CJG", "dumps": 0, "sistema": "DEVMSSQL"}, {"cliente": "AMSCREW", "dumps": 0, "sistema": "DEV"}, {"cliente": "QSI", "dumps": 0, "sistema": "DEV"}, {"cliente": "MATHIESEN SAP", "dumps": 0, "sistema": "DS4"}, {"cliente": "MEDIFARMA", "dumps": 3, "sistema": "DEV"}, {"cliente": "CJG SANDBOX", "dumps": 3, "sistema": "DEVMSQL"}]	2022-02-07 17:53:44.295668+00	\N	{"children": []}	"()"	"{}"	info_general.cron.check_st22_dumps_sin_class	celery@ip-3-3-4-86	2022-02-07 17:53:44.295639+00
2	7c0e065b-6e2d-4892-a8b5-988733b8e7d3	SUCCESS	application/json	utf-8	[{"cliente": "CJG", "dumps": 0, "sistema": "DEVMSSQL"}, {"cliente": "AMSCREW", "dumps": 0, "sistema": "DEV"}, {"cliente": "QSI", "dumps": 0, "sistema": "DEV"}, {"cliente": "MATHIESEN SAP", "dumps": 0, "sistema": "DS4"}, {"cliente": "MEDIFARMA", "dumps": 3, "sistema": "DEV"}, {"cliente": "CJG SANDBOX", "dumps": 3, "sistema": "DEVMSQL"}]	2022-02-07 17:56:30.551313+00	\N	{"children": []}	"()"	"{}"	info_general.cron.check_st22_dumps_sin_class	celery@ip-3-3-4-86	2022-02-07 17:56:30.551289+00
3	bfa73683-12fb-4a3c-a47c-e625064fd651	SUCCESS	application/json	utf-8	[{"cliente": "CJG", "dumps": 0, "sistema": "DEVMSSQL"}, {"cliente": "AMSCREW", "dumps": 0, "sistema": "DEV"}, {"cliente": "QSI", "dumps": 0, "sistema": "DEV"}, {"cliente": "MATHIESEN SAP", "dumps": 0, "sistema": "DS4"}, {"cliente": "MEDIFARMA", "dumps": 7, "sistema": "DEV"}, {"cliente": "CJG SANDBOX", "dumps": 7, "sistema": "DEVMSQL"}]	2022-02-07 17:57:52.256872+00	\N	{"children": []}	"()"	"{}"	info_general.cron.check_st22_dumps_sin_class	celery@ip-3-3-4-86	2022-02-07 17:57:52.256848+00
4	afbfc771-9f5d-4e3f-a623-934d705c8889	SUCCESS	application/json	utf-8	[{"cliente": "CJG", "dumps": 0, "sistema": "DEVMSSQL"}, {"cliente": "AMSCREW", "dumps": 0, "sistema": "DEV"}, {"cliente": "QSI", "dumps": 0, "sistema": "DEV"}, {"cliente": "MATHIESEN SAP", "dumps": 0, "sistema": "DS4"}, {"cliente": "MEDIFARMA", "dumps": 7, "sistema": "DEV"}, {"cliente": "CJG SANDBOX", "dumps": 7, "sistema": "DEVMSQL"}]	2022-02-07 18:04:03.502525+00	\N	{"children": []}	"()"	"{}"	info_general.cron.check_st22_dumps_sin_class	celery@ip-3-3-4-86	2022-02-07 18:04:03.502496+00
5	89456de1-2214-4d8a-977d-1d4de4f2fbe6	SUCCESS	application/json	utf-8	[{"cliente": "CJG", "dumps": 0, "sistema": "DEVMSSQL"}, {"cliente": "AMSCREW", "dumps": 0, "sistema": "DEV"}, {"cliente": "QSI", "dumps": 0, "sistema": "DEV"}, {"cliente": "MATHIESEN SAP", "dumps": 0, "sistema": "DS4"}, {"cliente": "MEDIFARMA", "dumps": 7, "sistema": "DEV"}, {"cliente": "CJG SANDBOX", "dumps": 7, "sistema": "DEVMSQL"}]	2022-02-07 18:04:23.821414+00	\N	{"children": []}	"()"	"{}"	info_general.cron.check_st22_dumps_sin_class	celery@ip-3-3-4-86	2022-02-07 18:04:23.82058+00
6	4643fe04-7719-4873-ba90-3321554baba0	SUCCESS	application/json	utf-8	[{"cliente": "CJG", "dumps": 0, "sistema": "DEVMSSQL"}, {"cliente": "AMSCREW", "dumps": 0, "sistema": "DEV"}, {"cliente": "QSI", "dumps": 0, "sistema": "DEV"}, {"cliente": "MATHIESEN SAP", "dumps": 0, "sistema": "DS4"}, {"cliente": "MEDIFARMA", "dumps": 7, "sistema": "DEV"}, {"cliente": "CJG SANDBOX", "dumps": 7, "sistema": "DEVMSQL"}]	2022-02-07 18:05:31.389707+00	\N	{"children": []}	"()"	"{}"	info_general.cron.check_st22_dumps_sin_class	celery@ip-3-3-4-86	2022-02-07 18:05:31.389676+00
7	9cd540d4-861f-46c4-8b28-f3798c3e30dd	SUCCESS	application/json	utf-8	[{"cliente": "CJG", "dumps": 0, "sistema": "DEVMSSQL"}, {"cliente": "AMSCREW", "dumps": 0, "sistema": "DEV"}, {"cliente": "QSI", "dumps": 0, "sistema": "DEV"}, {"cliente": "MATHIESEN SAP", "dumps": 0, "sistema": "DS4"}, {"cliente": "MEDIFARMA", "dumps": 7, "sistema": "DEV"}, {"cliente": "CJG SANDBOX", "dumps": 7, "sistema": "DEVMSQL"}]	2022-02-07 18:05:33.804779+00	\N	{"children": []}	"()"	"{}"	info_general.cron.check_st22_dumps_sin_class	celery@ip-3-3-4-86	2022-02-07 18:05:33.804755+00
8	a8a72c3b-cd5d-4c11-9bc4-73cf70813e2f	SUCCESS	application/json	utf-8	[{"cliente": "CJG", "dumps": 0, "sistema": "DEVMSSQL"}, {"cliente": "AMSCREW", "dumps": 0, "sistema": "DEV"}, {"cliente": "QSI", "dumps": 0, "sistema": "DEV"}, {"cliente": "MATHIESEN SAP", "dumps": 0, "sistema": "DS4"}, {"cliente": "MEDIFARMA", "dumps": 7, "sistema": "DEV"}, {"cliente": "CJG SANDBOX", "dumps": 7, "sistema": "DEVMSQL"}]	2022-02-07 18:07:28.493613+00	\N	{"children": []}	"()"	"{}"	info_general.cron.check_st22_dumps_sin_class	celery@ip-3-3-4-86	2022-02-07 18:07:28.493582+00
9	7ada5a9d-7334-4bce-8570-b40e8edf911c	SUCCESS	application/json	utf-8	[{"cliente": "CJG", "dumps": 0, "sistema": "DEVMSSQL"}, {"cliente": "AMSCREW", "dumps": 0, "sistema": "DEV"}, {"cliente": "QSI", "dumps": 0, "sistema": "DEV"}, {"cliente": "MATHIESEN SAP", "dumps": 0, "sistema": "DS4"}, {"cliente": "MEDIFARMA", "dumps": 7, "sistema": "DEV"}, {"cliente": "CJG SANDBOX", "dumps": 7, "sistema": "DEVMSQL"}]	2022-02-07 18:09:05.607636+00	\N	{"children": []}	"()"	"{}"	info_general.cron.check_st22_dumps_sin_class	celery@ip-3-3-4-86	2022-02-07 18:09:05.60761+00
10	303b3a90-07fc-4e5d-84c6-633ec9c099fc	SUCCESS	application/json	utf-8	[{"cliente": "CJG", "dumps": 0, "sistema": "DEVMSSQL"}, {"cliente": "AMSCREW", "dumps": 0, "sistema": "DEV"}, {"cliente": "QSI", "dumps": 0, "sistema": "DEV"}, {"cliente": "MATHIESEN SAP", "dumps": 0, "sistema": "DS4"}, {"cliente": "MEDIFARMA", "dumps": 11, "sistema": "DEV"}, {"cliente": "CJG SANDBOX", "dumps": 11, "sistema": "DEVMSQL"}]	2022-02-07 18:28:45.762266+00	\N	{"children": []}	"()"	"{}"	info_general.cron.check_st22_dumps_sin_class	celery@ip-3-3-4-86	2022-02-07 18:28:45.761428+00
11	62fe352a-dd00-472a-bd16-61628426c3b3	SUCCESS	application/json	utf-8	[{"cliente": "CJG", "dumps": 0, "sistema": "DEVMSSQL"}, {"cliente": "AMSCREW", "dumps": 0, "sistema": "DEV"}, {"cliente": "QSI", "dumps": 0, "sistema": "DEV"}, {"cliente": "MATHIESEN SAP", "dumps": 0, "sistema": "DS4"}, {"cliente": "MEDIFARMA", "dumps": 11, "sistema": "DEV"}, {"cliente": "CJG SANDBOX", "dumps": 11, "sistema": "DEVMSQL"}]	2022-02-07 18:28:48.028321+00	\N	{"children": []}	"()"	"{}"	info_general.cron.check_st22_dumps_sin_class	celery@ip-3-3-4-86	2022-02-07 18:28:48.028296+00
12	87e0c5ac-6cc1-4952-bddf-7d29b06889d4	SUCCESS	application/json	utf-8	[{"cliente": "CJG", "dumps": 0, "sistema": "DEVMSSQL"}, {"cliente": "AMSCREW", "dumps": 0, "sistema": "DEV"}, {"cliente": "QSI", "dumps": 0, "sistema": "DEV"}, {"cliente": "MATHIESEN SAP", "dumps": 0, "sistema": "DS4"}, {"cliente": "MEDIFARMA", "dumps": 11, "sistema": "DEV"}, {"cliente": "CJG SANDBOX", "dumps": 11, "sistema": "DEVMSQL"}]	2022-02-07 18:28:49.761247+00	\N	{"children": []}	"()"	"{}"	info_general.cron.check_st22_dumps_sin_class	celery@ip-3-3-4-86	2022-02-07 18:28:49.761224+00
13	872de07f-d0a3-4661-925a-2577a1d4b2a3	SUCCESS	application/json	utf-8	3	2022-02-07 18:28:49.778971+00	\N	{"children": []}	"[1, 2]"	"{}"	info_general.tasks.add	celery@ip-3-3-4-86	2022-02-07 18:28:49.778952+00
14	57027b91-9c48-4f3f-a0f0-5b73518c978a	SUCCESS	application/json	utf-8	[{"cliente": "CJG", "dumps": 0, "sistema": "DEVMSSQL"}, {"cliente": "AMSCREW", "dumps": 0, "sistema": "DEV"}, {"cliente": "QSI", "dumps": 0, "sistema": "DEV"}, {"cliente": "MATHIESEN SAP", "dumps": 0, "sistema": "DS4"}, {"cliente": "MEDIFARMA", "dumps": 11, "sistema": "DEV"}, {"cliente": "CJG SANDBOX", "dumps": 11, "sistema": "DEVMSQL"}]	2022-02-07 18:28:51.841915+00	\N	{"children": []}	"()"	"{}"	info_general.cron.check_st22_dumps_sin_class	celery@ip-3-3-4-86	2022-02-07 18:28:51.841891+00
15	35cdb386-980c-43fc-9403-f0d7c641b16f	SUCCESS	application/json	utf-8	[{"cliente": "CJG", "dumps": 0, "sistema": "DEVMSSQL"}, {"cliente": "AMSCREW", "dumps": 0, "sistema": "DEV"}, {"cliente": "QSI", "dumps": 0, "sistema": "DEV"}, {"cliente": "MATHIESEN SAP", "dumps": 0, "sistema": "DS4"}, {"cliente": "MEDIFARMA", "dumps": 11, "sistema": "DEV"}, {"cliente": "CJG SANDBOX", "dumps": 11, "sistema": "DEVMSQL"}]	2022-02-07 18:28:53.828823+00	\N	{"children": []}	"()"	"{}"	info_general.cron.check_st22_dumps_sin_class	celery@ip-3-3-4-86	2022-02-07 18:28:53.8288+00
16	a7e24b5d-2f71-4584-9703-0e2771278b10	SUCCESS	application/json	utf-8	3	2022-02-07 18:28:53.846771+00	\N	{"children": []}	"[1, 2]"	"{}"	info_general.tasks.add	celery@ip-3-3-4-86	2022-02-07 18:28:53.846754+00
17	096e1df5-8be2-4e84-bff2-aed310dcc211	SUCCESS	application/json	utf-8	[{"cliente": "CJG", "dumps": 0, "sistema": "DEVMSSQL"}, {"cliente": "AMSCREW", "dumps": 0, "sistema": "DEV"}, {"cliente": "QSI", "dumps": 0, "sistema": "DEV"}, {"cliente": "MATHIESEN SAP", "dumps": 0, "sistema": "DS4"}, {"cliente": "MEDIFARMA", "dumps": 11, "sistema": "DEV"}, {"cliente": "CJG SANDBOX", "dumps": 11, "sistema": "DEVMSQL"}]	2022-02-07 18:28:55.653189+00	\N	{"children": []}	"()"	"{}"	info_general.cron.check_st22_dumps_sin_class	celery@ip-3-3-4-86	2022-02-07 18:28:55.653163+00
18	9c083567-b17f-4a25-a012-317d57cb3f0c	SUCCESS	application/json	utf-8	[{"cliente": "CJG", "dumps": 0, "sistema": "DEVMSSQL"}, {"cliente": "AMSCREW", "dumps": 0, "sistema": "DEV"}, {"cliente": "QSI", "dumps": 0, "sistema": "DEV"}, {"cliente": "MATHIESEN SAP", "dumps": 0, "sistema": "DS4"}, {"cliente": "MEDIFARMA", "dumps": 11, "sistema": "DEV"}, {"cliente": "CJG SANDBOX", "dumps": 11, "sistema": "DEVMSQL"}]	2022-02-07 18:28:58.043454+00	\N	{"children": []}	"()"	"{}"	info_general.cron.check_st22_dumps_sin_class	celery@ip-3-3-4-86	2022-02-07 18:28:58.043431+00
19	2bf8d4dc-cf30-4ad9-a009-3344aa07bd68	SUCCESS	application/json	utf-8	3	2022-02-07 18:28:58.061544+00	\N	{"children": []}	"[1, 2]"	"{}"	info_general.tasks.add	celery@ip-3-3-4-86	2022-02-07 18:28:58.06152+00
20	0510aedc-08f0-4c3d-acbe-a54dfa6c275a	SUCCESS	application/json	utf-8	3	2022-02-07 18:28:58.082351+00	\N	{"children": []}	"[1, 2]"	"{}"	info_general.tasks.add	celery@ip-3-3-4-86	2022-02-07 18:28:58.082331+00
21	5389bacd-b34d-4ff8-a678-ca63fc58d6e0	SUCCESS	application/json	utf-8	3	2022-02-07 18:28:58.108279+00	\N	{"children": []}	"[1, 2]"	"{}"	info_general.tasks.add	celery@ip-3-3-4-86	2022-02-07 18:28:58.108246+00
22	7d4727d6-468c-4a39-9d8c-fec410af0527	SUCCESS	application/json	utf-8	[{"cliente": "CJG", "dumps": 0, "sistema": "DEVMSSQL"}, {"cliente": "AMSCREW", "dumps": 0, "sistema": "DEV"}, {"cliente": "QSI", "dumps": 0, "sistema": "DEV"}, {"cliente": "MATHIESEN SAP", "dumps": 0, "sistema": "DS4"}, {"cliente": "MEDIFARMA", "dumps": 11, "sistema": "DEV"}, {"cliente": "CJG SANDBOX", "dumps": 11, "sistema": "DEVMSQL"}]	2022-02-07 18:29:00.145552+00	\N	{"children": []}	"()"	"{}"	info_general.cron.check_st22_dumps_sin_class	celery@ip-3-3-4-86	2022-02-07 18:29:00.145528+00
23	76b51170-3683-4a5e-b287-c038a2ac2a61	SUCCESS	application/json	utf-8	[{"cliente": "CJG", "dumps": 0, "sistema": "DEVMSSQL"}, {"cliente": "AMSCREW", "dumps": 0, "sistema": "DEV"}, {"cliente": "QSI", "dumps": 0, "sistema": "DEV"}, {"cliente": "MATHIESEN SAP", "dumps": 0, "sistema": "DS4"}, {"cliente": "MEDIFARMA", "dumps": 11, "sistema": "DEV"}, {"cliente": "CJG SANDBOX", "dumps": 11, "sistema": "DEVMSQL"}]	2022-02-07 18:29:02.841187+00	\N	{"children": []}	"()"	"{}"	info_general.cron.check_st22_dumps_sin_class	celery@ip-3-3-4-86	2022-02-07 18:29:02.841163+00
24	eb008b2d-2fbd-42c5-9adf-72ac0918b3e8	SUCCESS	application/json	utf-8	3	2022-02-07 18:29:02.861215+00	\N	{"children": []}	"[1, 2]"	"{}"	info_general.tasks.add	celery@ip-3-3-4-86	2022-02-07 18:29:02.861193+00
25	f3eea754-5923-4873-af4e-2ffe616f3e0a	SUCCESS	application/json	utf-8	[{"cliente": "CJG", "dumps": 0, "sistema": "DEVMSSQL"}, {"cliente": "AMSCREW", "dumps": 0, "sistema": "DEV"}, {"cliente": "QSI", "dumps": 0, "sistema": "DEV"}, {"cliente": "MATHIESEN SAP", "dumps": 0, "sistema": "DS4"}, {"cliente": "MEDIFARMA", "dumps": 11, "sistema": "DEV"}, {"cliente": "CJG SANDBOX", "dumps": 11, "sistema": "DEVMSQL"}]	2022-02-07 18:29:04.915144+00	\N	{"children": []}	"()"	"{}"	info_general.cron.check_st22_dumps_sin_class	celery@ip-3-3-4-86	2022-02-07 18:29:04.915121+00
26	13bde17f-e8cc-4ac6-ac25-bb6a4a78f4b9	SUCCESS	application/json	utf-8	[{"cliente": "CJG", "dumps": 0, "sistema": "DEVMSSQL"}, {"cliente": "AMSCREW", "dumps": 0, "sistema": "DEV"}, {"cliente": "QSI", "dumps": 0, "sistema": "DEV"}, {"cliente": "MATHIESEN SAP", "dumps": 0, "sistema": "DS4"}, {"cliente": "MEDIFARMA", "dumps": 11, "sistema": "DEV"}, {"cliente": "CJG SANDBOX", "dumps": 11, "sistema": "DEVMSQL"}]	2022-02-07 18:31:03.717433+00	\N	{"children": []}	"()"	"{}"	info_general.cron.check_st22_dumps_sin_class	celery@ip-3-3-4-86	2022-02-07 18:31:03.716595+00
27	8f31eec4-448b-4598-be36-2ae9d24567ed	SUCCESS	application/json	utf-8	[{"cliente": "CJG", "dumps": 0, "sistema": "DEVMSSQL"}, {"cliente": "AMSCREW", "dumps": 0, "sistema": "DEV"}, {"cliente": "QSI", "dumps": 0, "sistema": "DEV"}, {"cliente": "MATHIESEN SAP", "dumps": 0, "sistema": "DS4"}, {"cliente": "MEDIFARMA", "dumps": 11, "sistema": "DEV"}, {"cliente": "CJG SANDBOX", "dumps": 11, "sistema": "DEVMSQL"}]	2022-02-07 18:34:31.293821+00	\N	{"children": []}	"()"	"{}"	info_general.cron.check_st22_dumps_sin_class	celery@ip-3-3-4-86	2022-02-07 18:34:31.293796+00
28	e3ed3d3c-4373-4236-9f3d-4927d478d028	SUCCESS	application/json	utf-8	[{"cliente": "CJG", "dumps": 0, "sistema": "DEVMSSQL"}, {"cliente": "AMSCREW", "dumps": 0, "sistema": "DEV"}, {"cliente": "QSI", "dumps": 0, "sistema": "DEV"}, {"cliente": "MATHIESEN SAP", "dumps": 0, "sistema": "DS4"}, {"cliente": "MEDIFARMA", "dumps": 11, "sistema": "DEV"}, {"cliente": "CJG SANDBOX", "dumps": 11, "sistema": "DEVMSQL"}]	2022-02-07 18:36:30.664831+00	\N	{"children": []}	"()"	"{}"	info_general.cron.check_st22_dumps_sin_class	celery@ip-3-3-4-86	2022-02-07 18:36:30.664805+00
29	27d13076-40fc-43cc-aac0-67d376d4b35b	SUCCESS	application/json	utf-8	[{"cliente": "CJG", "dumps": 0, "sistema": "DEVMSSQL"}, {"cliente": "AMSCREW", "dumps": 0, "sistema": "DEV"}, {"cliente": "QSI", "dumps": 0, "sistema": "DEV"}, {"cliente": "MATHIESEN SAP", "dumps": 0, "sistema": "DS4"}, {"cliente": "MEDIFARMA", "dumps": 11, "sistema": "DEV"}, {"cliente": "CJG SANDBOX", "dumps": 11, "sistema": "DEVMSQL"}]	2022-02-07 18:38:31.013422+00	\N	{"children": []}	"()"	"{}"	info_general.cron.check_st22_dumps_sin_class	celery@ip-3-3-4-86	2022-02-07 18:38:31.013398+00
30	8c9d2f2b-07a1-4da8-9d14-a70bf4beb7dc	SUCCESS	application/json	utf-8	[{"cliente": "CJG", "dumps": 0, "sistema": "DEVMSSQL"}, {"cliente": "AMSCREW", "dumps": 0, "sistema": "DEV"}, {"cliente": "QSI", "dumps": 0, "sistema": "DEV"}, {"cliente": "MATHIESEN SAP", "dumps": 0, "sistema": "DS4"}, {"cliente": "MEDIFARMA", "dumps": 11, "sistema": "DEV"}, {"cliente": "CJG SANDBOX", "dumps": 11, "sistema": "DEVMSQL"}]	2022-02-07 18:40:30.849563+00	\N	{"children": []}	"()"	"{}"	info_general.cron.check_st22_dumps_sin_class	celery@ip-3-3-4-86	2022-02-07 18:40:30.849538+00
31	1955103e-91d7-4490-8a9e-a563173c9b28	SUCCESS	application/json	utf-8	[{"cliente": "CJG", "dumps": 0, "sistema": "DEVMSSQL"}, {"cliente": "AMSCREW", "dumps": 0, "sistema": "DEV"}, {"cliente": "QSI", "dumps": 0, "sistema": "DEV"}, {"cliente": "MATHIESEN SAP", "dumps": 0, "sistema": "DS4"}, {"cliente": "MEDIFARMA", "dumps": 11, "sistema": "DEV"}, {"cliente": "CJG SANDBOX", "dumps": 11, "sistema": "DEVMSQL"}]	2022-02-07 18:42:31.177009+00	\N	{"children": []}	"()"	"{}"	info_general.cron.check_st22_dumps_sin_class	celery@ip-3-3-4-86	2022-02-07 18:42:31.176983+00
32	4138243d-9f36-427f-ad17-99554d887555	SUCCESS	application/json	utf-8	[{"cliente": "CJG", "dumps": 0, "sistema": "DEVMSSQL"}, {"cliente": "AMSCREW", "dumps": 0, "sistema": "DEV"}, {"cliente": "QSI", "dumps": 0, "sistema": "DEV"}, {"cliente": "MATHIESEN SAP", "dumps": 0, "sistema": "DS4"}, {"cliente": "MEDIFARMA", "dumps": 11, "sistema": "DEV"}, {"cliente": "CJG SANDBOX", "dumps": 11, "sistema": "DEVMSQL"}]	2022-02-07 18:44:30.5136+00	\N	{"children": []}	"()"	"{}"	info_general.cron.check_st22_dumps_sin_class	celery@ip-3-3-4-86	2022-02-07 18:44:30.513576+00
111	55c8c111-6fb5-4fd3-b911-b58d69bdae24	FAILURE	application/json	utf-8	{"exc_type": "NotRegistered", "exc_message": ["sap_tasks.check_st22"], "exc_module": "celery.exceptions"}	2022-02-09 20:44:51.086997+00	\N	{"children": []}	\N	\N	\N	\N	2022-02-09 20:44:51.083544+00
33	3c23683f-ab88-4663-8646-24b95278cdc2	SUCCESS	application/json	utf-8	[{"cliente": "CJG", "dumps": 0, "sistema": "DEVMSSQL"}, {"cliente": "AMSCREW", "dumps": 0, "sistema": "DEV"}, {"cliente": "QSI", "dumps": 0, "sistema": "DEV"}, {"cliente": "MATHIESEN SAP", "dumps": 0, "sistema": "DS4"}, {"cliente": "MEDIFARMA", "dumps": 11, "sistema": "DEV"}, {"cliente": "CJG SANDBOX", "dumps": 11, "sistema": "DEVMSQL"}]	2022-02-07 18:47:21.565945+00	\N	{"children": []}	"()"	"{}"	info_general.cron.check_st22_dumps_sin_class	celery@ip-3-3-4-86	2022-02-07 18:47:21.565916+00
34	32c54448-cb9c-4713-b7a4-a204d57c6116	SUCCESS	application/json	utf-8	[{"cliente": "CJG", "dumps": 0, "sistema": "DEVMSSQL"}, {"cliente": "AMSCREW", "dumps": 0, "sistema": "DEV"}, {"cliente": "QSI", "dumps": 0, "sistema": "DEV"}, {"cliente": "MATHIESEN SAP", "dumps": 0, "sistema": "DS4"}, {"cliente": "MEDIFARMA", "dumps": 11, "sistema": "DEV"}, {"cliente": "CJG SANDBOX", "dumps": 11, "sistema": "DEVMSQL"}]	2022-02-07 18:53:59.499623+00	\N	{"children": []}	"()"	"{}"	info_general.cron.check_st22_dumps_sin_class	celery@ip-3-3-4-86	2022-02-07 18:53:59.4996+00
35	ab6a2292-f141-4578-9333-c63922abad58	SUCCESS	application/json	utf-8	[{"cliente": "CJG", "dumps": 0, "sistema": "DEVMSSQL"}, {"cliente": "AMSCREW", "dumps": 0, "sistema": "DEV"}, {"cliente": "QSI", "dumps": 0, "sistema": "DEV"}, {"cliente": "MATHIESEN SAP", "dumps": 0, "sistema": "DS4"}, {"cliente": "MEDIFARMA", "dumps": 11, "sistema": "DEV"}, {"cliente": "CJG SANDBOX", "dumps": 11, "sistema": "DEVMSQL"}]	2022-02-07 18:55:59.263684+00	\N	{"children": []}	"()"	"{}"	info_general.cron.check_st22_dumps_sin_class	celery@ip-3-3-4-86	2022-02-07 18:55:59.263661+00
36	782938ca-6905-4249-ab79-c38520e1fa92	SUCCESS	application/json	utf-8	[{"cliente": "CJG", "dumps": 0, "sistema": "DEVMSSQL"}, {"cliente": "AMSCREW", "dumps": 0, "sistema": "DEV"}, {"cliente": "QSI", "dumps": 0, "sistema": "DEV"}, {"cliente": "MATHIESEN SAP", "dumps": 0, "sistema": "DS4"}, {"cliente": "MEDIFARMA", "dumps": 11, "sistema": "DEV"}, {"cliente": "CJG SANDBOX", "dumps": 11, "sistema": "DEVMSQL"}]	2022-02-07 18:57:59.156987+00	\N	{"children": []}	"()"	"{}"	info_general.cron.check_st22_dumps_sin_class	celery@ip-3-3-4-86	2022-02-07 18:57:59.156962+00
37	196b67e2-6048-40b8-897a-999cd34f39b6	SUCCESS	application/json	utf-8	[{"cliente": "CJG", "dumps": 0, "sistema": "DEVMSSQL"}, {"cliente": "AMSCREW", "dumps": 0, "sistema": "DEV"}, {"cliente": "QSI", "dumps": 0, "sistema": "DEV"}, {"cliente": "MATHIESEN SAP", "dumps": 0, "sistema": "DS4"}, {"cliente": "MEDIFARMA", "dumps": 11, "sistema": "DEV"}, {"cliente": "CJG SANDBOX", "dumps": 11, "sistema": "DEVMSQL"}]	2022-02-07 19:00:33.012641+00	\N	{"children": []}	"()"	"{}"	info_general.cron.check_st22_dumps_sin_class	celery@ip-3-3-4-86	2022-02-07 19:00:33.012615+00
38	b68c0d7c-ee44-4e14-82c1-21df74cc0abc	SUCCESS	application/json	utf-8	[{"cliente": "CJG", "dumps": 0, "sistema": "DEVMSSQL"}, {"cliente": "AMSCREW", "dumps": 0, "sistema": "DEV"}, {"cliente": "QSI", "dumps": 0, "sistema": "DEV"}, {"cliente": "MATHIESEN SAP", "dumps": 0, "sistema": "DS4"}, {"cliente": "MEDIFARMA", "dumps": 12, "sistema": "DEV"}, {"cliente": "CJG SANDBOX", "dumps": 12, "sistema": "DEVMSQL"}]	2022-02-07 20:01:41.734755+00	\N	{"children": []}	"()"	"{}"	info_general.cron.check_st22_dumps_sin_class	celery@ip-3-3-4-86	2022-02-07 20:01:41.734725+00
39	eddaa95f-4e59-4126-95d8-c2476207ab47	SUCCESS	application/json	utf-8	[{"cliente": "CJG", "dumps": 0, "sistema": "DEVMSSQL"}, {"cliente": "AMSCREW", "dumps": 0, "sistema": "DEV"}, {"cliente": "QSI", "dumps": 0, "sistema": "DEV"}, {"cliente": "MATHIESEN SAP", "dumps": 0, "sistema": "DS4"}, {"cliente": "MEDIFARMA", "dumps": 12, "sistema": "DEV"}, {"cliente": "CJG SANDBOX", "dumps": 12, "sistema": "DEVMSQL"}]	2022-02-07 20:02:40.518123+00	\N	{"children": []}	"()"	"{}"	info_general.cron.check_st22_dumps_sin_class	celery@ip-3-3-4-86	2022-02-07 20:02:40.518093+00
40	4970aade-125c-409a-b2e7-8389d878caef	SUCCESS	application/json	utf-8	[{"cliente": "CJG", "dumps": 0, "sistema": "DEVMSSQL"}, {"cliente": "AMSCREW", "dumps": 0, "sistema": "DEV"}, {"cliente": "QSI", "dumps": 0, "sistema": "DEV"}, {"cliente": "MATHIESEN SAP", "dumps": 0, "sistema": "DS4"}, {"cliente": "MEDIFARMA", "dumps": 12, "sistema": "DEV"}, {"cliente": "CJG SANDBOX", "dumps": 12, "sistema": "DEVMSQL"}]	2022-02-07 20:03:40.991325+00	\N	{"children": []}	"()"	"{}"	info_general.cron.check_st22_dumps_sin_class	celery@ip-3-3-4-86	2022-02-07 20:03:40.991304+00
41	bb97c5fb-0230-441e-b736-7e2a2bf320f6	SUCCESS	application/json	utf-8	[{"cliente": "CJG", "dumps": 0, "sistema": "DEVMSSQL"}, {"cliente": "AMSCREW", "dumps": 0, "sistema": "DEV"}, {"cliente": "QSI", "dumps": 0, "sistema": "DEV"}, {"cliente": "MATHIESEN SAP", "dumps": 0, "sistema": "DS4"}, {"cliente": "MEDIFARMA", "dumps": 12, "sistema": "DEV"}, {"cliente": "CJG SANDBOX", "dumps": 12, "sistema": "DEVMSQL"}]	2022-02-07 20:04:41.359223+00	\N	{"children": []}	"()"	"{}"	info_general.cron.check_st22_dumps_sin_class	celery@ip-3-3-4-86	2022-02-07 20:04:41.359198+00
42	da57fe97-6d2d-40f1-a0b8-8b6d88a43aa6	FAILURE	application/json	utf-8	{"exc_type": "KeyError", "exc_message": ["dumps"], "exc_module": "builtins"}	2022-02-07 20:05:40.710859+00	Traceback (most recent call last):\n  File "/home/DEV-ENV/DEV-ENV/lib/python3.8/site-packages/celery/app/trace.py", line 451, in trace_task\n    R = retval = fun(*args, **kwargs)\n  File "/home/DEV-ENV/DEV-ENV/lib/python3.8/site-packages/celery/app/trace.py", line 734, in __protected_call__\n    return self.run(*args, **kwargs)\n  File "/home/DEV-ENV/RFC-DEV/RFC-AWS/info_general/cron.py", line 191, in check_st22_dumps_sin_class\n    if info['dumps'] > 150:\nKeyError: 'dumps'\n	{"children": []}	"()"	"{}"	info_general.cron.check_st22_dumps_sin_class	celery@ip-3-3-4-86	2022-02-07 20:05:40.710103+00
43	4cb74c71-626e-42ef-9a0f-684446b94c1a	FAILURE	application/json	utf-8	{"exc_type": "KeyError", "exc_message": ["dumps"], "exc_module": "builtins"}	2022-02-07 20:06:40.683433+00	Traceback (most recent call last):\n  File "/home/DEV-ENV/DEV-ENV/lib/python3.8/site-packages/celery/app/trace.py", line 451, in trace_task\n    R = retval = fun(*args, **kwargs)\n  File "/home/DEV-ENV/DEV-ENV/lib/python3.8/site-packages/celery/app/trace.py", line 734, in __protected_call__\n    return self.run(*args, **kwargs)\n  File "/home/DEV-ENV/RFC-DEV/RFC-AWS/info_general/cron.py", line 191, in check_st22_dumps_sin_class\n    if info['dumps'] > 150:\nKeyError: 'dumps'\n	{"children": []}	"()"	"{}"	info_general.cron.check_st22_dumps_sin_class	celery@ip-3-3-4-86	2022-02-07 20:06:40.68341+00
44	0a9c96f5-66b5-40cb-bd2b-4ee45a29a740	FAILURE	application/json	utf-8	{"exc_type": "KeyError", "exc_message": ["dumps"], "exc_module": "builtins"}	2022-02-07 20:07:41.746585+00	Traceback (most recent call last):\n  File "/home/DEV-ENV/DEV-ENV/lib/python3.8/site-packages/celery/app/trace.py", line 451, in trace_task\n    R = retval = fun(*args, **kwargs)\n  File "/home/DEV-ENV/DEV-ENV/lib/python3.8/site-packages/celery/app/trace.py", line 734, in __protected_call__\n    return self.run(*args, **kwargs)\n  File "/home/DEV-ENV/RFC-DEV/RFC-AWS/info_general/cron.py", line 191, in check_st22_dumps_sin_class\n    if info['dumps'] > 150:\nKeyError: 'dumps'\n	{"children": []}	"()"	"{}"	info_general.cron.check_st22_dumps_sin_class	celery@ip-3-3-4-86	2022-02-07 20:07:41.746561+00
45	edee7b6c-9385-4a8e-896b-87d322c87054	SUCCESS	application/json	utf-8	[{"cliente": "CJG", "dumps": 0, "sistema": "DEVMSSQL"}, {"cliente": "AMSCREW", "dumps": 0, "sistema": "DEV"}, {"cliente": "QSI", "dumps": 0, "sistema": "DEV"}, {"cliente": "MATHIESEN SAP", "dumps": 0, "sistema": "DS4"}, {"cliente": "MEDIFARMA", "dumps": 12, "sistema": "DEV"}, {"cliente": "CJG SANDBOX", "dumps": 12, "sistema": "DEVMSQL"}, {"mail": false}]	2022-02-07 20:08:40.639617+00	\N	{"children": []}	"()"	"{}"	info_general.cron.check_st22_dumps_sin_class	celery@ip-3-3-4-86	2022-02-07 20:08:40.639587+00
125	1f2e1d30-bb88-4c2f-99c1-3adbe1fb0774	SUCCESS	application/json	utf-8	3	2022-02-10 00:10:39.322656+00	\N	{"children": []}	"(1, 2)"	"{}"	sap_task.st22	celery@ip-3-3-4-86	2022-02-10 00:10:39.322483+00
46	6e3fd6be-bbdf-4a5e-8066-de4283e8b5a0	SUCCESS	application/json	utf-8	[{"cliente": "CJG", "dumps": 0, "sistema": "DEVMSSQL"}, {"cliente": "AMSCREW", "dumps": 0, "sistema": "DEV"}, {"cliente": "QSI", "dumps": 0, "sistema": "DEV"}, {"cliente": "MATHIESEN SAP", "dumps": 0, "sistema": "DS4"}, {"cliente": "MEDIFARMA", "dumps": 12, "sistema": "DEV"}, {"cliente": "CJG SANDBOX", "dumps": 12, "sistema": "DEVMSQL"}, {"mail": false}]	2022-02-07 20:09:40.550289+00	\N	{"children": []}	"()"	"{}"	info_general.cron.check_st22_dumps_sin_class	celery@ip-3-3-4-86	2022-02-07 20:09:40.550267+00
47	e47d1dbf-c98c-4022-a75b-3a6148cbc239	SUCCESS	application/json	utf-8	[{"cliente": "CJG", "dumps": 0, "sistema": "DEVMSSQL"}, {"cliente": "AMSCREW", "dumps": 0, "sistema": "DEV"}, {"cliente": "QSI", "dumps": 0, "sistema": "DEV"}, {"cliente": "MATHIESEN SAP", "dumps": 0, "sistema": "DS4"}, {"cliente": "MEDIFARMA", "dumps": 12, "sistema": "DEV"}, {"cliente": "CJG SANDBOX", "dumps": 12, "sistema": "DEVMSQL"}, {"mail": false}]	2022-02-07 20:10:40.377475+00	\N	{"children": []}	"()"	"{}"	info_general.cron.check_st22_dumps_sin_class	celery@ip-3-3-4-86	2022-02-07 20:10:40.377453+00
48	d13b7cdf-4402-49af-9062-9d4991900c2c	SUCCESS	application/json	utf-8	[{"cliente": "CJG", "dumps": 0, "sistema": "DEVMSSQL"}, {"cliente": "AMSCREW", "dumps": 0, "sistema": "DEV"}, {"cliente": "QSI", "dumps": 0, "sistema": "DEV"}, {"cliente": "MATHIESEN SAP", "dumps": 0, "sistema": "DS4"}, {"cliente": "MEDIFARMA", "dumps": 12, "sistema": "DEV"}, {"cliente": "CJG SANDBOX", "dumps": 12, "sistema": "DEVMSQL"}, {"mail": false}]	2022-02-07 20:11:40.733497+00	\N	{"children": []}	"()"	"{}"	info_general.cron.check_st22_dumps_sin_class	celery@ip-3-3-4-86	2022-02-07 20:11:40.733474+00
49	c2a203a2-6979-4e26-b37c-a5e567978a32	SUCCESS	application/json	utf-8	[{"cliente": "CJG", "dumps": 0, "sistema": "DEVMSSQL"}, {"cliente": "AMSCREW", "dumps": 0, "sistema": "DEV"}, {"cliente": "QSI", "dumps": 0, "sistema": "DEV"}, {"cliente": "MATHIESEN SAP", "dumps": 0, "sistema": "DS4"}, {"cliente": "MEDIFARMA", "dumps": 36, "sistema": "DEV"}, {"cliente": "CJG SANDBOX", "dumps": 36, "sistema": "DEVMSQL"}, {"mail": false}]	2022-02-07 20:12:40.714866+00	\N	{"children": []}	"()"	"{}"	info_general.cron.check_st22_dumps_sin_class	celery@ip-3-3-4-86	2022-02-07 20:12:40.714843+00
50	d1d928b8-98e5-4981-9688-cbd7796c6cda	SUCCESS	application/json	utf-8	[{"cliente": "CJG", "dumps": 0, "sistema": "DEVMSSQL"}, {"cliente": "AMSCREW", "dumps": 0, "sistema": "DEV"}, {"cliente": "QSI", "dumps": 0, "sistema": "DEV"}, {"cliente": "MATHIESEN SAP", "dumps": 0, "sistema": "DS4"}, {"cliente": "MEDIFARMA", "dumps": 36, "sistema": "DEV"}, {"cliente": "CJG SANDBOX", "dumps": 36, "sistema": "DEVMSQL"}, {"mail": false}]	2022-02-07 20:13:40.734098+00	\N	{"children": []}	"()"	"{}"	info_general.cron.check_st22_dumps_sin_class	celery@ip-3-3-4-86	2022-02-07 20:13:40.734076+00
51	c2dc28d4-c2b4-46ab-9b5d-b947e132cd87	SUCCESS	application/json	utf-8	[{"cliente": "CJG", "dumps": 0, "sistema": "DEVMSSQL"}, {"cliente": "AMSCREW", "dumps": 0, "sistema": "DEV"}, {"cliente": "QSI", "dumps": 0, "sistema": "DEV"}, {"cliente": "MATHIESEN SAP", "dumps": 0, "sistema": "DS4"}, {"cliente": "MEDIFARMA", "dumps": 36, "sistema": "DEV"}, {"cliente": "CJG SANDBOX", "dumps": 36, "sistema": "DEVMSQL"}, {"mail": false}]	2022-02-07 20:14:40.499714+00	\N	{"children": []}	"()"	"{}"	info_general.cron.check_st22_dumps_sin_class	celery@ip-3-3-4-86	2022-02-07 20:14:40.49969+00
52	9a6b1888-78bd-4ac6-ad8b-7c289fd14674	SUCCESS	application/json	utf-8	[{"cliente": "CJG", "dumps": 0, "sistema": "DEVMSSQL"}, {"cliente": "AMSCREW", "dumps": 0, "sistema": "DEV"}, {"cliente": "QSI", "dumps": 0, "sistema": "DEV"}, {"cliente": "MATHIESEN SAP", "dumps": 0, "sistema": "DS4"}, {"cliente": "MEDIFARMA", "dumps": 36, "sistema": "DEV"}, {"cliente": "CJG SANDBOX", "dumps": 36, "sistema": "DEVMSQL"}, {"mail": false}]	2022-02-07 20:15:40.574352+00	\N	{"children": []}	"()"	"{}"	info_general.cron.check_st22_dumps_sin_class	celery@ip-3-3-4-86	2022-02-07 20:15:40.57433+00
53	89eb8f36-a0f9-4fb9-bf10-005de963d5e5	SUCCESS	application/json	utf-8	[{"cliente": "CJG", "dumps": 0, "sistema": "DEVMSSQL"}, {"cliente": "AMSCREW", "dumps": 0, "sistema": "DEV"}, {"cliente": "QSI", "dumps": 0, "sistema": "DEV"}, {"cliente": "MATHIESEN SAP", "dumps": 0, "sistema": "DS4"}, {"cliente": "MEDIFARMA", "dumps": 36, "sistema": "DEV"}, {"cliente": "CJG SANDBOX", "dumps": 36, "sistema": "DEVMSQL"}, {"mail": false}]	2022-02-07 20:16:40.716197+00	\N	{"children": []}	"()"	"{}"	info_general.cron.check_st22_dumps_sin_class	celery@ip-3-3-4-86	2022-02-07 20:16:40.716176+00
54	c71c10fd-1c92-47f7-9364-21f2972ce003	SUCCESS	application/json	utf-8	[{"cliente": "CJG", "dumps": 0, "sistema": "DEVMSSQL"}, {"cliente": "AMSCREW", "dumps": 0, "sistema": "DEV"}, {"cliente": "QSI", "dumps": 0, "sistema": "DEV"}, {"cliente": "MATHIESEN SAP", "dumps": 0, "sistema": "DS4"}, {"cliente": "MEDIFARMA", "dumps": 36, "sistema": "DEV"}, {"cliente": "CJG SANDBOX", "dumps": 36, "sistema": "DEVMSQL"}, {"mail": false}]	2022-02-07 20:17:40.532269+00	\N	{"children": []}	"()"	"{}"	info_general.cron.check_st22_dumps_sin_class	celery@ip-3-3-4-86	2022-02-07 20:17:40.532248+00
55	d8740078-1afd-4f95-9ee5-ffa3711894a9	SUCCESS	application/json	utf-8	[{"cliente": "CJG", "dumps": 0, "sistema": "DEVMSSQL"}, {"cliente": "AMSCREW", "dumps": 0, "sistema": "DEV"}, {"cliente": "QSI", "dumps": 0, "sistema": "DEV"}, {"cliente": "MATHIESEN SAP", "dumps": 0, "sistema": "DS4"}, {"cliente": "MEDIFARMA", "dumps": 36, "sistema": "DEV"}, {"cliente": "CJG SANDBOX", "dumps": 36, "sistema": "DEVMSQL"}, {"mail": false}]	2022-02-07 20:18:40.502263+00	\N	{"children": []}	"()"	"{}"	info_general.cron.check_st22_dumps_sin_class	celery@ip-3-3-4-86	2022-02-07 20:18:40.502241+00
56	ec3832cd-382e-417d-925f-e830c07463dc	SUCCESS	application/json	utf-8	[{"cliente": "CJG", "dumps": 0, "sistema": "DEVMSSQL"}, {"cliente": "AMSCREW", "dumps": 0, "sistema": "DEV"}, {"cliente": "QSI", "dumps": 0, "sistema": "DEV"}, {"cliente": "MATHIESEN SAP", "dumps": 0, "sistema": "DS4"}, {"cliente": "MEDIFARMA", "dumps": 36, "sistema": "DEV"}, {"cliente": "CJG SANDBOX", "dumps": 36, "sistema": "DEVMSQL"}, {"mail": false}]	2022-02-07 20:19:40.78147+00	\N	{"children": []}	"()"	"{}"	info_general.cron.check_st22_dumps_sin_class	celery@ip-3-3-4-86	2022-02-07 20:19:40.781448+00
57	0baf060b-47ea-43f3-b466-2ab5d89c62dc	SUCCESS	application/json	utf-8	[{"cliente": "CJG", "dumps": 0, "sistema": "DEVMSSQL"}, {"cliente": "AMSCREW", "dumps": 0, "sistema": "DEV"}, {"cliente": "QSI", "dumps": 0, "sistema": "DEV"}, {"cliente": "MATHIESEN SAP", "dumps": 0, "sistema": "DS4"}, {"cliente": "MEDIFARMA", "dumps": 36, "sistema": "DEV"}, {"cliente": "CJG SANDBOX", "dumps": 36, "sistema": "DEVMSQL"}, {"mail": false}]	2022-02-07 20:20:41.078715+00	\N	{"children": []}	"()"	"{}"	info_general.cron.check_st22_dumps_sin_class	celery@ip-3-3-4-86	2022-02-07 20:20:41.078691+00
58	596ef2a8-8ad6-4e23-a816-62327c301274	SUCCESS	application/json	utf-8	[{"cliente": "CJG", "dumps": 0, "sistema": "DEVMSSQL"}, {"cliente": "AMSCREW", "dumps": 0, "sistema": "DEV"}, {"cliente": "QSI", "dumps": 0, "sistema": "DEV"}, {"cliente": "MATHIESEN SAP", "dumps": 0, "sistema": "DS4"}, {"cliente": "MEDIFARMA", "dumps": 36, "sistema": "DEV"}, {"cliente": "CJG SANDBOX", "dumps": 36, "sistema": "DEVMSQL"}, {"mail": false}]	2022-02-07 20:21:40.462584+00	\N	{"children": []}	"()"	"{}"	info_general.cron.check_st22_dumps_sin_class	celery@ip-3-3-4-86	2022-02-07 20:21:40.462562+00
59	23b9d46d-d4b1-4c5e-9279-45c75735a4dd	SUCCESS	application/json	utf-8	[{"cliente": "CJG", "dumps": 0, "sistema": "DEVMSSQL"}, {"cliente": "AMSCREW", "dumps": 0, "sistema": "DEV"}, {"cliente": "QSI", "dumps": 0, "sistema": "DEV"}, {"cliente": "MATHIESEN SAP", "dumps": 0, "sistema": "DS4"}, {"cliente": "MEDIFARMA", "dumps": 36, "sistema": "DEV"}, {"cliente": "CJG SANDBOX", "dumps": 36, "sistema": "DEVMSQL"}, {"mail": false}]	2022-02-07 20:22:40.579945+00	\N	{"children": []}	"()"	"{}"	info_general.cron.check_st22_dumps_sin_class	celery@ip-3-3-4-86	2022-02-07 20:22:40.579922+00
60	0a1bd72d-1d1f-4a60-b5a8-95873fef6919	SUCCESS	application/json	utf-8	[{"cliente": "CJG", "dumps": 0, "sistema": "DEVMSSQL"}, {"cliente": "AMSCREW", "dumps": 0, "sistema": "DEV"}, {"cliente": "QSI", "dumps": 0, "sistema": "DEV"}, {"cliente": "MATHIESEN SAP", "dumps": 0, "sistema": "DS4"}, {"cliente": "MEDIFARMA", "dumps": 36, "sistema": "DEV"}, {"cliente": "CJG SANDBOX", "dumps": 36, "sistema": "DEVMSQL"}, {"mail": false}]	2022-02-07 20:23:40.986771+00	\N	{"children": []}	"()"	"{}"	info_general.cron.check_st22_dumps_sin_class	celery@ip-3-3-4-86	2022-02-07 20:23:40.986748+00
61	31dc749c-c545-40b7-9ad0-04f8d38a7cb6	SUCCESS	application/json	utf-8	[{"cliente": "CJG", "dumps": 0, "sistema": "DEVMSSQL"}, {"cliente": "AMSCREW", "dumps": 0, "sistema": "DEV"}, {"cliente": "QSI", "dumps": 0, "sistema": "DEV"}, {"cliente": "MATHIESEN SAP", "dumps": 0, "sistema": "DS4"}, {"cliente": "MEDIFARMA", "dumps": 36, "sistema": "DEV"}, {"cliente": "CJG SANDBOX", "dumps": 36, "sistema": "DEVMSQL"}, {"mail": false}]	2022-02-07 20:24:40.648649+00	\N	{"children": []}	"()"	"{}"	info_general.cron.check_st22_dumps_sin_class	celery@ip-3-3-4-86	2022-02-07 20:24:40.648627+00
62	c2c72c23-251d-4eae-9ee0-3109276a1d67	SUCCESS	application/json	utf-8	[{"cliente": "CJG", "dumps": 0, "sistema": "DEVMSSQL"}, {"cliente": "AMSCREW", "dumps": 0, "sistema": "DEV"}, {"cliente": "QSI", "dumps": 0, "sistema": "DEV"}, {"cliente": "MATHIESEN SAP", "dumps": 0, "sistema": "DS4"}, {"cliente": "MEDIFARMA", "dumps": 36, "sistema": "DEV"}, {"cliente": "CJG SANDBOX", "dumps": 36, "sistema": "DEVMSQL"}, {"mail": false}]	2022-02-07 20:34:40.913201+00	\N	{"children": []}	"()"	"{}"	info_general.cron.check_st22_dumps_sin_class	celery@ip-3-3-4-86	2022-02-07 20:34:40.91317+00
63	e7c7c077-521e-4ee2-a126-066cf6818849	SUCCESS	application/json	utf-8	[{"cliente": "CJG", "dumps": 0, "sistema": "DEVMSSQL"}, {"cliente": "AMSCREW", "dumps": 0, "sistema": "DEV"}, {"cliente": "QSI", "dumps": 0, "sistema": "DEV"}, {"cliente": "MATHIESEN SAP", "dumps": 0, "sistema": "DS4"}, {"cliente": "MEDIFARMA", "dumps": 36, "sistema": "DEV"}, {"cliente": "CJG SANDBOX", "dumps": 36, "sistema": "DEVMSQL"}, {"mail": false}]	2022-02-07 20:44:41.149803+00	\N	{"children": []}	"()"	"{}"	info_general.cron.check_st22_dumps_sin_class	celery@ip-3-3-4-86	2022-02-07 20:44:41.149781+00
64	a439b084-ff8d-474a-bdd2-6e627a3905df	SUCCESS	application/json	utf-8	[{"cliente": "CJG", "dumps": 0, "sistema": "DEVMSSQL"}, {"cliente": "AMSCREW", "dumps": 0, "sistema": "DEV"}, {"cliente": "QSI", "dumps": 0, "sistema": "DEV"}, {"cliente": "MATHIESEN SAP", "dumps": 0, "sistema": "DS4"}, {"cliente": "MEDIFARMA", "dumps": 36, "sistema": "DEV"}, {"cliente": "CJG SANDBOX", "dumps": 36, "sistema": "DEVMSQL"}, {"mail": false}]	2022-02-07 20:54:40.882191+00	\N	{"children": []}	"()"	"{}"	info_general.cron.check_st22_dumps_sin_class	celery@ip-3-3-4-86	2022-02-07 20:54:40.881484+00
65	12add026-d0e8-4482-b426-9a99f390e9a9	SUCCESS	application/json	utf-8	[{"cliente": "CJG", "dumps": 0, "sistema": "DEVMSSQL"}, {"cliente": "AMSCREW", "dumps": 0, "sistema": "DEV"}, {"cliente": "QSI", "dumps": 0, "sistema": "DEV"}, {"cliente": "MATHIESEN SAP", "dumps": 0, "sistema": "DS4"}, {"cliente": "MEDIFARMA", "dumps": 36, "sistema": "DEV"}, {"cliente": "CJG SANDBOX", "dumps": 36, "sistema": "DEVMSQL"}, {"mail": false}]	2022-02-07 21:04:41.328623+00	\N	{"children": []}	"()"	"{}"	info_general.cron.check_st22_dumps_sin_class	celery@ip-3-3-4-86	2022-02-07 21:04:41.327996+00
66	d6186420-7213-4f47-ab11-1dae20772a0b	SUCCESS	application/json	utf-8	[{"cliente": "CJG", "dumps": 0, "sistema": "DEVMSSQL"}, {"cliente": "AMSCREW", "dumps": 0, "sistema": "DEV"}, {"cliente": "QSI", "dumps": 0, "sistema": "DEV"}, {"cliente": "MATHIESEN SAP", "dumps": 0, "sistema": "DS4"}, {"cliente": "MEDIFARMA", "dumps": 37, "sistema": "DEV"}, {"cliente": "CJG SANDBOX", "dumps": 37, "sistema": "DEVMSQL"}, {"mail": false}]	2022-02-07 21:14:41.163931+00	\N	{"children": []}	"()"	"{}"	info_general.cron.check_st22_dumps_sin_class	celery@ip-3-3-4-86	2022-02-07 21:14:41.163906+00
67	f3ffcabb-8b5c-4532-98cf-6910ab5af243	SUCCESS	application/json	utf-8	[{"cliente": "CJG", "dumps": 0, "sistema": "DEVMSSQL"}, {"cliente": "AMSCREW", "dumps": 0, "sistema": "DEV"}, {"cliente": "QSI", "dumps": 0, "sistema": "DEV"}, {"cliente": "MATHIESEN SAP", "dumps": 0, "sistema": "DS4"}, {"cliente": "MEDIFARMA", "dumps": 37, "sistema": "DEV"}, {"cliente": "CJG SANDBOX", "dumps": 37, "sistema": "DEVMSQL"}, {"mail": false}]	2022-02-07 21:24:41.328205+00	\N	{"children": []}	"()"	"{}"	info_general.cron.check_st22_dumps_sin_class	celery@ip-3-3-4-86	2022-02-07 21:24:41.328183+00
68	8707a66d-5c4a-4c54-abb9-a41a3f652630	SUCCESS	application/json	utf-8	[{"cliente": "CJG", "dumps": 0, "sistema": "DEVMSSQL"}, {"cliente": "AMSCREW", "dumps": 0, "sistema": "DEV"}, {"cliente": "QSI", "dumps": 0, "sistema": "DEV"}, {"cliente": "MATHIESEN SAP", "dumps": 0, "sistema": "DS4"}, {"cliente": "MEDIFARMA", "dumps": 37, "sistema": "DEV"}, {"cliente": "CJG SANDBOX", "dumps": 37, "sistema": "DEVMSQL"}, {"mail": false}]	2022-02-07 21:34:40.727385+00	\N	{"children": []}	"()"	"{}"	info_general.cron.check_st22_dumps_sin_class	celery@ip-3-3-4-86	2022-02-07 21:34:40.727363+00
69	2ab15f35-bf7d-4fc5-8253-e4dee88884bb	SUCCESS	application/json	utf-8	[{"cliente": "CJG", "dumps": 0, "sistema": "DEVMSSQL"}, {"cliente": "AMSCREW", "dumps": 0, "sistema": "DEV"}, {"cliente": "QSI", "dumps": 0, "sistema": "DEV"}, {"cliente": "MATHIESEN SAP", "dumps": 0, "sistema": "DS4"}, {"cliente": "MEDIFARMA", "dumps": 37, "sistema": "DEV"}, {"cliente": "CJG SANDBOX", "dumps": 37, "sistema": "DEVMSQL"}, {"mail": false}]	2022-02-07 21:44:41.088063+00	\N	{"children": []}	"()"	"{}"	info_general.cron.check_st22_dumps_sin_class	celery@ip-3-3-4-86	2022-02-07 21:44:41.088041+00
70	856cf30a-39f4-4ae3-a85e-5f92dc01c017	SUCCESS	application/json	utf-8	[{"cliente": "CJG", "dumps": 0, "sistema": "DEVMSSQL"}, {"cliente": "AMSCREW", "dumps": 0, "sistema": "DEV"}, {"cliente": "QSI", "dumps": 0, "sistema": "DEV"}, {"cliente": "MATHIESEN SAP", "dumps": 0, "sistema": "DS4"}, {"cliente": "MEDIFARMA", "dumps": 37, "sistema": "DEV"}, {"cliente": "CJG SANDBOX", "dumps": 37, "sistema": "DEVMSQL"}, {"mail": false}]	2022-02-07 21:54:40.718352+00	\N	{"children": []}	"()"	"{}"	info_general.cron.check_st22_dumps_sin_class	celery@ip-3-3-4-86	2022-02-07 21:54:40.71833+00
71	6e68ed6e-53b4-41a9-be7c-a1bf95193d45	SUCCESS	application/json	utf-8	[{"cliente": "CJG", "dumps": 0, "sistema": "DEVMSSQL"}, {"cliente": "AMSCREW", "dumps": 0, "sistema": "DEV"}, {"cliente": "QSI", "dumps": 0, "sistema": "DEV"}, {"cliente": "MATHIESEN SAP", "dumps": 0, "sistema": "DS4"}, {"cliente": "MEDIFARMA", "dumps": 38, "sistema": "DEV"}, {"cliente": "CJG SANDBOX", "dumps": 38, "sistema": "DEVMSQL"}, {"mail": false}]	2022-02-07 22:04:41.239555+00	\N	{"children": []}	"()"	"{}"	info_general.cron.check_st22_dumps_sin_class	celery@ip-3-3-4-86	2022-02-07 22:04:41.239531+00
72	4f1364bf-71c3-4c19-900a-0ba5330517c2	SUCCESS	application/json	utf-8	[{"cliente": "CJG", "dumps": 0, "sistema": "DEVMSSQL"}, {"cliente": "AMSCREW", "dumps": 0, "sistema": "DEV"}, {"cliente": "QSI", "dumps": 0, "sistema": "DEV"}, {"cliente": "MATHIESEN SAP", "dumps": 0, "sistema": "DS4"}, {"cliente": "MEDIFARMA", "dumps": 38, "sistema": "DEV"}, {"cliente": "CJG SANDBOX", "dumps": 38, "sistema": "DEVMSQL"}, {"mail": false}]	2022-02-07 22:14:40.725185+00	\N	{"children": []}	"()"	"{}"	info_general.cron.check_st22_dumps_sin_class	celery@ip-3-3-4-86	2022-02-07 22:14:40.72516+00
73	2b569819-2b00-4f46-81e6-e2a456d45053	SUCCESS	application/json	utf-8	[{"cliente": "CJG", "dumps": 0, "sistema": "DEVMSSQL"}, {"cliente": "AMSCREW", "dumps": 0, "sistema": "DEV"}, {"cliente": "QSI", "dumps": 0, "sistema": "DEV"}, {"cliente": "MATHIESEN SAP", "dumps": 0, "sistema": "DS4"}, {"cliente": "MEDIFARMA", "dumps": 38, "sistema": "DEV"}, {"cliente": "CJG SANDBOX", "dumps": 38, "sistema": "DEVMSQL"}, {"mail": false}]	2022-02-07 22:24:40.994606+00	\N	{"children": []}	"()"	"{}"	info_general.cron.check_st22_dumps_sin_class	celery@ip-3-3-4-86	2022-02-07 22:24:40.994581+00
74	af1e4b19-7dee-45c3-aa35-2aeffaf579af	SUCCESS	application/json	utf-8	[{"cliente": "CJG", "dumps": 0, "sistema": "DEVMSSQL"}, {"cliente": "AMSCREW", "dumps": 0, "sistema": "DEV"}, {"cliente": "QSI", "dumps": 0, "sistema": "DEV"}, {"cliente": "MATHIESEN SAP", "dumps": 0, "sistema": "DS4"}, {"cliente": "MEDIFARMA", "dumps": 38, "sistema": "DEV"}, {"cliente": "CJG SANDBOX", "dumps": 38, "sistema": "DEVMSQL"}, {"mail": false}]	2022-02-07 22:34:41.027678+00	\N	{"children": []}	"()"	"{}"	info_general.cron.check_st22_dumps_sin_class	celery@ip-3-3-4-86	2022-02-07 22:34:41.027654+00
75	c8da4624-4f2b-43ca-9881-021745074eb8	SUCCESS	application/json	utf-8	[{"cliente": "CJG", "dumps": 0, "sistema": "DEVMSSQL"}, {"cliente": "AMSCREW", "dumps": 0, "sistema": "DEV"}, {"cliente": "QSI", "dumps": 0, "sistema": "DEV"}, {"cliente": "MATHIESEN SAP", "dumps": 0, "sistema": "DS4"}, {"cliente": "MEDIFARMA", "dumps": 38, "sistema": "DEV"}, {"cliente": "CJG SANDBOX", "dumps": 38, "sistema": "DEVMSQL"}, {"mail": false}]	2022-02-07 22:44:40.862469+00	\N	{"children": []}	"()"	"{}"	info_general.cron.check_st22_dumps_sin_class	celery@ip-3-3-4-86	2022-02-07 22:44:40.862444+00
76	047088f2-4b69-4b88-8736-85419d67962b	SUCCESS	application/json	utf-8	[{"cliente": "CJG", "dumps": 0, "sistema": "DEVMSSQL"}, {"cliente": "AMSCREW", "dumps": 0, "sistema": "DEV"}, {"cliente": "QSI", "dumps": 0, "sistema": "DEV"}, {"cliente": "MATHIESEN SAP", "dumps": 0, "sistema": "DS4"}, {"cliente": "MEDIFARMA", "dumps": 38, "sistema": "DEV"}, {"cliente": "CJG SANDBOX", "dumps": 38, "sistema": "DEVMSQL"}, {"mail": false}]	2022-02-07 22:54:40.890115+00	\N	{"children": []}	"()"	"{}"	info_general.cron.check_st22_dumps_sin_class	celery@ip-3-3-4-86	2022-02-07 22:54:40.890094+00
77	501c88ad-99e7-4e4f-9917-548b6365ebf8	SUCCESS	application/json	utf-8	[{"cliente": "CJG", "dumps": 0, "sistema": "DEVMSSQL"}, {"cliente": "AMSCREW", "dumps": 0, "sistema": "DEV"}, {"cliente": "QSI", "dumps": 0, "sistema": "DEV"}, {"cliente": "MATHIESEN SAP", "dumps": 0, "sistema": "DS4"}, {"cliente": "MEDIFARMA", "dumps": 38, "sistema": "DEV"}, {"cliente": "CJG SANDBOX", "dumps": 38, "sistema": "DEVMSQL"}, {"mail": false}]	2022-02-07 23:04:41.292576+00	\N	{"children": []}	"()"	"{}"	info_general.cron.check_st22_dumps_sin_class	celery@ip-3-3-4-86	2022-02-07 23:04:41.292552+00
78	fd4229d3-51dc-4146-8bcb-6c045afb9507	SUCCESS	application/json	utf-8	[{"cliente": "CJG", "dumps": 0, "sistema": "DEVMSSQL"}, {"cliente": "AMSCREW", "dumps": 0, "sistema": "DEV"}, {"cliente": "QSI", "dumps": 0, "sistema": "DEV"}, {"cliente": "MATHIESEN SAP", "dumps": 0, "sistema": "DS4"}, {"cliente": "MEDIFARMA", "dumps": 38, "sistema": "DEV"}, {"cliente": "CJG SANDBOX", "dumps": 38, "sistema": "DEVMSQL"}, {"mail": false}]	2022-02-07 23:14:41.212768+00	\N	{"children": []}	"()"	"{}"	info_general.cron.check_st22_dumps_sin_class	celery@ip-3-3-4-86	2022-02-07 23:14:41.212744+00
79	aee9cf33-26d9-4be6-ba68-54a50230b84e	SUCCESS	application/json	utf-8	[{"cliente": "CJG", "dumps": 0, "sistema": "DEVMSSQL"}, {"cliente": "AMSCREW", "dumps": 0, "sistema": "DEV"}, {"cliente": "QSI", "dumps": 0, "sistema": "DEV"}, {"cliente": "MATHIESEN SAP", "dumps": 0, "sistema": "DS4"}, {"cliente": "MEDIFARMA", "dumps": 38, "sistema": "DEV"}, {"cliente": "CJG SANDBOX", "dumps": 38, "sistema": "DEVMSQL"}, {"mail": false}]	2022-02-07 23:24:40.864995+00	\N	{"children": []}	"()"	"{}"	info_general.cron.check_st22_dumps_sin_class	celery@ip-3-3-4-86	2022-02-07 23:24:40.864972+00
80	07a4c665-2f84-456d-8d5c-55dd703a4de2	SUCCESS	application/json	utf-8	[{"cliente": "CJG", "dumps": 0, "sistema": "DEVMSSQL"}, {"cliente": "AMSCREW", "dumps": 0, "sistema": "DEV"}, {"cliente": "QSI", "dumps": 0, "sistema": "DEV"}, {"cliente": "MATHIESEN SAP", "dumps": 0, "sistema": "DS4"}, {"cliente": "MEDIFARMA", "dumps": 38, "sistema": "DEV"}, {"cliente": "CJG SANDBOX", "dumps": 38, "sistema": "DEVMSQL"}, {"mail": false}]	2022-02-07 23:34:40.947845+00	\N	{"children": []}	"()"	"{}"	info_general.cron.check_st22_dumps_sin_class	celery@ip-3-3-4-86	2022-02-07 23:34:40.947823+00
81	136b3759-2c7c-4511-bbb0-26db79a8c52b	SUCCESS	application/json	utf-8	[{"cliente": "CJG", "dumps": 0, "sistema": "DEVMSSQL"}, {"cliente": "AMSCREW", "dumps": 0, "sistema": "DEV"}, {"cliente": "QSI", "dumps": 0, "sistema": "DEV"}, {"cliente": "MATHIESEN SAP", "dumps": 0, "sistema": "DS4"}, {"cliente": "MEDIFARMA", "dumps": 39, "sistema": "DEV"}, {"cliente": "CJG SANDBOX", "dumps": 39, "sistema": "DEVMSQL"}, {"mail": false}]	2022-02-07 23:44:40.690224+00	\N	{"children": []}	"()"	"{}"	info_general.cron.check_st22_dumps_sin_class	celery@ip-3-3-4-86	2022-02-07 23:44:40.690202+00
82	ec0aaf81-c54a-400b-a191-43a2edf387b8	SUCCESS	application/json	utf-8	[{"cliente": "CJG", "dumps": 0, "sistema": "DEVMSSQL"}, {"cliente": "AMSCREW", "dumps": 0, "sistema": "DEV"}, {"cliente": "QSI", "dumps": 0, "sistema": "DEV"}, {"cliente": "MATHIESEN SAP", "dumps": 0, "sistema": "DS4"}, {"cliente": "MEDIFARMA", "dumps": 39, "sistema": "DEV"}, {"cliente": "CJG SANDBOX", "dumps": 39, "sistema": "DEVMSQL"}, {"mail": false}]	2022-02-07 23:54:40.840571+00	\N	{"children": []}	"()"	"{}"	info_general.cron.check_st22_dumps_sin_class	celery@ip-3-3-4-86	2022-02-07 23:54:40.840548+00
83	852fe4d9-da82-4ad4-b159-20aecd0db1a2	SUCCESS	application/json	utf-8	[{"cliente": "CJG", "dumps": 0, "sistema": "DEVMSSQL"}, {"cliente": "AMSCREW", "dumps": 0, "sistema": "DEV"}, {"cliente": "QSI", "dumps": 0, "sistema": "DEV"}, {"cliente": "MATHIESEN SAP", "dumps": 0, "sistema": "DS4"}, {"cliente": "MEDIFARMA", "dumps": 41, "sistema": "DEV"}, {"cliente": "CJG SANDBOX", "dumps": 41, "sistema": "DEVMSQL"}, {"mail": false}]	2022-02-08 00:04:41.23829+00	\N	{"children": []}	"()"	"{}"	info_general.cron.check_st22_dumps_sin_class	celery@ip-3-3-4-86	2022-02-08 00:04:41.238269+00
84	c5e057f7-4eb2-4eae-9ed1-2acb74a98e37	SUCCESS	application/json	utf-8	[{"cliente": "CJG", "dumps": 0, "sistema": "DEVMSSQL"}, {"cliente": "AMSCREW", "dumps": 0, "sistema": "DEV"}, {"cliente": "QSI", "dumps": 0, "sistema": "DEV"}, {"cliente": "MATHIESEN SAP", "dumps": 0, "sistema": "DS4"}, {"cliente": "MEDIFARMA", "dumps": 41, "sistema": "DEV"}, {"cliente": "CJG SANDBOX", "dumps": 41, "sistema": "DEVMSQL"}, {"mail": false}]	2022-02-08 00:14:41.304578+00	\N	{"children": []}	"()"	"{}"	info_general.cron.check_st22_dumps_sin_class	celery@ip-3-3-4-86	2022-02-08 00:14:41.304554+00
85	b07e905a-6b0a-40b8-affd-1f16979458dc	SUCCESS	application/json	utf-8	[{"cliente": "CJG", "dumps": 0, "sistema": "DEVMSSQL"}, {"cliente": "AMSCREW", "dumps": 0, "sistema": "DEV"}, {"cliente": "QSI", "dumps": 0, "sistema": "DEV"}, {"cliente": "MATHIESEN SAP", "dumps": 0, "sistema": "DS4"}, {"cliente": "MEDIFARMA", "dumps": 41, "sistema": "DEV"}, {"cliente": "CJG SANDBOX", "dumps": 41, "sistema": "DEVMSQL"}, {"mail": false}]	2022-02-08 00:24:40.827266+00	\N	{"children": []}	"()"	"{}"	info_general.cron.check_st22_dumps_sin_class	celery@ip-3-3-4-86	2022-02-08 00:24:40.827243+00
86	86a97607-5a7a-40dc-ab61-6052c5a66d34	SUCCESS	application/json	utf-8	[{"cliente": "CJG", "dumps": 0, "sistema": "DEVMSSQL"}, {"cliente": "AMSCREW", "dumps": 0, "sistema": "DEV"}, {"cliente": "QSI", "dumps": 0, "sistema": "DEV"}, {"cliente": "MATHIESEN SAP", "dumps": 0, "sistema": "DS4"}, {"cliente": "MEDIFARMA", "dumps": 41, "sistema": "DEV"}, {"cliente": "CJG SANDBOX", "dumps": 41, "sistema": "DEVMSQL"}, {"mail": false}]	2022-02-08 00:34:40.951108+00	\N	{"children": []}	"()"	"{}"	info_general.cron.check_st22_dumps_sin_class	celery@ip-3-3-4-86	2022-02-08 00:34:40.951087+00
87	b9d35656-7e57-4a00-b7c4-a8cd3f7436aa	SUCCESS	application/json	utf-8	[{"cliente": "CJG", "dumps": 0, "sistema": "DEVMSSQL"}, {"cliente": "AMSCREW", "dumps": 0, "sistema": "DEV"}, {"cliente": "QSI", "dumps": 0, "sistema": "DEV"}, {"cliente": "MATHIESEN SAP", "dumps": 0, "sistema": "DS4"}, {"cliente": "MEDIFARMA", "dumps": 53, "sistema": "DEV"}, {"cliente": "CJG SANDBOX", "dumps": 53, "sistema": "DEVMSQL"}, {"mail": false}]	2022-02-08 00:44:40.697197+00	\N	{"children": []}	"()"	"{}"	info_general.cron.check_st22_dumps_sin_class	celery@ip-3-3-4-86	2022-02-08 00:44:40.697175+00
88	ca875d39-6e4e-4423-9c63-89c8415162d5	SUCCESS	application/json	utf-8	[{"cliente": "CJG", "dumps": 0, "sistema": "DEVMSSQL"}, {"cliente": "AMSCREW", "dumps": 0, "sistema": "DEV"}, {"cliente": "QSI", "dumps": 0, "sistema": "DEV"}, {"cliente": "MATHIESEN SAP", "dumps": 0, "sistema": "DS4"}, {"cliente": "MEDIFARMA", "dumps": 53, "sistema": "DEV"}, {"cliente": "CJG SANDBOX", "dumps": 53, "sistema": "DEVMSQL"}, {"mail": false}]	2022-02-08 00:54:40.956699+00	\N	{"children": []}	"()"	"{}"	info_general.cron.check_st22_dumps_sin_class	celery@ip-3-3-4-86	2022-02-08 00:54:40.956677+00
89	8a8b0124-3d79-4df8-beb0-1bf004e58ab5	SUCCESS	application/json	utf-8	[{"cliente": "CJG", "dumps": 0, "sistema": "DEVMSSQL"}, {"cliente": "AMSCREW", "dumps": 0, "sistema": "DEV"}, {"cliente": "QSI", "dumps": 0, "sistema": "DEV"}, {"cliente": "MATHIESEN SAP", "dumps": 0, "sistema": "DS4"}, {"cliente": "MEDIFARMA", "dumps": 53, "sistema": "DEV"}, {"cliente": "CJG SANDBOX", "dumps": 53, "sistema": "DEVMSQL"}, {"mail": false}]	2022-02-08 01:04:40.700132+00	\N	{"children": []}	"()"	"{}"	info_general.cron.check_st22_dumps_sin_class	celery@ip-3-3-4-86	2022-02-08 01:04:40.700109+00
90	2dd8ab1d-7ab6-4370-ac08-f7c1ea2eb2d0	SUCCESS	application/json	utf-8	[{"cliente": "CJG", "dumps": 0, "sistema": "DEVMSSQL"}, {"cliente": "AMSCREW", "dumps": 0, "sistema": "DEV"}, {"cliente": "QSI", "dumps": 0, "sistema": "DEV"}, {"cliente": "MATHIESEN SAP", "dumps": 0, "sistema": "DS4"}, {"cliente": "MEDIFARMA", "dumps": 53, "sistema": "DEV"}, {"cliente": "CJG SANDBOX", "dumps": 53, "sistema": "DEVMSQL"}, {"mail": false}]	2022-02-08 01:14:40.929082+00	\N	{"children": []}	"()"	"{}"	info_general.cron.check_st22_dumps_sin_class	celery@ip-3-3-4-86	2022-02-08 01:14:40.92906+00
91	6fac9f63-a74a-46d7-a024-7e1f5cbcb805	SUCCESS	application/json	utf-8	[{"cliente": "CJG", "dumps": 0, "sistema": "DEVMSSQL"}, {"cliente": "AMSCREW", "dumps": 0, "sistema": "DEV"}, {"cliente": "QSI", "dumps": 0, "sistema": "DEV"}, {"cliente": "MATHIESEN SAP", "dumps": 0, "sistema": "DS4"}, {"cliente": "MEDIFARMA", "dumps": 53, "sistema": "DEV"}, {"cliente": "CJG SANDBOX", "dumps": 53, "sistema": "DEVMSQL"}, {"mail": false}]	2022-02-08 01:24:40.882297+00	\N	{"children": []}	"()"	"{}"	info_general.cron.check_st22_dumps_sin_class	celery@ip-3-3-4-86	2022-02-08 01:24:40.882273+00
92	1f6d9ff0-58ae-4ffe-b2d7-01c45c3ac931	SUCCESS	application/json	utf-8	[{"cliente": "CJG", "dumps": 0, "sistema": "DEVMSSQL"}, {"cliente": "AMSCREW", "dumps": 0, "sistema": "DEV"}, {"cliente": "QSI", "dumps": 0, "sistema": "DEV"}, {"cliente": "MATHIESEN SAP", "dumps": 0, "sistema": "DS4"}, {"cliente": "MEDIFARMA", "dumps": 53, "sistema": "DEV"}, {"cliente": "CJG SANDBOX", "dumps": 53, "sistema": "DEVMSQL"}, {"mail": false}]	2022-02-08 01:34:40.736183+00	\N	{"children": []}	"()"	"{}"	info_general.cron.check_st22_dumps_sin_class	celery@ip-3-3-4-86	2022-02-08 01:34:40.736162+00
93	d6c207cb-eb0c-4b82-9d09-b953e9feaa0d	SUCCESS	application/json	utf-8	[{"cliente": "CJG", "dumps": 0, "sistema": "DEVMSSQL"}, {"cliente": "AMSCREW", "dumps": 0, "sistema": "DEV"}, {"cliente": "QSI", "dumps": 0, "sistema": "DEV"}, {"cliente": "MATHIESEN SAP", "dumps": 0, "sistema": "DS4"}, {"cliente": "MEDIFARMA", "dumps": 53, "sistema": "DEV"}, {"cliente": "CJG SANDBOX", "dumps": 53, "sistema": "DEVMSQL"}, {"mail": false}]	2022-02-08 01:44:40.812877+00	\N	{"children": []}	"()"	"{}"	info_general.cron.check_st22_dumps_sin_class	celery@ip-3-3-4-86	2022-02-08 01:44:40.812854+00
94	c99935b3-81c5-43b6-9fc2-fcd5f65fb732	SUCCESS	application/json	utf-8	[{"cliente": "CJG", "dumps": 0, "sistema": "DEVMSSQL"}, {"cliente": "AMSCREW", "dumps": 0, "sistema": "DEV"}, {"cliente": "QSI", "dumps": 0, "sistema": "DEV"}, {"cliente": "MATHIESEN SAP", "dumps": 0, "sistema": "DS4"}, {"cliente": "MEDIFARMA", "dumps": 53, "sistema": "DEV"}, {"cliente": "CJG SANDBOX", "dumps": 53, "sistema": "DEVMSQL"}, {"mail": false}]	2022-02-08 01:54:40.732619+00	\N	{"children": []}	"()"	"{}"	info_general.cron.check_st22_dumps_sin_class	celery@ip-3-3-4-86	2022-02-08 01:54:40.732598+00
95	6c2e4860-32d9-485f-9e6e-1cf737873223	SUCCESS	application/json	utf-8	[{"cliente": "CJG", "dumps": 0, "sistema": "DEVMSSQL"}, {"cliente": "AMSCREW", "dumps": 0, "sistema": "DEV"}, {"cliente": "QSI", "dumps": 0, "sistema": "DEV"}, {"cliente": "MATHIESEN SAP", "dumps": 0, "sistema": "DS4"}, {"cliente": "MEDIFARMA", "dumps": 53, "sistema": "DEV"}, {"cliente": "CJG SANDBOX", "dumps": 53, "sistema": "DEVMSQL"}, {"mail": false}]	2022-02-08 02:04:58.72898+00	\N	{"children": []}	"()"	"{}"	info_general.cron.check_st22_dumps_sin_class	celery@ip-3-3-4-86	2022-02-08 02:04:58.724116+00
96	615f19d5-3cc6-4a32-8289-8e643fc9f39b	SUCCESS	application/json	utf-8	[{"cliente": "CJG", "dumps": 0, "sistema": "DEVMSSQL"}, {"cliente": "AMSCREW", "dumps": 0, "sistema": "DEV"}, {"cliente": "QSI", "dumps": 0, "sistema": "DEV"}, {"cliente": "MATHIESEN SAP", "dumps": 0, "sistema": "DS4"}, {"cliente": "MEDIFARMA", "dumps": 53, "sistema": "DEV"}, {"cliente": "CJG SANDBOX", "dumps": 53, "sistema": "DEVMSQL"}, {"mail": false}]	2022-02-08 02:14:42.148184+00	\N	{"children": []}	"()"	"{}"	info_general.cron.check_st22_dumps_sin_class	celery@ip-3-3-4-86	2022-02-08 02:14:42.148162+00
97	010bd381-dc65-43cd-a163-0e23e36389b6	SUCCESS	application/json	utf-8	[{"cliente": "CJG", "dumps": 0, "sistema": "DEVMSSQL"}, {"cliente": "AMSCREW", "dumps": 0, "sistema": "DEV"}, {"cliente": "QSI", "dumps": 0, "sistema": "DEV"}, {"cliente": "MATHIESEN SAP", "dumps": 0, "sistema": "DS4"}, {"cliente": "MEDIFARMA", "dumps": 53, "sistema": "DEV"}, {"cliente": "CJG SANDBOX", "dumps": 53, "sistema": "DEVMSQL"}, {"mail": false}]	2022-02-08 02:24:41.854993+00	\N	{"children": []}	"()"	"{}"	info_general.cron.check_st22_dumps_sin_class	celery@ip-3-3-4-86	2022-02-08 02:24:41.854972+00
118	5f6b9490-24c8-45fd-b12c-2a7cf9a8d7a4	SUCCESS	application/json	utf-8	null	2022-02-09 23:45:49.66626+00	\N	{"children": []}	"()"	"{}"	info_general.sap_tasks.CheckAlertIndicadoresSap	celery@ip-3-3-4-86	2022-02-09 23:45:49.665467+00
127	6320053a-7d35-4ce8-b231-eff3345421f8	SUCCESS	application/json	utf-8	""	2022-02-10 01:16:15.148901+00	\N	{"children": []}	"()"	"{}"	sap_task.st22	celery@ip-3-3-4-86	2022-02-10 01:16:15.148686+00
100	c1097892-aa18-4436-8689-429f1384778a	SUCCESS	application/json	utf-8	3	2022-02-09 15:19:26.450362+00	\N	{"children": []}	"(1, 2)"	"{}"	info_general.tasks.add	celery@ip-3-3-4-86	2022-02-09 15:19:26.450315+00
101	1068e469-8111-42ca-b3a6-e4c984d462e4	SUCCESS	application/json	utf-8	[{"cliente": "CJG", "dumps": 0, "sistema": "DEVMSSQL"}, {"cliente": "ARTEL", "dumps": 0, "sistema": "DEV"}, {"cliente": "AMSCREW", "dumps": 0, "sistema": "DEV"}, {"cliente": "QSI", "dumps": 0, "sistema": "DEV"}, {"cliente": "MATHIESEN SAP", "dumps": 0, "sistema": "DS4"}, {"cliente": "MEDIFARMA", "dumps": 12, "sistema": "DEV"}, {"cliente": "CJG SANDBOX", "dumps": 12, "sistema": "DEVMSQL"}, {"mail": false}]	2022-02-09 16:09:55.440406+00	\N	{"children": []}	"()"	"{}"	info_general.cron.check_st22_dumps_sin_class	celery@ip-3-3-4-86	2022-02-09 16:09:55.44038+00
99	c64e047d-bea8-4735-b35d-3cf1f163b340	FAILURE	application/json	utf-8	{"exc_type": "NotRegistered", "exc_message": ["info_general.sap_tasks.add"], "exc_module": "celery.exceptions"}	2022-02-09 19:19:24.117138+00	\N	{"children": []}	\N	\N	\N	\N	2022-02-09 15:18:12.225892+00
98	824d95b6-bb9f-4ffb-987d-f832d34cd4dc	FAILURE	application/json	utf-8	{"exc_type": "NotRegistered", "exc_message": ["info_general.sap_tasks.add"], "exc_module": "celery.exceptions"}	2022-02-09 19:19:24.181293+00	\N	{"children": []}	\N	\N	\N	\N	2022-02-09 15:13:18.286327+00
112	208e2198-be4f-41bd-ba62-5657c315992f	FAILURE	application/json	utf-8	{"exc_type": "NotRegistered", "exc_message": [null], "exc_module": "celery.exceptions"}	2022-02-09 21:11:20.926644+00	\N	{"children": []}	\N	\N	\N	\N	2022-02-09 21:02:35.039412+00
102	87f3c1d9-87a6-4fe5-bb08-0ffa00fac04f	SUCCESS	application/json	utf-8	[{"cliente": "CJG", "dumps": 0, "sistema": "DEVMSSQL"}, {"cliente": "ARTEL", "dumps": 0, "sistema": "DEV"}, {"cliente": "AMSCREW", "dumps": 0, "sistema": "DEV"}, {"cliente": "QSI", "dumps": 0, "sistema": "DEV"}, {"cliente": "MATHIESEN SAP", "dumps": 0, "sistema": "DS4"}, {"cliente": "MEDIFARMA", "dumps": 27, "sistema": "DEV"}, {"cliente": "CJG SANDBOX", "dumps": 27, "sistema": "DEVMSQL"}, {"mail": false}]	2022-02-09 19:23:23.167995+00	\N	{"children": []}	"()"	"{}"	info_general.cron.check_st22_dumps_sin_class	celery@ip-3-3-4-86	2022-02-09 19:23:23.167258+00
103	8f31845d-6268-4287-882f-ad7439b58fd6	SUCCESS	application/json	utf-8	[{"cliente": "CJG", "dumps": 0, "sistema": "DEVMSSQL"}, {"cliente": "ARTEL", "dumps": 0, "sistema": "DEV"}, {"cliente": "AMSCREW", "dumps": 0, "sistema": "DEV"}, {"cliente": "QSI", "dumps": 0, "sistema": "DEV"}, {"cliente": "MATHIESEN SAP", "dumps": 0, "sistema": "DS4"}, {"cliente": "MEDIFARMA", "dumps": 29, "sistema": "DEV"}, {"cliente": "CJG SANDBOX", "dumps": 29, "sistema": "DEVMSQL"}, {"mail": false}]	2022-02-09 19:33:23.085367+00	\N	{"children": []}	"()"	"{}"	info_general.cron.check_st22_dumps_sin_class	celery@ip-3-3-4-86	2022-02-09 19:33:23.085345+00
104	debb7b94-7da8-4d8c-b0b5-763a865d6a4a	SUCCESS	application/json	utf-8	[{"cliente": "CJG", "dumps": 0, "sistema": "DEVMSSQL"}, {"cliente": "ARTEL", "dumps": 0, "sistema": "DEV"}, {"cliente": "AMSCREW", "dumps": 0, "sistema": "DEV"}, {"cliente": "QSI", "dumps": 0, "sistema": "DEV"}, {"cliente": "MATHIESEN SAP", "dumps": 0, "sistema": "DS4"}, {"cliente": "MEDIFARMA", "dumps": 30, "sistema": "DEV"}, {"cliente": "CJG SANDBOX", "dumps": 30, "sistema": "DEVMSQL"}, {"mail": false}]	2022-02-09 19:45:23.918331+00	\N	{"children": []}	"()"	"{}"	info_general.cron.check_st22_dumps_sin_class	celery@ip-3-3-4-86	2022-02-09 19:45:23.917681+00
105	ba3f9f7e-a0af-4c16-a94b-878b1be9d623	FAILURE	application/json	utf-8	{"exc_type": "AttributeError", "exc_message": ["'str' object has no attribute 'clientes'"], "exc_module": "builtins"}	2022-02-09 19:45:23.992451+00	Traceback (most recent call last):\n  File "/home/DEV-ENV/DEV-ENV/lib/python3.8/site-packages/celery/app/trace.py", line 451, in trace_task\n    R = retval = fun(*args, **kwargs)\n  File "/home/DEV-ENV/DEV-ENV/lib/python3.8/site-packages/celery/app/trace.py", line 734, in __protected_call__\n    return self.run(*args, **kwargs)\n  File "/home/DEV-ENV/RFC-DEV/RFC-AWS/info_general/sap_tasks.py", line 80, in check_st22_dumps\n    for cliente in self.clientes:\nAttributeError: 'str' object has no attribute 'clientes'\n	{"children": []}	"['self']"	"{}"	sap_tasks.check_st22	celery@ip-3-3-4-86	2022-02-09 19:45:23.992427+00
106	03840081-11c6-4925-bb04-3b3bb7d64f0e	FAILURE	application/json	utf-8	{"exc_type": "AttributeError", "exc_message": ["'str' object has no attribute 'clientes'"], "exc_module": "builtins"}	2022-02-09 19:45:51.361222+00	Traceback (most recent call last):\n  File "/home/DEV-ENV/DEV-ENV/lib/python3.8/site-packages/celery/app/trace.py", line 451, in trace_task\n    R = retval = fun(*args, **kwargs)\n  File "/home/DEV-ENV/DEV-ENV/lib/python3.8/site-packages/celery/app/trace.py", line 734, in __protected_call__\n    return self.run(*args, **kwargs)\n  File "/home/DEV-ENV/RFC-DEV/RFC-AWS/info_general/sap_tasks.py", line 80, in check_st22_dumps\n    for cliente in self.clientes:\nAttributeError: 'str' object has no attribute 'clientes'\n	{"children": []}	"['self']"	"{}"	sap_tasks.check_st22	celery@ip-3-3-4-86	2022-02-09 19:45:51.361198+00
107	31f0fb3e-86b7-4313-bc6d-56fa1f13ee52	FAILURE	application/json	utf-8	{"exc_type": "AttributeError", "exc_message": ["'str' object has no attribute 'clientes'"], "exc_module": "builtins"}	2022-02-09 19:48:12.185085+00	Traceback (most recent call last):\n  File "/home/DEV-ENV/DEV-ENV/lib/python3.8/site-packages/celery/app/trace.py", line 451, in trace_task\n    R = retval = fun(*args, **kwargs)\n  File "/home/DEV-ENV/DEV-ENV/lib/python3.8/site-packages/celery/app/trace.py", line 734, in __protected_call__\n    return self.run(*args, **kwargs)\n  File "/home/DEV-ENV/RFC-DEV/RFC-AWS/info_general/sap_tasks.py", line 80, in check_st22_dumps\n    for cliente in self.clientes:\nAttributeError: 'str' object has no attribute 'clientes'\n	{"children": []}	"['self']"	"{}"	sap_tasks.check_st22	celery@ip-3-3-4-86	2022-02-09 19:48:12.185017+00
108	49f32230-6c2c-48ac-9296-71e133a172b3	FAILURE	application/json	utf-8	{"exc_type": "NameError", "exc_message": ["name 'self' is not defined"], "exc_module": "builtins"}	2022-02-09 19:59:41.682398+00	Traceback (most recent call last):\n  File "/home/DEV-ENV/DEV-ENV/lib/python3.8/site-packages/celery/app/trace.py", line 451, in trace_task\n    R = retval = fun(*args, **kwargs)\n  File "/home/DEV-ENV/DEV-ENV/lib/python3.8/site-packages/celery/app/trace.py", line 734, in __protected_call__\n    return self.run(*args, **kwargs)\n  File "/home/DEV-ENV/RFC-DEV/RFC-AWS/info_general/sap_tasks.py", line 80, in check_st22_dumps\n    for cliente in self.clientes:\nNameError: name 'self' is not defined\n	{"children": []}	"()"	"{}"	sap_tasks.check_st22	celery@ip-3-3-4-86	2022-02-09 19:59:41.682336+00
109	2699fa25-3e82-4659-807b-6509553bfb26	SUCCESS	application/json	utf-8	[{"cliente": "CJG", "dumps": 0, "sistema": "DEVMSSQL"}, {"cliente": "ARTEL", "dumps": 0, "sistema": "DEV"}, {"cliente": "AMSCREW", "dumps": 0, "sistema": "DEV"}, {"cliente": "QSI", "dumps": 0, "sistema": "DEV"}, {"cliente": "MATHIESEN SAP", "dumps": 0, "sistema": "DS4"}, {"cliente": "MEDIFARMA", "dumps": 30, "sistema": "DEV"}, {"cliente": "CJG SANDBOX", "dumps": 30, "sistema": "DEVMSQL"}, {"mail": false}]	2022-02-09 19:59:43.60195+00	\N	{"children": []}	"()"	"{}"	info_general.cron.check_st22_dumps_sin_class	celery@ip-3-3-4-86	2022-02-09 19:59:43.601927+00
110	291b2585-514a-4bc0-a96f-575dff4707b7	FAILURE	application/json	utf-8	{"exc_type": "TypeError", "exc_message": ["check_st22_dumps() missing 1 required positional argument: 'self'"], "exc_module": "builtins"}	2022-02-09 20:00:39.26473+00	Traceback (most recent call last):\n  File "/home/DEV-ENV/DEV-ENV/lib/python3.8/site-packages/celery/app/trace.py", line 451, in trace_task\n    R = retval = fun(*args, **kwargs)\n  File "/home/DEV-ENV/DEV-ENV/lib/python3.8/site-packages/celery/app/trace.py", line 734, in __protected_call__\n    return self.run(*args, **kwargs)\nTypeError: check_st22_dumps() missing 1 required positional argument: 'self'\n	{"children": []}	"()"	"{}"	sap_tasks.check_st22	celery@ip-3-3-4-86	2022-02-09 20:00:39.264682+00
119	beb19950-6de5-4af9-805e-996599bdebc3	SUCCESS	application/json	utf-8	null	2022-02-09 23:47:43.41554+00	\N	{"children": []}	"()"	"{}"	info_general.sap_tasks.CheckAlertIndicadoresSap	celery@ip-3-3-4-86	2022-02-09 23:47:43.415367+00
121	96151460-c7f2-42f5-b5ca-41d0f200e520	FAILURE	application/json	utf-8	{"exc_type": "TypeError", "exc_message": ["test() missing 2 required positional arguments: 'x' and 'y'"], "exc_module": "builtins"}	2022-02-09 23:50:30.088345+00	Traceback (most recent call last):\n  File "/home/DEV-ENV/DEV-ENV/lib/python3.8/site-packages/celery/app/trace.py", line 451, in trace_task\n    R = retval = fun(*args, **kwargs)\n  File "/home/DEV-ENV/DEV-ENV/lib/python3.8/site-packages/celery/app/trace.py", line 734, in __protected_call__\n    return self.run(*args, **kwargs)\n  File "/home/DEV-ENV/RFC-DEV/RFC-AWS/info_general/sap_tasks.py", line 24, in run\n    self.test()\nTypeError: test() missing 2 required positional arguments: 'x' and 'y'\n	{"children": []}	"(3, 4)"	"{}"	info_general.sap_tasks.CheckAlertIndicadoresSap	celery@ip-3-3-4-86	2022-02-09 23:50:30.088323+00
123	b56d9c6d-d1e5-4915-b959-6ba41bbf3034	SUCCESS	application/json	utf-8	null	2022-02-09 23:56:30.56018+00	\N	{"children": []}	"(1, 2)"	"{}"	info_general.sap_tasks.CheckAlertIndicadoresSap	celery@ip-3-3-4-86	2022-02-09 23:56:30.559983+00
128	22dedfbe-9905-4626-9c2c-7c0c27a18fd3	SUCCESS	application/json	utf-8	"tetst"	2022-02-10 01:22:09.438507+00	\N	{"children": []}	"()"	"{}"	info_general.tasks.st22	celery@ip-3-3-4-86	2022-02-10 01:22:09.438456+00
120	d536c86d-19d3-4255-85cd-02becf7ba923	FAILURE	application/json	utf-8	{"exc_type": "TypeError", "exc_message": ["test() missing 2 required positional arguments: 'x' and 'y'"], "exc_module": "builtins"}	2022-02-09 23:49:59.026271+00	Traceback (most recent call last):\n  File "/home/DEV-ENV/DEV-ENV/lib/python3.8/site-packages/celery/app/trace.py", line 451, in trace_task\n    R = retval = fun(*args, **kwargs)\n  File "/home/DEV-ENV/DEV-ENV/lib/python3.8/site-packages/celery/app/trace.py", line 734, in __protected_call__\n    return self.run(*args, **kwargs)\n  File "/home/DEV-ENV/RFC-DEV/RFC-AWS/info_general/sap_tasks.py", line 24, in run\n    self.test()\nTypeError: test() missing 2 required positional arguments: 'x' and 'y'\n	{"children": []}	"(1, 2)"	"{}"	info_general.sap_tasks.CheckAlertIndicadoresSap	celery@ip-3-3-4-86	2022-02-09 23:49:59.026221+00
122	13fdc25b-1a37-4d74-9d21-ab55dbb52cd7	FAILURE	application/json	utf-8	{"exc_type": "NameError", "exc_message": ["name 'x' is not defined"], "exc_module": "builtins"}	2022-02-09 23:55:03.342717+00	Traceback (most recent call last):\n  File "/home/DEV-ENV/DEV-ENV/lib/python3.8/site-packages/celery/app/trace.py", line 451, in trace_task\n    R = retval = fun(*args, **kwargs)\n  File "/home/DEV-ENV/DEV-ENV/lib/python3.8/site-packages/celery/app/trace.py", line 734, in __protected_call__\n    return self.run(*args, **kwargs)\n  File "/home/DEV-ENV/RFC-DEV/RFC-AWS/info_general/sap_tasks.py", line 24, in run\n    self.test(x,y)\nNameError: name 'x' is not defined\n	{"children": []}	"(1, 2)"	"{}"	info_general.sap_tasks.CheckAlertIndicadoresSap	celery@ip-3-3-4-86	2022-02-09 23:55:03.342668+00
124	101a6225-d14b-415a-ab26-9f754cbe47f6	SUCCESS	application/json	utf-8	null	2022-02-10 00:08:45.356457+00	\N	{"children": []}	"(1, 2)"	"{}"	sap_task.st22	celery@ip-3-3-4-86	2022-02-10 00:08:45.35629+00
126	6be9e2f9-cf37-4b12-8080-5993a7f5dcb6	SUCCESS	application/json	utf-8	[{"cliente": "CJG", "dumps": 0}, {"cliente": "ARTEL", "dumps": 0}, {"cliente": "AMSCREW", "dumps": 0}, {"cliente": "QSI", "dumps": 0}, {"cliente": "MATHIESEN SAP", "dumps": 0}, {"cliente": "MEDIFARMA", "dumps": 47}, {"cliente": "CJG SANDBOX", "dumps": 47}]	2022-02-10 00:12:03.317706+00	\N	{"children": []}	"()"	"{}"	sap_task.st22	celery@ip-3-3-4-86	2022-02-10 00:12:03.317679+00
129	2dfa6a68-f4eb-49c8-aaa1-196106bbc572	SUCCESS	application/json	utf-8	[{"cliente": "CJG", "dumps": 0}, {"cliente": "CJG", "dumps": 0}, {"cliente": "ARTEL", "dumps": 0}, {"cliente": "AMSCREW", "dumps": 0}, {"cliente": "QSI", "dumps": 0}, {"cliente": "MATHIESEN SAP", "dumps": 1}, {"cliente": "MEDIFARMA", "dumps": 29}, {"cliente": "CJG SANDBOX", "dumps": 29}]	2022-02-11 18:59:14.47025+00	\N	{"children": []}	"()"	"{}"	info_general.tasks.st22	celery@ip-3-3-4-86	2022-02-11 18:59:14.469635+00
130	03e52192-09c5-4a57-a6be-025faffd8907	SUCCESS	application/json	utf-8	[{"cliente": "CJG", "dumps": 0}, {"cliente": "CJG", "dumps": 0}, {"cliente": "ARTEL", "dumps": 0}, {"cliente": "AMSCREW", "dumps": 0}, {"cliente": "QSI", "dumps": 0}, {"cliente": "MATHIESEN SAP", "dumps": 1}, {"cliente": "MEDIFARMA", "dumps": 29}, {"cliente": "CJG SANDBOX", "dumps": 29}]	2022-02-11 19:09:15.027615+00	\N	{"children": []}	"()"	"{}"	info_general.tasks.st22	celery@ip-3-3-4-86	2022-02-11 19:09:15.027591+00
131	782d8261-36b8-404f-9cee-f88e34f854aa	FAILURE	application/json	utf-8	{"exc_type": "UnboundLocalError", "exc_message": ["local variable 'mail' referenced before assignment"], "exc_module": "builtins"}	2022-02-11 19:19:11.784502+00	Traceback (most recent call last):\n  File "/home/DEV-ENV/DEV-ENV/lib/python3.8/site-packages/celery/app/trace.py", line 451, in trace_task\n    R = retval = fun(*args, **kwargs)\n  File "/home/DEV-ENV/DEV-ENV/lib/python3.8/site-packages/celery/app/trace.py", line 734, in __protected_call__\n    return self.run(*args, **kwargs)\n  File "/home/DEV-ENV/RFC-DEV/RFC-AWS/info_general/tasks.py", line 22, in st22\n    st = clase.check_st22_dumps()\n  File "/home/DEV-ENV/RFC-DEV/RFC-AWS/info_general/sap_tasks.py", line 155, in check_st22_dumps\n    'mail': mail\nUnboundLocalError: local variable 'mail' referenced before assignment\n	{"children": []}	"()"	"{}"	info_general.tasks.st22	celery@ip-3-3-4-86	2022-02-11 19:19:11.784443+00
132	da509a14-d2dc-4113-8d52-c69b98d6525d	FAILURE	application/json	utf-8	{"exc_type": "UnboundLocalError", "exc_message": ["local variable 'mail' referenced before assignment"], "exc_module": "builtins"}	2022-02-11 19:29:11.697813+00	Traceback (most recent call last):\n  File "/home/DEV-ENV/DEV-ENV/lib/python3.8/site-packages/celery/app/trace.py", line 451, in trace_task\n    R = retval = fun(*args, **kwargs)\n  File "/home/DEV-ENV/DEV-ENV/lib/python3.8/site-packages/celery/app/trace.py", line 734, in __protected_call__\n    return self.run(*args, **kwargs)\n  File "/home/DEV-ENV/RFC-DEV/RFC-AWS/info_general/tasks.py", line 22, in st22\n    st = clase.check_st22_dumps()\n  File "/home/DEV-ENV/RFC-DEV/RFC-AWS/info_general/sap_tasks.py", line 155, in check_st22_dumps\n    'mail': mail\nUnboundLocalError: local variable 'mail' referenced before assignment\n	{"children": []}	"()"	"{}"	info_general.tasks.st22	celery@ip-3-3-4-86	2022-02-11 19:29:11.69779+00
133	f8ef75f0-9509-40d0-b4ee-b74cd77bcaf0	FAILURE	application/json	utf-8	{"exc_type": "KeyError", "exc_message": ["dumps"], "exc_module": "builtins"}	2022-02-11 19:39:11.780969+00	Traceback (most recent call last):\n  File "/home/DEV-ENV/DEV-ENV/lib/python3.8/site-packages/celery/app/trace.py", line 451, in trace_task\n    R = retval = fun(*args, **kwargs)\n  File "/home/DEV-ENV/DEV-ENV/lib/python3.8/site-packages/celery/app/trace.py", line 734, in __protected_call__\n    return self.run(*args, **kwargs)\n  File "/home/DEV-ENV/RFC-DEV/RFC-AWS/info_general/tasks.py", line 22, in st22\n  File "/home/DEV-ENV/RFC-DEV/RFC-AWS/info_general/sap_tasks.py", line 134, in check_st22_dumps\n    if info['dumps'] > 150:\nKeyError: 'dumps'\n	{"children": []}	"()"	"{}"	info_general.tasks.st22	celery@ip-3-3-4-86	2022-02-11 19:39:11.780922+00
138	35ca668c-122b-4a23-83b0-a65871b87cb4	SUCCESS	application/json	utf-8	[{"cliente": "CJG", "dumps": 0}, {"cliente": "CJG", "dumps": 0}, {"cliente": "ARTEL", "dumps": 0}, {"cliente": "AMSCREW", "dumps": 0}, {"cliente": "QSI", "dumps": 0}, {"cliente": "MATHIESEN SAP", "dumps": 1}, {"cliente": "MEDIFARMA", "dumps": 30}, {"cliente": "CJG SANDBOX", "dumps": 30}]	2022-02-11 19:59:13.857617+00	\N	{"children": [[["5ae147e3-5aca-4450-ac9d-bec7beae148a", null], null]]}	"()"	"{}"	info_general.tasks.st22	celery@ip-3-3-4-86	2022-02-11 19:59:13.85694+00
146	cd7a2753-24fb-4794-87b6-795f476612bc	SUCCESS	application/json	utf-8	null	2022-02-11 20:43:22.411518+00	\N	{"children": [[["29abbc00-5e4c-48eb-a19a-2c3c6d2b357d", null], null]]}	"()"	"{}"	info_general.tasks.chian_st22	celery@ip-3-3-4-86	2022-02-11 20:43:22.411469+00
117	65c5e95c-5b3b-47b0-95dd-044de90673ff	FAILURE	application/json	utf-8	{"exc_type": "NotRegistered", "exc_message": [null], "exc_module": "celery.exceptions"}	2022-02-09 21:11:14.494841+00	\N	{"children": []}	\N	\N	\N	\N	2022-02-09 21:11:14.494809+00
114	41a88a04-68a3-4bda-91bb-012e9a9a1909	FAILURE	application/json	utf-8	{"exc_type": "NotRegistered", "exc_message": [null], "exc_module": "celery.exceptions"}	2022-02-09 21:11:20.935002+00	\N	{"children": []}	\N	\N	\N	\N	2022-02-09 21:04:50.960127+00
116	55f13e1e-0bff-4f19-967a-08ab403fbcdc	FAILURE	application/json	utf-8	{"exc_type": "NotRegistered", "exc_message": [null], "exc_module": "celery.exceptions"}	2022-02-09 21:11:21.017364+00	\N	{"children": []}	\N	\N	\N	\N	2022-02-09 21:06:27.079708+00
115	4c0eb20f-d3d8-418c-b867-6414a5ce5cd9	FAILURE	application/json	utf-8	{"exc_type": "NotRegistered", "exc_message": [null], "exc_module": "celery.exceptions"}	2022-02-09 21:11:21.105997+00	\N	{"children": []}	\N	\N	\N	\N	2022-02-09 21:05:51.373046+00
113	9c285f4b-5a51-43b0-b0a1-08906e6cc57c	FAILURE	application/json	utf-8	{"exc_type": "NotRegistered", "exc_message": [null], "exc_module": "celery.exceptions"}	2022-02-09 21:11:21.112656+00	\N	{"children": []}	\N	\N	\N	\N	2022-02-09 21:03:09.95037+00
134	82fe86eb-e6bd-4de5-afb7-93ee1ed46dc1	FAILURE	application/json	utf-8	{"exc_type": "RuntimeError", "exc_message": ["Never call result.get() within a task!\\nSee http://docs.celeryq.org/en/latest/userguide/tasks.html#task-synchronous-subtasks\\n"], "exc_module": "builtins"}	2022-02-11 19:49:11.888111+00	Traceback (most recent call last):\n  File "/home/DEV-ENV/DEV-ENV/lib/python3.8/site-packages/celery/app/trace.py", line 451, in trace_task\n    R = retval = fun(*args, **kwargs)\n  File "/home/DEV-ENV/DEV-ENV/lib/python3.8/site-packages/celery/app/trace.py", line 734, in __protected_call__\n    return self.run(*args, **kwargs)\n  File "/home/DEV-ENV/RFC-DEV/RFC-AWS/info_general/tasks.py", line 21, in chian_st22\n    print(cadena.get())\n  File "/home/DEV-ENV/DEV-ENV/lib/python3.8/site-packages/celery/result.py", line 210, in get\n    assert_will_not_block()\n  File "/home/DEV-ENV/DEV-ENV/lib/python3.8/site-packages/celery/result.py", line 38, in assert_will_not_block\n    raise RuntimeError(E_WOULDBLOCK)\nRuntimeError: Never call result.get() within a task!\nSee http://docs.celeryq.org/en/latest/userguide/tasks.html#task-synchronous-subtasks\n\n	{"children": [[["32e78629-9568-460a-a77a-5c27b6d42874", null], null]]}	"()"	"{}"	info_general.tasks.chian_st22	celery@ip-3-3-4-86	2022-02-11 19:49:11.888021+00
135	32e78629-9568-460a-a77a-5c27b6d42874	FAILURE	application/json	utf-8	{"exc_type": "KeyError", "exc_message": ["dumps"], "exc_module": "builtins"}	2022-02-11 19:49:12.505954+00	Traceback (most recent call last):\n  File "/home/DEV-ENV/DEV-ENV/lib/python3.8/site-packages/celery/app/trace.py", line 451, in trace_task\n    R = retval = fun(*args, **kwargs)\n  File "/home/DEV-ENV/DEV-ENV/lib/python3.8/site-packages/celery/app/trace.py", line 734, in __protected_call__\n    return self.run(*args, **kwargs)\n  File "/home/DEV-ENV/RFC-DEV/RFC-AWS/info_general/tasks.py", line 32, in st22\n    st = clase.check_st22_dumps()\n  File "/home/DEV-ENV/RFC-DEV/RFC-AWS/info_general/sap_tasks.py", line 134, in check_st22_dumps\n    if info['dumps'] > 150:\nKeyError: 'dumps'\n	{"children": []}	"()"	"{}"	info_general.tasks.st22	celery@ip-3-3-4-86	2022-02-11 19:49:12.505931+00
136	e6ab13d5-b2a9-40db-8f9f-72dc48064fa4	FAILURE	application/json	utf-8	{"exc_type": "KeyError", "exc_message": ["dumps"], "exc_module": "builtins"}	2022-02-11 19:49:12.509353+00	Traceback (most recent call last):\n  File "/home/DEV-ENV/DEV-ENV/lib/python3.8/site-packages/celery/app/trace.py", line 451, in trace_task\n    R = retval = fun(*args, **kwargs)\n  File "/home/DEV-ENV/DEV-ENV/lib/python3.8/site-packages/celery/app/trace.py", line 734, in __protected_call__\n    return self.run(*args, **kwargs)\n  File "/home/DEV-ENV/RFC-DEV/RFC-AWS/info_general/tasks.py", line 32, in st22\n    st = clase.check_st22_dumps()\n  File "/home/DEV-ENV/RFC-DEV/RFC-AWS/info_general/sap_tasks.py", line 134, in check_st22_dumps\n    if info['dumps'] > 150:\nKeyError: 'dumps'\n	{"children": []}	[]	{}	info_general.tasks.mailer	\N	2022-02-11 19:49:12.509337+00
137	4dfb64dc-d9ab-4957-9878-a73277738244	FAILURE	application/json	utf-8	{"exc_type": "RuntimeError", "exc_message": ["Never call result.get() within a task!\\nSee http://docs.celeryq.org/en/latest/userguide/tasks.html#task-synchronous-subtasks\\n"], "exc_module": "builtins"}	2022-02-11 19:59:11.854046+00	Traceback (most recent call last):\n  File "/home/DEV-ENV/DEV-ENV/lib/python3.8/site-packages/celery/app/trace.py", line 451, in trace_task\n    R = retval = fun(*args, **kwargs)\n  File "/home/DEV-ENV/DEV-ENV/lib/python3.8/site-packages/celery/app/trace.py", line 734, in __protected_call__\n    return self.run(*args, **kwargs)\n  File "/home/DEV-ENV/RFC-DEV/RFC-AWS/info_general/tasks.py", line 21, in chian_st22\n    print(cadena.get())\n  File "/home/DEV-ENV/DEV-ENV/lib/python3.8/site-packages/celery/result.py", line 210, in get\n    assert_will_not_block()\n  File "/home/DEV-ENV/DEV-ENV/lib/python3.8/site-packages/celery/result.py", line 38, in assert_will_not_block\n    raise RuntimeError(E_WOULDBLOCK)\nRuntimeError: Never call result.get() within a task!\nSee http://docs.celeryq.org/en/latest/userguide/tasks.html#task-synchronous-subtasks\n\n	{"children": [[["35ca668c-122b-4a23-83b0-a65871b87cb4", null], null]]}	"()"	"{}"	info_general.tasks.chian_st22	celery@ip-3-3-4-86	2022-02-11 19:59:11.853994+00
139	5ae147e3-5aca-4450-ac9d-bec7beae148a	FAILURE	application/json	utf-8	{"exc_type": "KeyError", "exc_message": ["dumps"], "exc_module": "builtins"}	2022-02-11 19:59:13.913046+00	Traceback (most recent call last):\n  File "/home/DEV-ENV/DEV-ENV/lib/python3.8/site-packages/celery/app/trace.py", line 451, in trace_task\n    R = retval = fun(*args, **kwargs)\n  File "/home/DEV-ENV/DEV-ENV/lib/python3.8/site-packages/celery/app/trace.py", line 734, in __protected_call__\n    return self.run(*args, **kwargs)\n  File "/home/DEV-ENV/RFC-DEV/RFC-AWS/info_general/tasks.py", line 26, in mailer\n    mail = clase.envio_mail(data)\n  File "/home/DEV-ENV/RFC-DEV/RFC-AWS/info_general/sap_tasks.py", line 139, in envio_mail\n    if info['dumps'] > 150:\nKeyError: 'dumps'\n	{"children": []}	"([{'cliente': 'CJG', 'dumps': 0}, {'cliente': 'CJG', 'dumps': 0}, {'cliente': 'ARTEL', 'dumps': 0}, {'cliente': 'AMSCREW', 'dumps': 0}, {'cliente': 'QSI', 'dumps': 0}, {'cliente': 'MATHIESEN SAP', 'dumps': 1}, {'cliente': 'MEDIFARMA', 'dumps': 30}, {'cliente': 'CJG SANDBOX', 'dumps': 30}],)"	"{}"	info_general.tasks.mailer	celery@ip-3-3-4-86	2022-02-11 19:59:13.913023+00
140	776bcbe1-5a60-433e-84fe-2887ea7f8606	FAILURE	application/json	utf-8	{"exc_type": "RuntimeError", "exc_message": ["Never call result.get() within a task!\\nSee http://docs.celeryq.org/en/latest/userguide/tasks.html#task-synchronous-subtasks\\n"], "exc_module": "builtins"}	2022-02-11 20:23:29.3959+00	Traceback (most recent call last):\n  File "/home/DEV-ENV/DEV-ENV/lib/python3.8/site-packages/celery/app/trace.py", line 451, in trace_task\n    R = retval = fun(*args, **kwargs)\n  File "/home/DEV-ENV/DEV-ENV/lib/python3.8/site-packages/celery/app/trace.py", line 734, in __protected_call__\n    return self.run(*args, **kwargs)\n  File "/home/DEV-ENV/RFC-DEV/RFC-AWS/info_general/tasks.py", line 21, in chian_st22\n    print(cadena.get())\n  File "/home/DEV-ENV/DEV-ENV/lib/python3.8/site-packages/celery/result.py", line 210, in get\n    assert_will_not_block()\n  File "/home/DEV-ENV/DEV-ENV/lib/python3.8/site-packages/celery/result.py", line 38, in assert_will_not_block\n    raise RuntimeError(E_WOULDBLOCK)\nRuntimeError: Never call result.get() within a task!\nSee http://docs.celeryq.org/en/latest/userguide/tasks.html#task-synchronous-subtasks\n\n	{"children": [[["b0184eb1-65b9-4230-bb1e-a4aaf91bc0d6", null], null]]}	"()"	"{}"	info_general.tasks.chian_st22	celery@ip-3-3-4-86	2022-02-11 20:23:29.395845+00
141	b0184eb1-65b9-4230-bb1e-a4aaf91bc0d6	SUCCESS	application/json	utf-8	[{"cliente": "CJG", "dumps": 0}, {"cliente": "CJG", "dumps": 0}, {"cliente": "ARTEL", "dumps": 0}, {"cliente": "AMSCREW", "dumps": 0}, {"cliente": "QSI", "dumps": 0}, {"cliente": "MATHIESEN SAP", "dumps": 1}, {"cliente": "MEDIFARMA", "dumps": 30}, {"cliente": "CJG SANDBOX", "dumps": 30}]	2022-02-11 20:23:31.269389+00	\N	{"children": [[["9fb51620-eff6-4d68-b9bd-8540ff499497", null], null]]}	"()"	"{}"	info_general.tasks.st22	celery@ip-3-3-4-86	2022-02-11 20:23:31.269366+00
142	9fb51620-eff6-4d68-b9bd-8540ff499497	FAILURE	application/json	utf-8	{"exc_type": "NameError", "exc_message": ["name 'mail_data' is not defined"], "exc_module": "builtins"}	2022-02-11 20:23:31.317456+00	Traceback (most recent call last):\n  File "/home/DEV-ENV/DEV-ENV/lib/python3.8/site-packages/celery/app/trace.py", line 451, in trace_task\n    R = retval = fun(*args, **kwargs)\n  File "/home/DEV-ENV/DEV-ENV/lib/python3.8/site-packages/celery/app/trace.py", line 734, in __protected_call__\n    return self.run(*args, **kwargs)\n  File "/home/DEV-ENV/RFC-DEV/RFC-AWS/info_general/tasks.py", line 27, in mailer\n    return mail_data\nNameError: name 'mail_data' is not defined\n	{"children": []}	"([{'cliente': 'CJG', 'dumps': 0}, {'cliente': 'CJG', 'dumps': 0}, {'cliente': 'ARTEL', 'dumps': 0}, {'cliente': 'AMSCREW', 'dumps': 0}, {'cliente': 'QSI', 'dumps': 0}, {'cliente': 'MATHIESEN SAP', 'dumps': 1}, {'cliente': 'MEDIFARMA', 'dumps': 30}, {'cliente': 'CJG SANDBOX', 'dumps': 30}],)"	"{}"	info_general.tasks.mailer	celery@ip-3-3-4-86	2022-02-11 20:23:31.317431+00
143	7a08f4af-1108-4d63-b988-88c21c8c71b3	FAILURE	application/json	utf-8	{"exc_type": "RuntimeError", "exc_message": ["Never call result.get() within a task!\\nSee http://docs.celeryq.org/en/latest/userguide/tasks.html#task-synchronous-subtasks\\n"], "exc_module": "builtins"}	2022-02-11 20:33:22.40765+00	Traceback (most recent call last):\n  File "/home/DEV-ENV/DEV-ENV/lib/python3.8/site-packages/celery/app/trace.py", line 451, in trace_task\n    R = retval = fun(*args, **kwargs)\n  File "/home/DEV-ENV/DEV-ENV/lib/python3.8/site-packages/celery/app/trace.py", line 734, in __protected_call__\n    return self.run(*args, **kwargs)\n  File "/home/DEV-ENV/RFC-DEV/RFC-AWS/info_general/tasks.py", line 21, in chian_st22\n    print(cadena.get())\n  File "/home/DEV-ENV/DEV-ENV/lib/python3.8/site-packages/celery/result.py", line 210, in get\n    assert_will_not_block()\n  File "/home/DEV-ENV/DEV-ENV/lib/python3.8/site-packages/celery/result.py", line 38, in assert_will_not_block\n    raise RuntimeError(E_WOULDBLOCK)\nRuntimeError: Never call result.get() within a task!\nSee http://docs.celeryq.org/en/latest/userguide/tasks.html#task-synchronous-subtasks\n\n	{"children": [[["16432e6c-9212-4160-ae5d-076f22335580", null], null]]}	"()"	"{}"	info_general.tasks.chian_st22	celery@ip-3-3-4-86	2022-02-11 20:33:22.407601+00
144	16432e6c-9212-4160-ae5d-076f22335580	SUCCESS	application/json	utf-8	[{"cliente": "CJG", "dumps": 0}, {"cliente": "CJG", "dumps": 0}, {"cliente": "ARTEL", "dumps": 0}, {"cliente": "AMSCREW", "dumps": 0}, {"cliente": "QSI", "dumps": 0}, {"cliente": "MATHIESEN SAP", "dumps": 1}, {"cliente": "MEDIFARMA", "dumps": 35}, {"cliente": "CJG SANDBOX", "dumps": 35}]	2022-02-11 20:33:24.380319+00	\N	{"children": [[["2e95b831-ce6c-4dc0-b203-5f1e53830754", null], null]]}	"()"	"{}"	info_general.tasks.st22	celery@ip-3-3-4-86	2022-02-11 20:33:24.380296+00
145	2e95b831-ce6c-4dc0-b203-5f1e53830754	SUCCESS	application/json	utf-8	[{"cliente": "CJG", "mail": false}, {"cliente": "CJG", "mail": false}, {"cliente": "ARTEL", "mail": false}, {"cliente": "AMSCREW", "mail": false}, {"cliente": "QSI", "mail": false}, {"cliente": "MATHIESEN SAP", "mail": false}, {"cliente": "MEDIFARMA", "mail": false}, {"cliente": "CJG SANDBOX", "mail": false}]	2022-02-11 20:33:24.429944+00	\N	{"children": []}	"([{'cliente': 'CJG', 'dumps': 0}, {'cliente': 'CJG', 'dumps': 0}, {'cliente': 'ARTEL', 'dumps': 0}, {'cliente': 'AMSCREW', 'dumps': 0}, {'cliente': 'QSI', 'dumps': 0}, {'cliente': 'MATHIESEN SAP', 'dumps': 1}, {'cliente': 'MEDIFARMA', 'dumps': 35}, {'cliente': 'CJG SANDBOX', 'dumps': 35}],)"	"{}"	info_general.tasks.mailer	celery@ip-3-3-4-86	2022-02-11 20:33:24.429918+00
147	29abbc00-5e4c-48eb-a19a-2c3c6d2b357d	SUCCESS	application/json	utf-8	[{"cliente": "CJG", "dumps": 0}, {"cliente": "CJG", "dumps": 0}, {"cliente": "ARTEL", "dumps": 0}, {"cliente": "AMSCREW", "dumps": 0}, {"cliente": "QSI", "dumps": 0}, {"cliente": "MATHIESEN SAP", "dumps": 1}, {"cliente": "MEDIFARMA", "dumps": 37}, {"cliente": "CJG SANDBOX", "dumps": 37}]	2022-02-11 20:43:24.342235+00	\N	{"children": [[["f046b0c5-64f3-4a3f-8476-864f5a6e0ed0", null], null]]}	"()"	"{}"	info_general.tasks.st22	celery@ip-3-3-4-86	2022-02-11 20:43:24.341392+00
148	f046b0c5-64f3-4a3f-8476-864f5a6e0ed0	SUCCESS	application/json	utf-8	[{"cliente": "CJG", "mail": false}, {"cliente": "CJG", "mail": false}, {"cliente": "ARTEL", "mail": false}, {"cliente": "AMSCREW", "mail": false}, {"cliente": "QSI", "mail": false}, {"cliente": "MATHIESEN SAP", "mail": false}, {"cliente": "MEDIFARMA", "mail": false}, {"cliente": "CJG SANDBOX", "mail": false}]	2022-02-11 20:43:24.391129+00	\N	{"children": []}	"([{'cliente': 'CJG', 'dumps': 0}, {'cliente': 'CJG', 'dumps': 0}, {'cliente': 'ARTEL', 'dumps': 0}, {'cliente': 'AMSCREW', 'dumps': 0}, {'cliente': 'QSI', 'dumps': 0}, {'cliente': 'MATHIESEN SAP', 'dumps': 1}, {'cliente': 'MEDIFARMA', 'dumps': 37}, {'cliente': 'CJG SANDBOX', 'dumps': 37}],)"	"{}"	info_general.tasks.mailer	celery@ip-3-3-4-86	2022-02-11 20:43:24.391106+00
149	d5f84cfb-33a7-45f1-9caf-32b5fe8cc43f	SUCCESS	application/json	utf-8	null	2022-02-11 20:53:22.300881+00	\N	{"children": [[["5fc6aac0-29ab-4143-805c-b33d6c721abf", null], null]]}	"()"	"{}"	info_general.tasks.chian_st22	celery@ip-3-3-4-86	2022-02-11 20:53:22.300856+00
150	5fc6aac0-29ab-4143-805c-b33d6c721abf	SUCCESS	application/json	utf-8	[{"cliente": "CJG", "dumps": 0}, {"cliente": "CJG", "dumps": 0}, {"cliente": "ARTEL", "dumps": 0}, {"cliente": "AMSCREW", "dumps": 0}, {"cliente": "QSI", "dumps": 0}, {"cliente": "MATHIESEN SAP", "dumps": 1}, {"cliente": "MEDIFARMA", "dumps": 37}, {"cliente": "CJG SANDBOX", "dumps": 37}]	2022-02-11 20:53:24.610717+00	\N	{"children": [[["12a0b2e8-f5a4-4293-af17-5467e0d0e5d8", null], null]]}	"()"	"{}"	info_general.tasks.st22	celery@ip-3-3-4-86	2022-02-11 20:53:24.610692+00
151	12a0b2e8-f5a4-4293-af17-5467e0d0e5d8	SUCCESS	application/json	utf-8	[{"cliente": "CJG", "mail": false}, {"cliente": "CJG", "mail": false}, {"cliente": "ARTEL", "mail": false}, {"cliente": "AMSCREW", "mail": false}, {"cliente": "QSI", "mail": false}, {"cliente": "MATHIESEN SAP", "mail": false}, {"cliente": "MEDIFARMA", "mail": false}, {"cliente": "CJG SANDBOX", "mail": false}]	2022-02-11 20:53:24.636786+00	\N	{"children": []}	"([{'cliente': 'CJG', 'dumps': 0}, {'cliente': 'CJG', 'dumps': 0}, {'cliente': 'ARTEL', 'dumps': 0}, {'cliente': 'AMSCREW', 'dumps': 0}, {'cliente': 'QSI', 'dumps': 0}, {'cliente': 'MATHIESEN SAP', 'dumps': 1}, {'cliente': 'MEDIFARMA', 'dumps': 37}, {'cliente': 'CJG SANDBOX', 'dumps': 37}],)"	"{}"	info_general.tasks.mailer	celery@ip-3-3-4-86	2022-02-11 20:53:24.636763+00
152	2b03230a-2f4a-4611-8b79-0a20b82f7bab	SUCCESS	application/json	utf-8	null	2022-02-11 21:03:22.305338+00	\N	{"children": [[["4a5722fd-e5ad-4be5-9237-b83315d24d4f", null], null]]}	"()"	"{}"	info_general.tasks.chian_st22	celery@ip-3-3-4-86	2022-02-11 21:03:22.305313+00
153	4a5722fd-e5ad-4be5-9237-b83315d24d4f	SUCCESS	application/json	utf-8	[{"cliente": "CJG", "dumps": 0}, {"cliente": "CJG", "dumps": 0}, {"cliente": "ARTEL", "dumps": 0}, {"cliente": "AMSCREW", "dumps": 0}, {"cliente": "QSI", "dumps": 0}, {"cliente": "MATHIESEN SAP", "dumps": 1}, {"cliente": "MEDIFARMA", "dumps": 37}, {"cliente": "CJG SANDBOX", "dumps": 37}]	2022-02-11 21:03:24.712909+00	\N	{"children": [[["a01100fd-94bd-49ae-9854-31114103eb92", null], null]]}	"()"	"{}"	info_general.tasks.st22	celery@ip-3-3-4-86	2022-02-11 21:03:24.712884+00
154	a01100fd-94bd-49ae-9854-31114103eb92	SUCCESS	application/json	utf-8	[{"cliente": "CJG", "mail": false}, {"cliente": "CJG", "mail": false}, {"cliente": "ARTEL", "mail": false}, {"cliente": "AMSCREW", "mail": false}, {"cliente": "QSI", "mail": false}, {"cliente": "MATHIESEN SAP", "mail": false}, {"cliente": "MEDIFARMA", "mail": false}, {"cliente": "CJG SANDBOX", "mail": false}]	2022-02-11 21:03:24.738162+00	\N	{"children": []}	"([{'cliente': 'CJG', 'dumps': 0}, {'cliente': 'CJG', 'dumps': 0}, {'cliente': 'ARTEL', 'dumps': 0}, {'cliente': 'AMSCREW', 'dumps': 0}, {'cliente': 'QSI', 'dumps': 0}, {'cliente': 'MATHIESEN SAP', 'dumps': 1}, {'cliente': 'MEDIFARMA', 'dumps': 37}, {'cliente': 'CJG SANDBOX', 'dumps': 37}],)"	"{}"	info_general.tasks.mailer	celery@ip-3-3-4-86	2022-02-11 21:03:24.738139+00
155	5b5dfb66-5167-443a-b1f6-9b3941622cc4	SUCCESS	application/json	utf-8	null	2022-02-11 21:13:22.432822+00	\N	{"children": [[["0072dcb0-cfcb-4d5f-bafa-4f039340172c", null], null]]}	"()"	"{}"	info_general.tasks.chian_st22	celery@ip-3-3-4-86	2022-02-11 21:13:22.43275+00
156	0072dcb0-cfcb-4d5f-bafa-4f039340172c	SUCCESS	application/json	utf-8	[{"cliente": "CJG", "dumps": 0, "sistema": "DEV"}, {"cliente": "CJG", "dumps": 0, "sistema": "DEVMSSQL"}, {"cliente": "ARTEL", "dumps": 0, "sistema": "DEV"}, {"cliente": "AMSCREW", "dumps": 0, "sistema": "DEV"}, {"cliente": "QSI", "dumps": 0, "sistema": "DEV"}, {"cliente": "MATHIESEN SAP", "dumps": 1, "sistema": "DS4"}, {"cliente": "MEDIFARMA", "dumps": 40, "sistema": "DEV"}, {"cliente": "CJG SANDBOX", "dumps": 40, "sistema": "DEVMSQL"}]	2022-02-11 21:13:24.427882+00	\N	{"children": [[["704225a1-ad70-438e-bc65-114f136c898d", null], null]]}	"()"	"{}"	info_general.tasks.st22	celery@ip-3-3-4-86	2022-02-11 21:13:24.427858+00
157	704225a1-ad70-438e-bc65-114f136c898d	FAILURE	application/json	utf-8	{"exc_type": "AttributeError", "exc_message": ["'CheckAlertIndicadoresSap' object has no attribute 'envio_mail'"], "exc_module": "builtins"}	2022-02-11 21:13:24.476016+00	Traceback (most recent call last):\n  File "/home/DEV-ENV/DEV-ENV/lib/python3.8/site-packages/celery/app/trace.py", line 451, in trace_task\n    R = retval = fun(*args, **kwargs)\n  File "/home/DEV-ENV/DEV-ENV/lib/python3.8/site-packages/celery/app/trace.py", line 734, in __protected_call__\n    return self.run(*args, **kwargs)\n  File "/home/DEV-ENV/RFC-DEV/RFC-AWS/info_general/tasks.py", line 26, in mailer\n    mail = clase.envio_mail(data)\nAttributeError: 'CheckAlertIndicadoresSap' object has no attribute 'envio_mail'\n	{"children": []}	"([{'cliente': 'CJG', 'dumps': 0, 'sistema': 'DEV'}, {'cliente': 'CJG', 'dumps': 0, 'sistema': 'DEVMSSQL'}, {'cliente': 'ARTEL', 'dumps': 0, 'sistema': 'DEV'}, {'cliente': 'AMSCREW', 'dumps': 0, 'sistema': 'DEV'}, {'cliente': 'QSI', 'dumps': 0, 'sistema': 'DEV'}, {'cliente': 'MATHIESEN SAP', 'dumps': 1, 'sistema': 'DS4'}, {'cliente': 'MEDIFARMA', 'dumps': 40, 'sistema': 'DEV'}, {'cliente': 'CJG SANDBOX', 'dumps': 40, 'sistema': 'DEVMSQL'}],)"	"{}"	info_general.tasks.mailer	celery@ip-3-3-4-86	2022-02-11 21:13:24.475991+00
158	6b89981e-1779-4d56-b07d-cbe7f22def09	SUCCESS	application/json	utf-8	null	2022-02-11 21:23:22.408116+00	\N	{"children": [[["1c5b9320-29d0-4e1a-b6a1-0350b93b881a", null], null]]}	"()"	"{}"	info_general.tasks.chian_st22	celery@ip-3-3-4-86	2022-02-11 21:23:22.408026+00
159	1c5b9320-29d0-4e1a-b6a1-0350b93b881a	SUCCESS	application/json	utf-8	[{"cliente": "CJG", "dumps": 0, "sistema": "DEV"}, {"cliente": "CJG", "dumps": 0, "sistema": "DEVMSSQL"}, {"cliente": "ARTEL", "dumps": 0, "sistema": "DEV"}, {"cliente": "AMSCREW", "dumps": 0, "sistema": "DEV"}, {"cliente": "QSI", "dumps": 0, "sistema": "DEV"}, {"cliente": "MATHIESEN SAP", "dumps": 1, "sistema": "DS4"}, {"cliente": "MEDIFARMA", "dumps": 40, "sistema": "DEV"}, {"cliente": "CJG SANDBOX", "dumps": 40, "sistema": "DEVMSQL"}]	2022-02-11 21:23:24.629176+00	\N	{"children": [[["834a6bb8-f6ef-4e96-b474-2826ced019c4", null], null]]}	"()"	"{}"	info_general.tasks.st22	celery@ip-3-3-4-86	2022-02-11 21:23:24.629129+00
160	834a6bb8-f6ef-4e96-b474-2826ced019c4	SUCCESS	application/json	utf-8	[{"cliente": "CJG", "mail": false, "sistema": "DEV"}, {"cliente": "CJG", "mail": false, "sistema": "DEVMSSQL"}, {"cliente": "ARTEL", "mail": false, "sistema": "DEV"}, {"cliente": "AMSCREW", "mail": false, "sistema": "DEV"}, {"cliente": "QSI", "mail": false, "sistema": "DEV"}, {"cliente": "MATHIESEN SAP", "mail": false, "sistema": "DS4"}, {"cliente": "MEDIFARMA", "mail": false, "sistema": "DEV"}, {"cliente": "CJG SANDBOX", "mail": false, "sistema": "DEVMSQL"}]	2022-02-11 21:23:24.677029+00	\N	{"children": []}	"([{'cliente': 'CJG', 'dumps': 0, 'sistema': 'DEV'}, {'cliente': 'CJG', 'dumps': 0, 'sistema': 'DEVMSSQL'}, {'cliente': 'ARTEL', 'dumps': 0, 'sistema': 'DEV'}, {'cliente': 'AMSCREW', 'dumps': 0, 'sistema': 'DEV'}, {'cliente': 'QSI', 'dumps': 0, 'sistema': 'DEV'}, {'cliente': 'MATHIESEN SAP', 'dumps': 1, 'sistema': 'DS4'}, {'cliente': 'MEDIFARMA', 'dumps': 40, 'sistema': 'DEV'}, {'cliente': 'CJG SANDBOX', 'dumps': 40, 'sistema': 'DEVMSQL'}],)"	"{}"	info_general.tasks.mailer	celery@ip-3-3-4-86	2022-02-11 21:23:24.677003+00
161	5e5013bf-53af-4a2c-8aee-e1e954c117cb	SUCCESS	application/json	utf-8	3	2022-02-14 13:59:36.527616+00	\N	{"children": []}	"(1, 2)"	"{}"	info_general.tasks.add	celery@ip-3-3-4-86	2022-02-14 13:59:36.527553+00
162	86f6846f-35c0-48ea-bb08-40af4b8c2924	SUCCESS	application/json	utf-8	3	2022-02-14 14:00:21.295054+00	\N	{"children": []}	"[1, 2]"	"{}"	info_general.tasks.add	celery@ip-3-3-4-86	2022-02-14 14:00:21.295029+00
163	dac0914e-90dd-4b9e-bae1-f2b25a9ef297	SUCCESS	application/json	utf-8	[{"cliente": "CJG", "dumps": 0, "sistema": "DEV"}, {"cliente": "CJG", "dumps": 0, "sistema": "DEVMSSQL"}, {"cliente": "ARTEL", "dumps": 0, "sistema": "DEV"}, {"cliente": "AMSCREW", "dumps": 0, "sistema": "DEV"}, {"cliente": "QSI", "dumps": 0, "sistema": "DEV"}, {"cliente": "MATHIESEN SAP", "dumps": 0, "sistema": "DS4"}, {"cliente": "MEDIFARMA", "dumps": 2, "sistema": "DEV"}, {"cliente": "CJG SANDBOX", "dumps": 2, "sistema": "DEVMSQL"}]	2022-02-14 14:18:59.348233+00	\N	{"children": []}	"()"	"{}"	info_general.tasks.alerta_st22	celery@ip-3-3-4-86	2022-02-14 14:18:59.348201+00
167	7e06f2b1-96fb-48a5-a6eb-c4c4747e57a3	FAILURE	application/json	utf-8	{"exc_type": "IntegrityError", "exc_message": ["null value in column \\"status\\" violates not-null constraint\\nDETAIL:  Failing row contains (166, FAILURE, null, application/json, utf-8, null, 2022-02-14 14:31:58.614002+00, null, {\\"children\\": []}, \\"(1, 1)\\", \\"{}\\", info_general.tasks.add, celery@ip-3-3-4-86, 2022-02-14 14:31:58.613986+00).\\n"], "exc_module": "django.db.utils"}	2022-02-14 14:31:58.631747+00	Traceback (most recent call last):\n  File "/home/DEV-ENV/DEV-ENV/lib/python3.8/site-packages/django/db/models/query.py", line 573, in get_or_create\n    return self.get(**kwargs), False\n  File "/home/DEV-ENV/DEV-ENV/lib/python3.8/site-packages/django/db/models/query.py", line 429, in get\n    raise self.model.DoesNotExist(\ndjango_celery_results.models.TaskResult.DoesNotExist: TaskResult matching query does not exist.\n\nDuring handling of the above exception, another exception occurred:\n\nTraceback (most recent call last):\n  File "/home/DEV-ENV/DEV-ENV/lib/python3.8/site-packages/django/db/backends/utils.py", line 84, in _execute\n    return self.cursor.execute(sql, params)\npsycopg2.errors.NotNullViolation: null value in column "status" violates not-null constraint\nDETAIL:  Failing row contains (166, FAILURE, null, application/json, utf-8, null, 2022-02-14 14:31:58.614002+00, null, {"children": []}, "(1, 1)", "{}", info_general.tasks.add, celery@ip-3-3-4-86, 2022-02-14 14:31:58.613986+00).\n\n\nThe above exception was the direct cause of the following exception:\n\nTraceback (most recent call last):\n  File "/home/DEV-ENV/DEV-ENV/lib/python3.8/site-packages/celery/app/trace.py", line 451, in trace_task\n    R = retval = fun(*args, **kwargs)\n  File "/home/DEV-ENV/DEV-ENV/lib/python3.8/site-packages/celery/app/trace.py", line 734, in __protected_call__\n    return self.run(*args, **kwargs)\n  File "/home/DEV-ENV/RFC-DEV/RFC-AWS/info_general/tasks.py", line 38, in add\n    current_task.update_state('FAILURE')\n  File "/home/DEV-ENV/DEV-ENV/lib/python3.8/site-packages/celery/app/task.py", line 976, in update_state\n    self.backend.store_result(\n  File "/home/DEV-ENV/DEV-ENV/lib/python3.8/site-packages/celery/backends/base.py", line 528, in store_result\n    self._store_result(task_id, result, state, traceback,\n  File "/home/DEV-ENV/DEV-ENV/lib/python3.8/site-packages/django_celery_results/backends/database.py", line 66, in _store_result\n    self.TaskModel._default_manager.store_result(\n  File "/home/DEV-ENV/DEV-ENV/lib/python3.8/site-packages/django_celery_results/managers.py", line 46, in _inner\n    return fun(*args, **kwargs)\n  File "/home/DEV-ENV/DEV-ENV/lib/python3.8/site-packages/django_celery_results/managers.py", line 168, in store_result\n    obj, created = self.using(using).get_or_create(task_id=task_id,\n  File "/home/DEV-ENV/DEV-ENV/lib/python3.8/site-packages/django/db/models/query.py", line 576, in get_or_create\n    return self._create_object_from_params(kwargs, params)\n  File "/home/DEV-ENV/DEV-ENV/lib/python3.8/site-packages/django/db/models/query.py", line 610, in _create_object_from_params\n    obj = self.create(**params)\n  File "/home/DEV-ENV/DEV-ENV/lib/python3.8/site-packages/django/db/models/query.py", line 447, in create\n    obj.save(force_insert=True, using=self.db)\n  File "/home/DEV-ENV/DEV-ENV/lib/python3.8/site-packages/django/db/models/base.py", line 753, in save\n    self.save_base(using=using, force_insert=force_insert,\n  File "/home/DEV-ENV/DEV-ENV/lib/python3.8/site-packages/django/db/models/base.py", line 790, in save_base\n    updated = self._save_table(\n  File "/home/DEV-ENV/DEV-ENV/lib/python3.8/site-packages/django/db/models/base.py", line 895, in _save_table\n    results = self._do_insert(cls._base_manager, using, fields, returning_fields, raw)\n  File "/home/DEV-ENV/DEV-ENV/lib/python3.8/site-packages/django/db/models/base.py", line 933, in _do_insert\n    return manager._insert(\n  File "/home/DEV-ENV/DEV-ENV/lib/python3.8/site-packages/django/db/models/manager.py", line 85, in manager_method\n    return getattr(self.get_queryset(), name)(*args, **kwargs)\n  File "/home/DEV-ENV/DEV-ENV/lib/python3.8/site-packages/django/db/models/query.py", line 1254, in _insert\n    return query.get_compiler(using=using).execute_sql(returning_fields)\n  File "/home/DEV-ENV/DEV-ENV/lib/python3.8/site-packages/django/db/models/sql/compiler.py", line 1397, in execute_sql\n    cursor.execute(sql, params)\n  File "/home/DEV-ENV/DEV-ENV/lib/python3.8/site-packages/django/db/backends/utils.py", line 98, in execute\n    return super().execute(sql, params)\n  File "/home/DEV-ENV/DEV-ENV/lib/python3.8/site-packages/django/db/backends/utils.py", line 66, in execute\n    return self._execute_with_wrappers(sql, params, many=False, executor=self._execute)\n  File "/home/DEV-ENV/DEV-ENV/lib/python3.8/site-packages/django/db/backends/utils.py", line 75, in _execute_with_wrappers\n    return executor(sql, params, many, context)\n  File "/home/DEV-ENV/DEV-ENV/lib/python3.8/site-packages/django/db/backends/utils.py", line 84, in _execute\n    return self.cursor.execute(sql, params)\n  File "/home/DEV-ENV/DEV-ENV/lib/python3.8/site-packages/django/db/utils.py", line 90, in __exit__\n    raise dj_exc_value.with_traceback(traceback) from exc_value\n  File "/home/DEV-ENV/DEV-ENV/lib/python3.8/site-packages/django/db/backends/utils.py", line 84, in _execute\n    return self.cursor.execute(sql, params)\ndjango.db.utils.IntegrityError: null value in column "status" violates not-null constraint\nDETAIL:  Failing row contains (166, FAILURE, null, application/json, utf-8, null, 2022-02-14 14:31:58.614002+00, null, {"children": []}, "(1, 1)", "{}", info_general.tasks.add, celery@ip-3-3-4-86, 2022-02-14 14:31:58.613986+00).\n\n	{"children": []}	"(1, 1)"	"{}"	info_general.tasks.add	celery@ip-3-3-4-86	2022-02-14 14:31:58.631728+00
171	089d2aad-cdd5-4131-adeb-13b88974b188	FAILURE	application/json	utf-8	{"exc_type": "IntegrityError", "exc_message": ["null value in column \\"status\\" violates not-null constraint\\nDETAIL:  Failing row contains (170, FAILURE, null, application/json, utf-8, null, 2022-02-14 14:32:58.841847+00, null, {\\"children\\": []}, \\"(1, 1)\\", \\"{}\\", info_general.tasks.add, celery@ip-3-3-4-86, 2022-02-14 14:32:58.841832+00).\\n"], "exc_module": "django.db.utils"}	2022-02-14 14:32:58.846291+00	Traceback (most recent call last):\n  File "/home/DEV-ENV/DEV-ENV/lib/python3.8/site-packages/django/db/models/query.py", line 573, in get_or_create\n    return self.get(**kwargs), False\n  File "/home/DEV-ENV/DEV-ENV/lib/python3.8/site-packages/django/db/models/query.py", line 429, in get\n    raise self.model.DoesNotExist(\ndjango_celery_results.models.TaskResult.DoesNotExist: TaskResult matching query does not exist.\n\nDuring handling of the above exception, another exception occurred:\n\nTraceback (most recent call last):\n  File "/home/DEV-ENV/DEV-ENV/lib/python3.8/site-packages/django/db/backends/utils.py", line 84, in _execute\n    return self.cursor.execute(sql, params)\npsycopg2.errors.NotNullViolation: null value in column "status" violates not-null constraint\nDETAIL:  Failing row contains (170, FAILURE, null, application/json, utf-8, null, 2022-02-14 14:32:58.841847+00, null, {"children": []}, "(1, 1)", "{}", info_general.tasks.add, celery@ip-3-3-4-86, 2022-02-14 14:32:58.841832+00).\n\n\nThe above exception was the direct cause of the following exception:\n\nTraceback (most recent call last):\n  File "/home/DEV-ENV/DEV-ENV/lib/python3.8/site-packages/celery/app/trace.py", line 451, in trace_task\n    R = retval = fun(*args, **kwargs)\n  File "/home/DEV-ENV/DEV-ENV/lib/python3.8/site-packages/celery/app/trace.py", line 734, in __protected_call__\n    return self.run(*args, **kwargs)\n  File "/home/DEV-ENV/RFC-DEV/RFC-AWS/info_general/tasks.py", line 38, in add\n    current_task.update_state('FAILURE')\n  File "/home/DEV-ENV/DEV-ENV/lib/python3.8/site-packages/celery/app/task.py", line 976, in update_state\n    self.backend.store_result(\n  File "/home/DEV-ENV/DEV-ENV/lib/python3.8/site-packages/celery/backends/base.py", line 528, in store_result\n    self._store_result(task_id, result, state, traceback,\n  File "/home/DEV-ENV/DEV-ENV/lib/python3.8/site-packages/django_celery_results/backends/database.py", line 66, in _store_result\n    self.TaskModel._default_manager.store_result(\n  File "/home/DEV-ENV/DEV-ENV/lib/python3.8/site-packages/django_celery_results/managers.py", line 46, in _inner\n    return fun(*args, **kwargs)\n  File "/home/DEV-ENV/DEV-ENV/lib/python3.8/site-packages/django_celery_results/managers.py", line 168, in store_result\n    obj, created = self.using(using).get_or_create(task_id=task_id,\n  File "/home/DEV-ENV/DEV-ENV/lib/python3.8/site-packages/django/db/models/query.py", line 576, in get_or_create\n    return self._create_object_from_params(kwargs, params)\n  File "/home/DEV-ENV/DEV-ENV/lib/python3.8/site-packages/django/db/models/query.py", line 610, in _create_object_from_params\n    obj = self.create(**params)\n  File "/home/DEV-ENV/DEV-ENV/lib/python3.8/site-packages/django/db/models/query.py", line 447, in create\n    obj.save(force_insert=True, using=self.db)\n  File "/home/DEV-ENV/DEV-ENV/lib/python3.8/site-packages/django/db/models/base.py", line 753, in save\n    self.save_base(using=using, force_insert=force_insert,\n  File "/home/DEV-ENV/DEV-ENV/lib/python3.8/site-packages/django/db/models/base.py", line 790, in save_base\n    updated = self._save_table(\n  File "/home/DEV-ENV/DEV-ENV/lib/python3.8/site-packages/django/db/models/base.py", line 895, in _save_table\n    results = self._do_insert(cls._base_manager, using, fields, returning_fields, raw)\n  File "/home/DEV-ENV/DEV-ENV/lib/python3.8/site-packages/django/db/models/base.py", line 933, in _do_insert\n    return manager._insert(\n  File "/home/DEV-ENV/DEV-ENV/lib/python3.8/site-packages/django/db/models/manager.py", line 85, in manager_method\n    return getattr(self.get_queryset(), name)(*args, **kwargs)\n  File "/home/DEV-ENV/DEV-ENV/lib/python3.8/site-packages/django/db/models/query.py", line 1254, in _insert\n    return query.get_compiler(using=using).execute_sql(returning_fields)\n  File "/home/DEV-ENV/DEV-ENV/lib/python3.8/site-packages/django/db/models/sql/compiler.py", line 1397, in execute_sql\n    cursor.execute(sql, params)\n  File "/home/DEV-ENV/DEV-ENV/lib/python3.8/site-packages/django/db/backends/utils.py", line 98, in execute\n    return super().execute(sql, params)\n  File "/home/DEV-ENV/DEV-ENV/lib/python3.8/site-packages/django/db/backends/utils.py", line 66, in execute\n    return self._execute_with_wrappers(sql, params, many=False, executor=self._execute)\n  File "/home/DEV-ENV/DEV-ENV/lib/python3.8/site-packages/django/db/backends/utils.py", line 75, in _execute_with_wrappers\n    return executor(sql, params, many, context)\n  File "/home/DEV-ENV/DEV-ENV/lib/python3.8/site-packages/django/db/backends/utils.py", line 84, in _execute\n    return self.cursor.execute(sql, params)\n  File "/home/DEV-ENV/DEV-ENV/lib/python3.8/site-packages/django/db/utils.py", line 90, in __exit__\n    raise dj_exc_value.with_traceback(traceback) from exc_value\n  File "/home/DEV-ENV/DEV-ENV/lib/python3.8/site-packages/django/db/backends/utils.py", line 84, in _execute\n    return self.cursor.execute(sql, params)\ndjango.db.utils.IntegrityError: null value in column "status" violates not-null constraint\nDETAIL:  Failing row contains (170, FAILURE, null, application/json, utf-8, null, 2022-02-14 14:32:58.841847+00, null, {"children": []}, "(1, 1)", "{}", info_general.tasks.add, celery@ip-3-3-4-86, 2022-02-14 14:32:58.841832+00).\n\n	{"children": []}	"(1, 1)"	"{}"	info_general.tasks.add	celery@ip-3-3-4-86	2022-02-14 14:32:58.846274+00
172	1c1537c5-4b1b-4e20-8860-d5bb2f3c2763	FAILURE	application/json	utf-8	{"exc_type": "IntegrityError", "exc_message": ["null value in column \\"status\\" violates not-null constraint\\nDETAIL:  Failing row contains (224, FAILURE, null, application/json, utf-8, {\\"exc_type\\": \\"failure force\\", \\"exc_message\\": \\"mensaje de error\\"}, 2022-02-14 18:04:38.753218+00, null, {\\"children\\": []}, \\"(1, 1)\\", \\"{}\\", info_general.tasks.add, celery@ip-3-3-4-86, 2022-02-14 18:04:38.753202+00).\\n"], "exc_module": "django.db.utils"}	2022-02-14 18:04:38.756804+00	Traceback (most recent call last):\n  File "/home/DEV-ENV/DEV-ENV/lib/python3.8/site-packages/django/db/models/query.py", line 573, in get_or_create\n    return self.get(**kwargs), False\n  File "/home/DEV-ENV/DEV-ENV/lib/python3.8/site-packages/django/db/models/query.py", line 429, in get\n    raise self.model.DoesNotExist(\ndjango_celery_results.models.TaskResult.DoesNotExist: TaskResult matching query does not exist.\n\nDuring handling of the above exception, another exception occurred:\n\nTraceback (most recent call last):\n  File "/home/DEV-ENV/DEV-ENV/lib/python3.8/site-packages/django/db/backends/utils.py", line 84, in _execute\n    return self.cursor.execute(sql, params)\npsycopg2.errors.NotNullViolation: null value in column "status" violates not-null constraint\nDETAIL:  Failing row contains (224, FAILURE, null, application/json, utf-8, {"exc_type": "failure force", "exc_message": "mensaje de error"}, 2022-02-14 18:04:38.753218+00, null, {"children": []}, "(1, 1)", "{}", info_general.tasks.add, celery@ip-3-3-4-86, 2022-02-14 18:04:38.753202+00).\n\n\nThe above exception was the direct cause of the following exception:\n\nTraceback (most recent call last):\n  File "/home/DEV-ENV/DEV-ENV/lib/python3.8/site-packages/celery/app/trace.py", line 451, in trace_task\n    R = retval = fun(*args, **kwargs)\n  File "/home/DEV-ENV/DEV-ENV/lib/python3.8/site-packages/celery/app/trace.py", line 734, in __protected_call__\n    return self.run(*args, **kwargs)\n  File "/home/DEV-ENV/DEV-ENV/lib/python3.8/site-packages/celery/app/autoretry.py", line 54, in run\n    ret = task.retry(exc=exc, **retry_kwargs)\n  File "/home/DEV-ENV/DEV-ENV/lib/python3.8/site-packages/celery/app/task.py", line 717, in retry\n    raise_with_context(exc)\n  File "/home/DEV-ENV/DEV-ENV/lib/python3.8/site-packages/celery/app/autoretry.py", line 34, in run\n    return task._orig_run(*args, **kwargs)\n  File "/home/DEV-ENV/RFC-DEV/RFC-AWS/info_general/tasks.py", line 38, in add\n    current_task.update_state('FAILURE', meta={\n  File "/home/DEV-ENV/DEV-ENV/lib/python3.8/site-packages/celery/app/task.py", line 976, in update_state\n    self.backend.store_result(\n  File "/home/DEV-ENV/DEV-ENV/lib/python3.8/site-packages/celery/backends/base.py", line 528, in store_result\n    self._store_result(task_id, result, state, traceback,\n  File "/home/DEV-ENV/DEV-ENV/lib/python3.8/site-packages/django_celery_results/backends/database.py", line 66, in _store_result\n    self.TaskModel._default_manager.store_result(\n  File "/home/DEV-ENV/DEV-ENV/lib/python3.8/site-packages/django_celery_results/managers.py", line 46, in _inner\n    return fun(*args, **kwargs)\n  File "/home/DEV-ENV/DEV-ENV/lib/python3.8/site-packages/django_celery_results/managers.py", line 168, in store_result\n    obj, created = self.using(using).get_or_create(task_id=task_id,\n  File "/home/DEV-ENV/DEV-ENV/lib/python3.8/site-packages/django/db/models/query.py", line 576, in get_or_create\n    return self._create_object_from_params(kwargs, params)\n  File "/home/DEV-ENV/DEV-ENV/lib/python3.8/site-packages/django/db/models/query.py", line 610, in _create_object_from_params\n    obj = self.create(**params)\n  File "/home/DEV-ENV/DEV-ENV/lib/python3.8/site-packages/django/db/models/query.py", line 447, in create\n    obj.save(force_insert=True, using=self.db)\n  File "/home/DEV-ENV/DEV-ENV/lib/python3.8/site-packages/django/db/models/base.py", line 753, in save\n    self.save_base(using=using, force_insert=force_insert,\n  File "/home/DEV-ENV/DEV-ENV/lib/python3.8/site-packages/django/db/models/base.py", line 790, in save_base\n    updated = self._save_table(\n  File "/home/DEV-ENV/DEV-ENV/lib/python3.8/site-packages/django/db/models/base.py", line 895, in _save_table\n    results = self._do_insert(cls._base_manager, using, fields, returning_fields, raw)\n  File "/home/DEV-ENV/DEV-ENV/lib/python3.8/site-packages/django/db/models/base.py", line 933, in _do_insert\n    return manager._insert(\n  File "/home/DEV-ENV/DEV-ENV/lib/python3.8/site-packages/django/db/models/manager.py", line 85, in manager_method\n    return getattr(self.get_queryset(), name)(*args, **kwargs)\n  File "/home/DEV-ENV/DEV-ENV/lib/python3.8/site-packages/django/db/models/query.py", line 1254, in _insert\n    return query.get_compiler(using=using).execute_sql(returning_fields)\n  File "/home/DEV-ENV/DEV-ENV/lib/python3.8/site-packages/django/db/models/sql/compiler.py", line 1397, in execute_sql\n    cursor.execute(sql, params)\n  File "/home/DEV-ENV/DEV-ENV/lib/python3.8/site-packages/django/db/backends/utils.py", line 98, in execute\n    return super().execute(sql, params)\n  File "/home/DEV-ENV/DEV-ENV/lib/python3.8/site-packages/django/db/backends/utils.py", line 66, in execute\n    return self._execute_with_wrappers(sql, params, many=False, executor=self._execute)\n  File "/home/DEV-ENV/DEV-ENV/lib/python3.8/site-packages/django/db/backends/utils.py", line 75, in _execute_with_wrappers\n    return executor(sql, params, many, context)\n  File "/home/DEV-ENV/DEV-ENV/lib/python3.8/site-packages/django/db/backends/utils.py", line 84, in _execute\n    return self.cursor.execute(sql, params)\n  File "/home/DEV-ENV/DEV-ENV/lib/python3.8/site-packages/django/db/utils.py", line 90, in __exit__\n    raise dj_exc_value.with_traceback(traceback) from exc_value\n  File "/home/DEV-ENV/DEV-ENV/lib/python3.8/site-packages/django/db/backends/utils.py", line 84, in _execute\n    return self.cursor.execute(sql, params)\ndjango.db.utils.IntegrityError: null value in column "status" violates not-null constraint\nDETAIL:  Failing row contains (224, FAILURE, null, application/json, utf-8, {"exc_type": "failure force", "exc_message": "mensaje de error"}, 2022-02-14 18:04:38.753218+00, null, {"children": []}, "(1, 1)", "{}", info_general.tasks.add, celery@ip-3-3-4-86, 2022-02-14 18:04:38.753202+00).\n\n	{"children": []}	"(1, 1)"	"{}"	info_general.tasks.add	celery@ip-3-3-4-86	2022-02-14 14:49:57.950909+00
176	c664e366-4fc6-4cbd-8cc2-4f588195a1a3	FAILURE	application/json	utf-8	{"exc_type": "IntegrityError", "exc_message": ["null value in column \\"status\\" violates not-null constraint\\nDETAIL:  Failing row contains (227, FAILURE, null, application/json, utf-8, {\\"exc_type\\": \\"failure force\\", \\"exc_message\\": \\"mensaje de error\\"}, 2022-02-14 18:04:38.782441+00, null, {\\"children\\": []}, \\"(1, 1)\\", \\"{}\\", info_general.tasks.add, celery@ip-3-3-4-86, 2022-02-14 18:04:38.782425+00).\\n"], "exc_module": "django.db.utils"}	2022-02-14 18:04:38.786135+00	Traceback (most recent call last):\n  File "/home/DEV-ENV/DEV-ENV/lib/python3.8/site-packages/django/db/models/query.py", line 573, in get_or_create\n    return self.get(**kwargs), False\n  File "/home/DEV-ENV/DEV-ENV/lib/python3.8/site-packages/django/db/models/query.py", line 429, in get\n    raise self.model.DoesNotExist(\ndjango_celery_results.models.TaskResult.DoesNotExist: TaskResult matching query does not exist.\n\nDuring handling of the above exception, another exception occurred:\n\nTraceback (most recent call last):\n  File "/home/DEV-ENV/DEV-ENV/lib/python3.8/site-packages/django/db/backends/utils.py", line 84, in _execute\n    return self.cursor.execute(sql, params)\npsycopg2.errors.NotNullViolation: null value in column "status" violates not-null constraint\nDETAIL:  Failing row contains (227, FAILURE, null, application/json, utf-8, {"exc_type": "failure force", "exc_message": "mensaje de error"}, 2022-02-14 18:04:38.782441+00, null, {"children": []}, "(1, 1)", "{}", info_general.tasks.add, celery@ip-3-3-4-86, 2022-02-14 18:04:38.782425+00).\n\n\nThe above exception was the direct cause of the following exception:\n\nTraceback (most recent call last):\n  File "/home/DEV-ENV/DEV-ENV/lib/python3.8/site-packages/celery/app/trace.py", line 451, in trace_task\n    R = retval = fun(*args, **kwargs)\n  File "/home/DEV-ENV/DEV-ENV/lib/python3.8/site-packages/celery/app/trace.py", line 734, in __protected_call__\n    return self.run(*args, **kwargs)\n  File "/home/DEV-ENV/DEV-ENV/lib/python3.8/site-packages/celery/app/autoretry.py", line 54, in run\n    ret = task.retry(exc=exc, **retry_kwargs)\n  File "/home/DEV-ENV/DEV-ENV/lib/python3.8/site-packages/celery/app/task.py", line 717, in retry\n    raise_with_context(exc)\n  File "/home/DEV-ENV/DEV-ENV/lib/python3.8/site-packages/celery/app/autoretry.py", line 34, in run\n    return task._orig_run(*args, **kwargs)\n  File "/home/DEV-ENV/RFC-DEV/RFC-AWS/info_general/tasks.py", line 38, in add\n    current_task.update_state('FAILURE', meta={\n  File "/home/DEV-ENV/DEV-ENV/lib/python3.8/site-packages/celery/app/task.py", line 976, in update_state\n    self.backend.store_result(\n  File "/home/DEV-ENV/DEV-ENV/lib/python3.8/site-packages/celery/backends/base.py", line 528, in store_result\n    self._store_result(task_id, result, state, traceback,\n  File "/home/DEV-ENV/DEV-ENV/lib/python3.8/site-packages/django_celery_results/backends/database.py", line 66, in _store_result\n    self.TaskModel._default_manager.store_result(\n  File "/home/DEV-ENV/DEV-ENV/lib/python3.8/site-packages/django_celery_results/managers.py", line 46, in _inner\n    return fun(*args, **kwargs)\n  File "/home/DEV-ENV/DEV-ENV/lib/python3.8/site-packages/django_celery_results/managers.py", line 168, in store_result\n    obj, created = self.using(using).get_or_create(task_id=task_id,\n  File "/home/DEV-ENV/DEV-ENV/lib/python3.8/site-packages/django/db/models/query.py", line 576, in get_or_create\n    return self._create_object_from_params(kwargs, params)\n  File "/home/DEV-ENV/DEV-ENV/lib/python3.8/site-packages/django/db/models/query.py", line 610, in _create_object_from_params\n    obj = self.create(**params)\n  File "/home/DEV-ENV/DEV-ENV/lib/python3.8/site-packages/django/db/models/query.py", line 447, in create\n    obj.save(force_insert=True, using=self.db)\n  File "/home/DEV-ENV/DEV-ENV/lib/python3.8/site-packages/django/db/models/base.py", line 753, in save\n    self.save_base(using=using, force_insert=force_insert,\n  File "/home/DEV-ENV/DEV-ENV/lib/python3.8/site-packages/django/db/models/base.py", line 790, in save_base\n    updated = self._save_table(\n  File "/home/DEV-ENV/DEV-ENV/lib/python3.8/site-packages/django/db/models/base.py", line 895, in _save_table\n    results = self._do_insert(cls._base_manager, using, fields, returning_fields, raw)\n  File "/home/DEV-ENV/DEV-ENV/lib/python3.8/site-packages/django/db/models/base.py", line 933, in _do_insert\n    return manager._insert(\n  File "/home/DEV-ENV/DEV-ENV/lib/python3.8/site-packages/django/db/models/manager.py", line 85, in manager_method\n    return getattr(self.get_queryset(), name)(*args, **kwargs)\n  File "/home/DEV-ENV/DEV-ENV/lib/python3.8/site-packages/django/db/models/query.py", line 1254, in _insert\n    return query.get_compiler(using=using).execute_sql(returning_fields)\n  File "/home/DEV-ENV/DEV-ENV/lib/python3.8/site-packages/django/db/models/sql/compiler.py", line 1397, in execute_sql\n    cursor.execute(sql, params)\n  File "/home/DEV-ENV/DEV-ENV/lib/python3.8/site-packages/django/db/backends/utils.py", line 98, in execute\n    return super().execute(sql, params)\n  File "/home/DEV-ENV/DEV-ENV/lib/python3.8/site-packages/django/db/backends/utils.py", line 66, in execute\n    return self._execute_with_wrappers(sql, params, many=False, executor=self._execute)\n  File "/home/DEV-ENV/DEV-ENV/lib/python3.8/site-packages/django/db/backends/utils.py", line 75, in _execute_with_wrappers\n    return executor(sql, params, many, context)\n  File "/home/DEV-ENV/DEV-ENV/lib/python3.8/site-packages/django/db/backends/utils.py", line 84, in _execute\n    return self.cursor.execute(sql, params)\n  File "/home/DEV-ENV/DEV-ENV/lib/python3.8/site-packages/django/db/utils.py", line 90, in __exit__\n    raise dj_exc_value.with_traceback(traceback) from exc_value\n  File "/home/DEV-ENV/DEV-ENV/lib/python3.8/site-packages/django/db/backends/utils.py", line 84, in _execute\n    return self.cursor.execute(sql, params)\ndjango.db.utils.IntegrityError: null value in column "status" violates not-null constraint\nDETAIL:  Failing row contains (227, FAILURE, null, application/json, utf-8, {"exc_type": "failure force", "exc_message": "mensaje de error"}, 2022-02-14 18:04:38.782441+00, null, {"children": []}, "(1, 1)", "{}", info_general.tasks.add, celery@ip-3-3-4-86, 2022-02-14 18:04:38.782425+00).\n\n	{"children": []}	"(1, 1)"	"{}"	info_general.tasks.add	celery@ip-3-3-4-86	2022-02-14 14:52:15.338581+00
229	55d159cc-4b40-4bc2-98df-4f87f903bda6	SUCCESS	application/json	utf-8	"Hello desde aca"	2022-02-16 21:08:36.811263+00	\N	{"children": []}	"()"	"{}"	info_general.tasks.test	celery@ip-3-3-4-86	2022-02-16 21:08:36.81122+00
230	518f41c9-cd5a-46d9-8782-c6e4b4fdec6d	SUCCESS	application/json	utf-8	"Hello desde aca"	2022-02-16 21:10:12.02013+00	\N	{"children": []}	"()"	"{}"	info_general.tasks.test	celery@ip-3-3-4-86	2022-02-16 21:10:12.020109+00
228	57dbac6f-638e-4a28-b545-fc403c325c2d	FAILURE	application/json	utf-8	{"exc_type": "NotRegistered", "exc_message": ["payment.tasks.capture_payment"], "exc_module": "celery.exceptions"}	2022-02-16 21:11:28.09278+00	\N	{"children": []}	\N	\N	\N	\N	2022-02-16 21:06:58.088057+00
232	9d3d2705-3968-4f76-aecd-74516d76d031	FAILURE	application/json	utf-8	{"exc_type": "NotRegistered", "exc_message": ["payment.tasks.test"], "exc_module": "celery.exceptions"}	2022-02-17 18:41:26.670302+00	\N	{"children": []}	\N	\N	\N	\N	2022-02-17 18:40:56.66719+00
231	231c1839-4086-4980-94bb-3e899666117b	FAILURE	application/json	utf-8	{"exc_type": "NotRegistered", "exc_message": ["payment.tasks.test"], "exc_module": "celery.exceptions"}	2022-02-17 18:41:38.298818+00	\N	{"children": []}	\N	\N	\N	\N	2022-02-17 18:40:08.39352+00
\.


--
-- Data for Name: django_content_type; Type: TABLE DATA; Schema: public; Owner: postgres
--

COPY public.django_content_type (id, app_label, model) FROM stdin;
1	admin_interface	theme
2	admin	logentry
3	auth	permission
4	auth	group
5	contenttypes	contenttype
6	sessions	session
7	clientes	ambientesistemas
8	clientes	cliente
9	clientes	sistemascliente
10	clientes	usuariocliente
11	tecnicos	cargo
12	tecnicos	domicilio
13	tecnicos	tecnico
14	rfc_modulo	actividadesrfc
15	rfc_modulo	estadoactividad
16	rfc_modulo	estadorfc
17	rfc_modulo	requestfor
18	rfc_modulo	retorno
19	rfc_modulo	rfc
20	rfc_modulo	severity
21	rfc_modulo	tareasretorno
22	rfc_modulo	historicocambio
23	usuarios	usuario
34	tecnicos	tipotecnico
35	rfc_modulo	datostareasestandar
36	rfc_modulo	datosseverityestandar
37	rfc_modulo	datosrfcestandar
38	rfc_modulo	datosactividadesestandar
39	sites	site
40	account	emailaddress
41	account	emailconfirmation
42	socialaccount	socialaccount
43	socialaccount	socialapp
44	socialaccount	socialtoken
67	clientes	paisescliente
68	orden_de_trabajo	estadoorden
69	orden_de_trabajo	tipodependencias
70	orden_de_trabajo	tipoerror
71	orden_de_trabajo	tipowarning
72	orden_de_trabajo	ordendetrabajo
73	orden_de_trabajo	detalleordendetrabajo
74	info_general	regiones
75	info_general	auditoria
76	info_general	tipoauditoria
77	clientes	configuracioncliente
78	django_celery_results	taskresult
79	django_celery_results	chordcounter
80	django_celery_results	groupresult
81	django_celery_beat	crontabschedule
82	django_celery_beat	intervalschedule
83	django_celery_beat	periodictask
84	django_celery_beat	periodictasks
85	django_celery_beat	solarschedule
86	django_celery_beat	clockedschedule
\.


--
-- Data for Name: django_migrations; Type: TABLE DATA; Schema: public; Owner: postgres
--

COPY public.django_migrations (id, app, name, applied) FROM stdin;
1	clientes	0001_initial	2021-03-24 14:59:46.358821+00
2	tecnicos	0001_initial	2021-03-24 14:59:46.456353+00
3	clientes	0002_auto_20210324_1351	2021-03-24 14:59:46.515436+00
4	contenttypes	0001_initial	2021-03-24 14:59:46.599616+00
5	contenttypes	0002_remove_content_type_name	2021-03-24 14:59:46.635612+00
6	auth	0001_initial	2021-03-24 14:59:46.687861+00
7	auth	0002_alter_permission_name_max_length	2021-03-24 14:59:46.744235+00
8	auth	0003_alter_user_email_max_length	2021-03-24 14:59:46.757886+00
9	auth	0004_alter_user_username_opts	2021-03-24 14:59:46.771509+00
10	auth	0005_alter_user_last_login_null	2021-03-24 14:59:46.78496+00
11	auth	0006_require_contenttypes_0002	2021-03-24 14:59:46.794322+00
12	auth	0007_alter_validators_add_error_messages	2021-03-24 14:59:46.809351+00
13	auth	0008_alter_user_username_max_length	2021-03-24 14:59:46.822845+00
14	auth	0009_alter_user_last_name_max_length	2021-03-24 14:59:46.836229+00
15	auth	0010_alter_group_name_max_length	2021-03-24 14:59:46.85149+00
16	auth	0011_update_proxy_permissions	2021-03-24 14:59:46.87099+00
17	auth	0012_alter_user_first_name_max_length	2021-03-24 14:59:46.884777+00
18	usuarios	0001_initial	2021-03-24 14:59:46.932908+00
19	admin	0001_initial	2021-03-24 14:59:47.022391+00
20	admin	0002_logentry_remove_auto_add	2021-03-24 14:59:47.057419+00
21	admin	0003_logentry_add_action_flag_choices	2021-03-24 14:59:47.074936+00
22	admin_interface	0001_initial	2021-03-24 14:59:47.097045+00
23	admin_interface	0002_add_related_modal	2021-03-24 14:59:47.171573+00
24	admin_interface	0003_add_logo_color	2021-03-24 14:59:47.200117+00
25	admin_interface	0004_rename_title_color	2021-03-24 14:59:47.214803+00
26	admin_interface	0005_add_recent_actions_visible	2021-03-24 14:59:47.240969+00
27	admin_interface	0006_bytes_to_str	2021-03-24 14:59:47.346645+00
28	admin_interface	0007_add_favicon	2021-03-24 14:59:47.371287+00
29	admin_interface	0008_change_related_modal_background_opacity_type	2021-03-24 14:59:47.400237+00
30	admin_interface	0009_add_enviroment	2021-03-24 14:59:47.4389+00
31	admin_interface	0010_add_localization	2021-03-24 14:59:47.464711+00
32	admin_interface	0011_add_environment_options	2021-03-24 14:59:47.521989+00
33	admin_interface	0012_update_verbose_names	2021-03-24 14:59:47.538659+00
34	admin_interface	0013_add_related_modal_close_button	2021-03-24 14:59:47.567323+00
35	admin_interface	0014_name_unique	2021-03-24 14:59:47.59619+00
36	admin_interface	0015_add_language_chooser_active	2021-03-24 14:59:47.625767+00
37	admin_interface	0016_add_language_chooser_display	2021-03-24 14:59:47.663695+00
38	admin_interface	0017_change_list_filter_dropdown	2021-03-24 14:59:47.679196+00
39	admin_interface	0018_theme_list_filter_sticky	2021-03-24 14:59:47.718204+00
40	rfc_modulo	0001_initial	2021-03-24 14:59:48.046774+00
41	sessions	0001_initial	2021-03-24 14:59:48.213481+00
67	tecnicos	0002_auto_20210324_1722	2021-03-24 17:23:08.008649+00
100	rfc_modulo	0002_auto_20210413_1336	2021-04-13 13:36:16.893862+00
101	tecnicos	0003_auto_20210413_1336	2021-04-13 13:36:17.123798+00
102	clientes	0003_ambientesistemas_tipo_ambiente	2021-04-14 15:29:14.597524+00
103	rfc_modulo	0003_auto_20210421_2006	2021-04-21 20:07:04.238651+00
104	usuarios	0002_usuario_clientes	2021-04-21 20:11:36.338456+00
105	account	0001_initial	2021-04-22 21:27:16.099622+00
106	account	0002_email_max_length	2021-04-22 21:27:16.160597+00
107	sites	0001_initial	2021-04-22 21:27:16.181893+00
108	sites	0002_alter_domain_unique	2021-04-22 21:27:16.207895+00
109	socialaccount	0001_initial	2021-04-22 21:27:16.358084+00
110	socialaccount	0002_token_max_lengths	2021-04-22 21:27:16.457433+00
111	socialaccount	0003_extra_data_default_dict	2021-04-22 21:27:16.479585+00
112	rfc_modulo	0004_auto_20210427_1749	2021-04-27 17:49:13.761918+00
113	rfc_modulo	0005_auto_20210430_1416	2021-04-30 14:16:20.119182+00
133	clientes	0002_auto_20210430_2233	2021-06-07 20:06:34.071115+00
134	clientes	0003_auto_20210607_2000	2021-06-07 20:06:34.214604+00
135	rfc_modulo	0002_auto_20210607_2000	2021-06-07 20:06:34.234582+00
136	clientes	0003_auto_20210607_2104	2021-06-07 21:05:42.728635+00
137	rfc_modulo	0002_auto_20210607_2104	2021-06-07 21:05:42.776112+00
138	clientes	0003_auto_20210701_1616	2021-07-01 16:51:30.18755+00
139	orden_de_trabajo	0001_initial	2021-07-01 16:51:30.316229+00
140	rfc_modulo	0002_auto_20210701_1616	2021-07-01 17:13:31.214323+00
141	clientes	0003_auto_20210803_1528	2021-08-03 15:38:49.160098+00
142	info_general	0001_initial	2021-08-03 15:38:49.200201+00
143	rfc_modulo	0002_auto_20210803_1528	2021-08-03 15:40:03.601638+00
144	clientes	0004_auto_20210803_1540	2021-08-03 15:41:32.19+00
145	rfc_modulo	0003_auto_20210803_1540	2021-08-03 15:41:32.1933+00
146	clientes	0003_auto_20210803_2112	2021-08-03 21:13:03.911773+00
147	rfc_modulo	0002_auto_20210803_2110	2021-08-03 21:13:03.925387+00
148	clientes	0004_cliente_logo	2021-08-03 21:13:54.939462+00
149	clientes	0005_remove_cliente_logo	2021-08-10 13:28:53.904021+00
150	clientes	0006_cliente_logo	2021-08-10 13:28:53.936695+00
151	orden_de_trabajo	0002_detalleordendetrabajo_estadoorden_ordendetrabajo_tipodependencias_tipoerror_tipowarning	2021-08-10 13:33:24.925796+00
152	clientes	0002_auto_20211015_2028	2021-10-15 20:47:47.971286+00
153	info_general	0002_regiones_codigo_region	2021-10-15 20:47:47.979587+00
154	clientes	0003_auto_20211015_2048	2021-10-15 20:53:06.661239+00
155	clientes	0004_auto_20211015_2048	2021-10-15 20:53:37.440851+00
156	clientes	0005_remove_cliente_token_api	2021-10-15 20:53:37.444064+00
157	clientes	0006_cliente_token_api_cli	2021-10-15 20:53:37.466999+00
158	clientes	0002_auto_20210430_2038	2021-10-22 17:59:57.833264+00
159	clientes	0007_merge_20211022_1759	2021-10-22 17:59:57.838794+00
160	clientes	0008_cliente_token_api_cli	2021-11-03 20:03:35.301371+00
161	info_general	0003_auditoria	2021-11-03 20:03:35.453287+00
162	orden_de_trabajo	0003_detalleordendetrabajo_estadoorden_ordendetrabajo_tipodependencias_tipoerror_tipowarning	2021-11-03 20:04:16.998856+00
163	clientes	0009_cliente_token_api_cli	2021-11-05 17:29:45.603968+00
164	info_general	0004_auditoria_tecnico_asociado	2021-11-05 17:29:45.702+00
165	orden_de_trabajo	0004_detalleordendetrabajo_estadoorden_ordendetrabajo_tipodependencias_tipoerror_tipowarning	2021-11-05 17:30:07.300519+00
166	clientes	0010_cliente_token_api_cli	2021-11-05 17:54:30.501134+00
167	info_general	0005_auto_20211105_1753	2021-11-05 17:54:30.567899+00
168	orden_de_trabajo	0005_detalleordendetrabajo_estadoorden_ordendetrabajo_tipodependencias_tipoerror_tipowarning	2021-11-05 17:54:30.578583+00
169	clientes	0011_cliente_token_api_cli	2021-11-05 17:58:17.914832+00
170	info_general	0006_auto_20211105_1757	2021-11-05 17:58:17.973596+00
171	orden_de_trabajo	0006_detalleordendetrabajo_estadoorden_ordendetrabajo_tipodependencias_tipoerror_tipowarning	2021-11-05 17:58:17.978224+00
172	clientes	0012_cliente_token_api_cli	2021-11-05 18:12:14.244678+00
173	orden_de_trabajo	0007_detalleordendetrabajo_estadoorden_ordendetrabajo_tipodependencias_tipoerror_tipowarning	2021-11-05 18:12:14.248597+00
174	usuarios	0002_usuario_tecnico_fk	2021-11-05 18:14:27.071841+00
175	info_general	0007_auto_20211108_1708	2021-11-08 20:09:07.979258+00
176	info_general	0008_auto_20211108_1751	2021-11-08 20:51:38.488187+00
177	clientes	0013_auto_20211112_1104	2021-11-12 14:05:02.901689+00
178	clientes	0014_auto_20211122_1527	2021-11-22 18:27:38.339655+00
179	clientes	0015_auto_20220124_1026	2022-01-24 13:27:10.604803+00
180	clientes	0016_auto_20220124_1441	2022-01-24 17:42:07.435327+00
181	clientes	0017_auto_20220124_1443	2022-01-24 17:44:05.300019+00
182	clientes	0018_auto_20220126_1755	2022-01-26 20:56:30.153982+00
183	django_celery_results	0001_initial	2022-02-04 17:44:49.390881+00
184	django_celery_results	0002_add_task_name_args_kwargs	2022-02-04 17:44:49.419917+00
185	django_celery_results	0003_auto_20181106_1101	2022-02-04 17:44:49.426124+00
186	django_celery_results	0004_auto_20190516_0412	2022-02-04 17:44:49.480018+00
187	django_celery_results	0005_taskresult_worker	2022-02-04 17:44:49.486849+00
188	django_celery_results	0006_taskresult_date_created	2022-02-04 17:44:49.542267+00
189	django_celery_results	0007_remove_taskresult_hidden	2022-02-04 17:44:49.5543+00
190	django_celery_results	0008_chordcounter	2022-02-04 17:44:49.574264+00
191	django_celery_results	0009_groupresult	2022-02-04 17:44:49.718091+00
192	django_celery_results	0010_remove_duplicate_indices	2022-02-04 17:44:49.737657+00
193	django_celery_beat	0001_initial	2022-02-04 18:44:53.621272+00
194	django_celery_beat	0002_auto_20161118_0346	2022-02-04 18:44:53.662624+00
195	django_celery_beat	0003_auto_20161209_0049	2022-02-04 18:44:53.68199+00
196	django_celery_beat	0004_auto_20170221_0000	2022-02-04 18:44:53.689696+00
197	django_celery_beat	0005_add_solarschedule_events_choices	2022-02-04 18:44:53.696747+00
198	django_celery_beat	0006_auto_20180322_0932	2022-02-04 18:44:53.729264+00
199	django_celery_beat	0007_auto_20180521_0826	2022-02-04 18:44:53.75358+00
200	django_celery_beat	0008_auto_20180914_1922	2022-02-04 18:44:53.780774+00
201	django_celery_beat	0006_auto_20180210_1226	2022-02-04 18:44:53.799008+00
202	django_celery_beat	0006_periodictask_priority	2022-02-04 18:44:53.809433+00
203	django_celery_beat	0009_periodictask_headers	2022-02-04 18:44:53.819899+00
204	django_celery_beat	0010_auto_20190429_0326	2022-02-04 18:44:54.005762+00
205	django_celery_beat	0011_auto_20190508_0153	2022-02-04 18:44:54.02826+00
206	django_celery_beat	0012_periodictask_expire_seconds	2022-02-04 18:44:54.045966+00
207	django_celery_beat	0013_auto_20200609_0727	2022-02-04 18:44:54.053976+00
208	django_celery_beat	0014_remove_clockedschedule_enabled	2022-02-04 18:44:54.061288+00
209	django_celery_beat	0015_edit_solarschedule_events_choices	2022-02-04 18:44:54.068681+00
210	clientes	0019_auto_20220207_1447	2022-02-07 17:47:53.543888+00
211	orden_de_trabajo	0008_detalleordendetrabajo_estadoorden_ordendetrabajo_tipodependencias_tipoerror_tipowarning	2022-02-07 17:47:53.551273+00
\.


--
-- Data for Name: django_session; Type: TABLE DATA; Schema: public; Owner: postgres
--

COPY public.django_session (session_key, session_data, expire_date) FROM stdin;
37e2rywsiynt8gvq97l9c9wbetc67f01	.eJxVjEEOwiAQRe_C2pCCwhSX7j0DmWEGqRpISrsy3l2bdKHb_977LxVxXUpcu8xxYnVWRh1-N8L0kLoBvmO9NZ1aXeaJ9KbonXZ9bSzPy-7-HRTs5VtbCzKSQWHJjAnAOWLIzM4yJRHIyMJGjsn6YMgP_jSwN4AUwkjZqvcHL6k5hg:1lRLM9:SgHjt6s_q9LBYKcNXpsHEm8pMz43dq30rZSmpTEEDyA	2021-04-13 20:52:57.3145+00
9hs2r2nt51vnryoscc339ugtllzut443	.eJxVjM0OgjAQhN-lZ0OWQn_wpi_S7HbZtJGURNqT8d0Fw0GP883M91IBW02hbfMzZFZX5Yy6_ELC-JjL0eCyHLjDGNdWavfdnPXW3fY0l5oj1ryW-_n6UyXc0u6RSYCBHVnoe4skRI79sAODWtsBJ6-1ZhAAQLLjyGwmT8IMaLw49f4A-Gs8_w:1lb4rb:A7xaz4Viyd0gMRXQ3agSx37g4tBLH7FK8LdlpfXte_E	2021-05-10 17:17:39.124688+00
h5g6e3km2anfm5cmlh38dtqzhw9njknz	.eJxVjMsOwiAURP-FtWmgvN3pj5DL7SUQG5oIrIz_bmu60OWcmTkvFmD0HEajZygLuzJr2OUXRsAH1aOBdT3wBIjbqH36bs66Tbc9Ue0FoZet3s_XnypDy7tHWVKcaxmFsop7KaI3EWNy2swanEpeSgRBjuysFiQSSXDpuI3aECdg7w_DWjwZ:1lcDWH:Buhz8ujj58QWZlfJUkj14pYxOmmuYKOumd2xpwDd9Qs	2021-05-13 20:44:21.468475+00
2bg1cwygcv266xww02o0nyq95fon2vua	.eJxVjMEOgyAQBf-Fc0NQQKDH3v0GsrBLsW0gET01_Xc18WCvb2bel3lYl-zXRrOfkN2ZVOx2HQPEN5WD4AvKs_JYyzJPgR8KP2njY0X6PE737yBDy3stlBIgnYI-SYygrdPChRAdmkEbGKQlY4Qim_rOBqeBZOwQd2QTGS3YbwP5uDfp:1lPmmn:-33g5jOR8YWeL8Ctyyplo63q6lRbHJ1t0tAJ2dTahV0	2021-04-09 13:46:01.876704+00
ywsm6lqlzy3s98pgqmut01d1x96o2fea	.eJxVjcsOwiAQRf-FtSGU8qo7-yNkgJlAbGhiYWX8d8V0oct77uvJPPSWfT_w4UtiV-ZmdvmFAeId63Bg2wbmEOPea-PfzGkf_PZRWFuJ0Mpe17P1N5XhyOMBZcKIRpvJkcVkAqKUItg0K0ChyDkntQAVSJGZ9GKBSOqoLSphF8NebwHyPMk:1lcDca:2G7anjjD76uNl_NZmi6II35ggJ9XU3eLIXDwg0pPgmw	2021-05-13 20:50:52.267775+00
sbqr8rm4u1gux6qq67i7b9oa6aqoysgt	.eJxVjEEOwiAQRe_C2pCCwhSX7j0DmWEGqRpISrsy3l2bdKHb_977LxVxXUpcu8xxYnVWRh1-N8L0kLoBvmO9NZ1aXeaJ9KbonXZ9bSzPy-7-HRTs5VtbCzKSQWHJjAnAOWLIzM4yJRHIyMJGjsn6YMgP_jSwN4AUwkjZqvcHL6k5hg:1lcZWb:WeWYGvcM8DXziMEaQTnVzdhfpWIepn-sOgzUlUUQlXw	2021-05-14 20:14:09.445924+00
6tw7qcrzbgcernrkmqdpm5jy67do689a	.eJxVjMEOgyAQBf-Fc0NQQKDH3v0GsrBLsW0gET01_Xc18WCvb2bel3lYl-zXRrOfkN2ZVOx2HQPEN5WD4AvKs_JYyzJPgR8KP2njY0X6PE737yBDy3stlBIgnYI-SYygrdPChRAdmkEbGKQlY4Qim_rOBqeBZOwQd2QTGS3YbwP5uDfp:1lPmpk:DC22VB2lZjbBV0OZ1nP2ZWBsveVFpGay8tTZ5bp6vMI	2021-04-09 13:49:04.052563+00
0f85ezmeqq7hjb86scmk2vpluvb1wc3k	.eJxVjMEOgyAQBf-Fc0NQQKDH3v0GsrBLsW0gET01_Xc18WCvb2bel3lYl-zXRrOfkN2ZVOx2HQPEN5WD4AvKs_JYyzJPgR8KP2njY0X6PE737yBDy3stlBIgnYI-SYygrdPChRAdmkEbGKQlY4Qim_rOBqeBZOwQd2QTGS3YbwP5uDfp:1lPmwU:E8Fr8rHyccgF-9MAOLG2W2vTLxA19aOq_T_zuCt8Iug	2021-04-09 13:56:02.259769+00
wd6m76inqq5o2gsbddbe9csra30w1jmi	eyJzb2NpYWxhY2NvdW50X3N0YXRlIjpbeyJwcm9jZXNzIjoibG9naW4iLCJzY29wZSI6IiIsImF1dGhfcGFyYW1zIjoiIn0sIjNTWnA1RFNIQkp3dSJdfQ:1lZxSV:Uq3fNvJ6NE1uUMNP8PhyXXl6EuFJIqEmSfWZW4G6NGU	2021-05-07 15:11:07.835922+00
4jf15e5ihgz81tj1zgibz57uufj1wmsh	eyJzb2NpYWxhY2NvdW50X3N0YXRlIjpbeyJwcm9jZXNzIjoibG9naW4iLCJzY29wZSI6IiIsImF1dGhfcGFyYW1zIjoiIn0sImVSTmVlU3k2Y0pWTCJdfQ:1lZwJN:iM6UtpfzdQg2SgJd9bv8NttrRCSSh2a0qDDhsqEcINI	2021-05-07 13:57:37.32554+00
1mu21w4i6p4r1082n0xkkz83bgbr238y	eyJzb2NpYWxhY2NvdW50X3N0YXRlIjpbeyJwcm9jZXNzIjoibG9naW4iLCJzY29wZSI6IiIsImF1dGhfcGFyYW1zIjoiIn0sInl2NTVmVnFmVkZndSJdfQ:1lZxSj:sXES_RY8OWbBslzicW6X2rbs6uEfIj2aCpuwp6nqQZ8	2021-05-07 15:11:21.101394+00
zx1ocinzq1e4wlwbg5h2fh9e6vhczxed	.eJxVjEEOwjAMBP-SM6qK25qUG3wksuNYiahSiSYnxN9JUQ9w3J2dfRlHtURXt_B0SczV4GxOvyWTf4S8E1qWve7I-7Xm0n03B966W0shl-SppDXfD-vvKtIW2w9Lj4MOGCZBBRoFZu5xvFgPCGclO0xoFViUcQRgC6EHYVBoBlk17w_qDTzf:1lb9Ai:9792kSU1pd7UQ4LfWFzdNsiD43HsLOV-_KFHmUwNR2c	2021-05-10 21:53:40.911643+00
xkla4v322d9yyy7zospyqcs6pbe6ibzj	.eJxVTUsOgyAQvcusGwNYoLhrL0KGcYikFBOFbprevdq4cfOS9_8AEs2tVP_mJcXEo-cXpgxDaTlfwGOrk28rLz6NMIBVcBID0pPL7mDOu9wde90_c9hrd98Yl5oIa5rL42idpiZcp_3BxaCU09aJOErWkXUflQ1BXikoYXomSRbxxhStFU6YGOSGZI0xQTv4_gC-TUf1:1lZxWP:QrVuitv-2RqXvP37eYM4KnMdx6nF3c19G7DbqjmSEBE	2021-05-07 15:15:09.065864+00
agngfi6nj02qqqxyub4j8k8vug207pdx	.eJxVjEEOwiAQRe_C2pCCwhSX7j0DmWEGqRpISrsy3l2bdKHb_977LxVxXUpcu8xxYnVWRh1-N8L0kLoBvmO9NZ1aXeaJ9KbonXZ9bSzPy-7-HRTs5VtbCzKSQWHJjAnAOWLIzM4yJRHIyMJGjsn6YMgP_jSwN4AUwkjZqvcHL6k5hg:1lb9B3:eyF3dM2OgfAky1jjvT6uwwiWi0zM0lUbkkCcv37yVQ8	2021-05-10 21:54:01.68974+00
izlero5jswut39dq5rzvb2n985i30otl	.eJxVjEEOwiAQRe_C2pCCwhSX7j0DmWEGqRpISrsy3l2bdKHb_977LxVxXUpcu8xxYnVWRh1-N8L0kLoBvmO9NZ1aXeaJ9KbonXZ9bSzPy-7-HRTs5VtbCzKSQWHJjAnAOWLIzM4yJRHIyMJGjsn6YMgP_jSwN4AUwkjZqvcHL6k5hg:1lWg3C:wmfyh1Xk95ogom0A9B5O_-RK7-Vr0gA80DJK5I7rhGQ	2021-04-28 13:59:26.507138+00
zm8l6dqlxd6o4zneyye7u2bueshpywdq	.eJxVjEsOAiEQBe_C2hAFmo9L956BNN0gowaSYWZlvLtOMgvdvqp6LxFxXWpcR57jxOIsrBOH3zEhPXLbCN-x3bqk3pZ5SnJT5E6HvHbOz8vu_h1UHPVbA6Gm7JGcUvpkrAcL5D0XUEkDIIWiuQTNhMWQCWCdslrRkTORSUW8PxSSOKg:1lYqck:fVr-uuD5PkscrSwj9pzqV1uF89zRcEaHWDoxRjUI24o	2021-05-04 13:41:06.562838+00
6yixhknz2mhwmgt7y0lywe2okid4wwlz	.eJxVjMsOwiAQRf-FtSEFOjxcuu83kIEZpWogKe3K-O_apAvd3nPOfYmI21ri1nmJM4mzMCBOv2PC_OC6E7pjvTWZW12XOcldkQftcmrEz8vh_h0U7OVbK_RBj2CSZtYhETqbACEbl_3gLCEoVPaqDPNgGZxVI2drtAFNAciL9wcCpDeo:1lQu6w:QzMlzf4zk6SIwCTVOJBu6TkL_ocv18Wkte0450r6k6I	2021-04-12 15:47:26.551232+00
zb7b8zu418haxcg82j4l2s6aftl01rxj	.eJxVjEEOwiAQRe_C2pCCwhSX7j0DmWEGqRpISrsy3l2bdKHb_977LxVxXUpcu8xxYnVWRh1-N8L0kLoBvmO9NZ1aXeaJ9KbonXZ9bSzPy-7-HRTs5VtbCzKSQWHJjAnAOWLIzM4yJRHIyMJGjsn6YMgP_jSwN4AUwkjZqvcHL6k5hg:1lZJ9I:wvw4GdBrA2SJfM1NkHFSwTDrOKTPu-VMo_uLDoML8ps	2021-05-05 20:08:36.150224+00
os0o1hrm4b3rm232rxduiab21tkks0o0	.eJxVjMsOwiAQRf-FtSEFOjxcuu83kIEZpWogKe3K-O_apAvd3nPOfYmI21ri1nmJM4mzMCBOv2PC_OC6E7pjvTWZW12XOcldkQftcmrEz8vh_h0U7OVbK_RBj2CSZtYhETqbACEbl_3gLCEoVPaqDPNgGZxVI2drtAFNAciL9wcCpDeo:1lS7Pu:j_WOIK4wsPn8IjnPSqn2g4qY-3F1qlOQ-J3bwFtupMY	2021-04-16 00:12:02.989566+00
0wtq0dcy2vag95tdin8dwvct3rjw70tq	.eJxVjMEOgyAQBf-Fc0NQQKDH3v0GsrBLsW0gET01_Xc18WCvb2bel3lYl-zXRrOfkN2ZVOx2HQPEN5WD4AvKs_JYyzJPgR8KP2njY0X6PE737yBDy3stlBIgnYI-SYygrdPChRAdmkEbGKQlY4Qim_rOBqeBZOwQd2QTGS3YbwP5uDfp:1lRFoP:g5UvjUNwrLwjsLaOURawjd3ySJjSv6K-Q4c6bkAkNSE	2021-04-13 14:57:45.91411+00
9t52jxacrc57xzyr3ufokdqqq6ne1t6o	.eJxVjMEOgyAQBf-Fc0NQQKDH3v0GsrBLsW0gET01_Xc18WCvb2bel3lYl-zXRrOfkN2ZVOx2HQPEN5WD4AvKs_JYyzJPgR8KP2njY0X6PE737yBDy3stlBIgnYI-SYygrdPChRAdmkEbGKQlY4Qim_rOBqeBZOwQd2QTGS3YbwP5uDfp:1lRGaN:8ZA5lhgrsY3whd-LF_pT29-THvf9TdNiVG4q9oDrXZI	2021-04-13 15:47:19.495035+00
hsnt7jcqf8oylsl25vnh2at6dgr41s7l	eyJzb2NpYWxhY2NvdW50X3N0YXRlIjpbeyJwcm9jZXNzIjoibG9naW4iLCJzY29wZSI6IiIsImF1dGhfcGFyYW1zIjoiIn0sInhzVjRpM1pDMlkyeCJdfQ:1lZhYT:4vt13F1rudRmCzSeWfgA6OXXJZjLpe0n7iBqjWM8Yo8	2021-05-06 22:12:13.187094+00
1ongackzzp35kjsw5p6bam0dd4i298by	eyJzb2NpYWxhY2NvdW50X3N0YXRlIjpbeyJwcm9jZXNzIjoibG9naW4iLCJzY29wZSI6IiIsImF1dGhfcGFyYW1zIjoiIn0sImpZa3hPQW5TeHNpYiJdfQ:1lZkqC:LMWPqcevsweNFbnroYpxRIJRFgMR69YHuUpe1QWsNiE	2021-05-07 01:42:44.951505+00
pudi0qwj1n0431vzgs091sp4dvhw01lb	eyJzb2NpYWxhY2NvdW50X3N0YXRlIjpbeyJwcm9jZXNzIjoibG9naW4iLCJzY29wZSI6IiIsImF1dGhfcGFyYW1zIjoiIn0sInFVRkliSmpXeEV3bCJdfQ:1lZkqE:uClKys9O2y5TOumy2BB9HgLXBDFT6tklv_9W7VPqBpE	2021-05-07 01:42:46.058618+00
imd940qa4yy15lk8ik3k1t35bdp63vvo	eyJzb2NpYWxhY2NvdW50X3N0YXRlIjpbeyJwcm9jZXNzIjoibG9naW4iLCJzY29wZSI6IiIsImF1dGhfcGFyYW1zIjoiIn0sIkhIUTlOTWtSVmw0QiJdfQ:1lZmbc:dNrN75wDQf6y5ydlUIDWbng4a3d_LGTrOCsezFdoI-Q	2021-05-07 03:35:48.517187+00
2a3q37cdsqjg6l0p61gtm9efvphu4j4a	eyJzb2NpYWxhY2NvdW50X3N0YXRlIjpbeyJwcm9jZXNzIjoibG9naW4iLCJzY29wZSI6IiIsImF1dGhfcGFyYW1zIjoiIn0sIlU5RFR0MXh4dENONCJdfQ:1lb4ko:C4zWMG-hzpL6DUDrVAwdjyWXsc__cqBBC5gQ83DYM54	2021-05-10 17:10:38.585081+00
n9obqn1fkfktwv0jllibio8bfvuvl4w5	eyJzb2NpYWxhY2NvdW50X3N0YXRlIjpbeyJwcm9jZXNzIjoibG9naW4iLCJzY29wZSI6IiIsImF1dGhfcGFyYW1zIjoiIn0sIjJsVHdRYlN6dEI2OCJdfQ:1lb4qy:sks02Q2aNvq6NPKe8OvcNxA0Qn4md8kGlZQcG0goLE8	2021-05-10 17:17:00.189979+00
g3bfaz818f4znlybrw4l1rx0pq6354qa	.eJxVjEsOAiEQBe_C2hAFmo9L956BNN0gowaSYWZlvLtOMgvdvqp6LxFxXWpcR57jxOIsrBOH3zEhPXLbCN-x3bqk3pZ5SnJT5E6HvHbOz8vu_h1UHPVbA6Gm7JGcUvpkrAcL5D0XUEkDIIWiuQTNhMWQCWCdslrRkTORSUW8PxSSOKg:1leORt:o4Ettc4nMmHxIDwCDJEEG43w9WRoaTXMDfaJdxQekz8	2021-05-19 20:48:49.258529+00
zyildppez8b7sshsq5oaseeg37uc2ndd	.eJwVi8EKwkAMBf_lnQuLigd79yAI6q0osoQY7EK7WZoUCqX_7nobhpkVppxoIGads0dzckH7WpFlcbQIl_yRJfQ6SnThnFgtoEGZlMWsFoN-U67GWEtdUZFm72OhicZ_gK3BbXc4nbvjff94XvHeftguJ60:1llzcz:_OEsfe8wz5L2eAisnk6O1nCvI_cLGXEFq8LcNVf7KF0	2021-06-09 19:55:41.034551+00
cqt3foc39xqq40adq01k09nh0gdfrn61	.eJxVjEsOAiEQBe_C2hAFmo9L956BNN0gowaSYWZlvLtOMgvdvqp6LxFxXWpcR57jxOIsrBOH3zEhPXLbCN-x3bqk3pZ5SnJT5E6HvHbOz8vu_h1UHPVbA6Gm7JGcUvpkrAcL5D0XUEkDIIWiuQTNhMWQCWCdslrRkTORSUW8PxSSOKg:1lnhg9:1gnSKAaDTX8pZ7ytQ6CrcnIzc8rCF_u1GQba0LhDT3s	2021-06-14 13:10:01.244806+00
kf21f903wsj5mh1yl765msrvjywd2jsp	.eJxVjj1vwjAQhv_LzSjCbhMTxjK1EgOMVFV0XyFpUzuKHRbEf69TMcB2uue5994rNDinrpmjTk0vsAUDq8cdIf-oX4B8oz-HgoNPU0_FohR3Got9EB3e7u5TQIexy9fWOt2QQRVtBdm5siRxrUhphVjVtSgqRl_YVrWhal29rqUyDqmuN9TaHBoD9zggc5h9amLCpLD9vMI4BdYY85MhnHu_mBzGzCCP_0VGnPB3EeC2goM1H5fy9H6k3RG-bn_kJVYy:1lcDgw:kFPsQbpgxE4EIaCdsFAVpsH9JvPVCiVeUDYu8NJx9M8	2021-05-13 20:55:22.721996+00
89u28u695h2k0ru6coh62d96lj3ir10e	.eJxVjEEOwiAQRe_C2pCCwhSX7j0DmWEGqRpISrsy3l2bdKHb_977LxVxXUpcu8xxYnVWRh1-N8L0kLoBvmO9NZ1aXeaJ9KbonXZ9bSzPy-7-HRTs5VtbCzKSQWHJjAnAOWLIzM4yJRHIyMJGjsn6YMgP_jSwN4AUwkjZqvcHL6k5hg:1lcbvX:3T-NUVWlIXtk3DYkGZsSkWcsGA_SDmNJZFdAKixWsRI	2021-05-14 22:48:03.728565+00
vlm2tefkor77wua9nw2r9aqh41sqp4fs	eyJzb2NpYWxhY2NvdW50X3N0YXRlIjpbeyJuZXh0IjoiL1JGQy9yZmNfdXBkYXRlLzEwOS8zNCIsInByb2Nlc3MiOiJsb2dpbiIsInNjb3BlIjoiIiwiYXV0aF9wYXJhbXMiOiIifSwiMlFmVVZTc1FCOEl3Il19:1lgtQl:FsxTt8S_HkhNLkLboAvvVzHp1Rpn9KPUwk2WEC3YS2g	2021-05-26 18:17:59.586897+00
z3bez81kqsy1oukfmibs9eq7imw5zoc9	.eJxVjMEOgjAQRP-lZ0O2bAutN_0RsrssKZGURNqT8d8Fw0GP82bmvcxAtaShbvoc5tFcjQUwl1_KJA_NR0XLcuCGRNaaS_PdnPXW3PakucxCZV7z_Xz9qRJtafe0QDqhagcMocMxWGSEPrgYOAachCwDRPFo2z54dq1wVOssTupQvXl_APIrPAw:1loYSK:jd3zQw7-s2tgm8ua-dTpZl-QzPr7Fx3uZh5ojNf2F68	2021-06-16 21:31:16.856363+00
1806kidbkanj058yhutmsesdqbo3qafv	eyJzb2NpYWxhY2NvdW50X3N0YXRlIjpbeyJwcm9jZXNzIjoibG9naW4iLCJzY29wZSI6IiIsImF1dGhfcGFyYW1zIjoiIn0sIkV4N2cyb1M5SElNVCJdfQ:1lleI3:Eu_ube9Td9SHPjzo2MJMwpSnUt7txiihH1pU2NudBWM	2021-06-08 21:08:39.833246+00
4fh0qpygcrtt9r2pbqp3zaigcmoblf9l	.eJxVjM0OgjAQhN-lZ0OWQn_wpi_S7HbZtJGURNqT8d0Fw0GP883M91IBW02hbfMzZFZX5Yy6_ELC-JjL0eCyHLjDGNdWavfdnPXW3fY0l5oj1ryW-_n6UyXc0u6RSYCBHVnoe4skRI79sAODWtsBJ6-1ZhAAQLLjyGwmT8IMaLw49f4A-Gs8_w:1lcCsJ:uM6-AiVrhwqGREDQ2GnksygcAWlvM02Bsmkkgq_gTdk	2021-05-13 20:03:03.582143+00
4wk6csanjcbaye1lyo9y6an8e63ffnqq	eyJzb2NpYWxhY2NvdW50X3N0YXRlIjpbeyJwcm9jZXNzIjoibG9naW4iLCJzY29wZSI6IiIsImF1dGhfcGFyYW1zIjoiIn0sIks1cnBXZ2RmRGdWeSJdfQ:1leONG:ALONa1uTK56oNu4ERjjdL0j7-uRJG-p61MsBbUdx1MU	2021-05-19 20:44:02.686193+00
t545ikt3sbidpe1fivrdry2bl4ycnpe6	.eJxVjEEOwiAQRe_C2pCCwhSX7j0DmWEGqRpISrsy3l2bdKHb_977LxVxXUpcu8xxYnVWRh1-N8L0kLoBvmO9NZ1aXeaJ9KbonXZ9bSzPy-7-HRTs5VtbCzKSQWHJjAnAOWLIzM4yJRHIyMJGjsn6YMgP_jSwN4AUwkjZqvcHL6k5hg:1llttX:xEzl6W7uzYdEs8QLokIaQQf4CXM26NfkKhq4cnxCuNs	2021-06-09 13:48:23.924776+00
yyflxxbhocteu4m4iqk96hlkyfahzx4i	eyJzb2NpYWxhY2NvdW50X3N0YXRlIjpbeyJwcm9jZXNzIjoibG9naW4iLCJzY29wZSI6IiIsImF1dGhfcGFyYW1zIjoiIn0sIjJ1dVJKSFFobUE0cSJdfQ:1llzTS:oLTAt3hyHDUGggzLIGF8qCfjpI7Vt8vhIGmOaGArt4w	2021-06-09 19:45:50.082659+00
gnnbl5c6963qwbjqshtqwie25l87305v	.eJxVjEsOAiEQBe_C2hAFmo9L956BNN0gowaSYWZlvLtOMgvdvqp6LxFxXWpcR57jxOIsrBOH3zEhPXLbCN-x3bqk3pZ5SnJT5E6HvHbOz8vu_h1UHPVbA6Gm7JGcUvpkrAcL5D0XUEkDIIWiuQTNhMWQCWCdslrRkTORSUW8PxSSOKg:1likEy:Z8mEURf06xybRmH5HZ0ox4M-ASodJy6sOxTUFir8qd8	2021-05-31 20:53:28.959144+00
buv742v2sdn1jhjznk7jrkj8dlsnhzji	.eJxVjEsOAiEQBe_C2hAFmo9L956BNN0gowaSYWZlvLtOMgvdvqp6LxFxXWpcR57jxOIsrBOH3zEhPXLbCN-x3bqk3pZ5SnJT5E6HvHbOz8vu_h1UHPVbA6Gm7JGcUvpkrAcL5D0XUEkDIIWiuQTNhMWQCWCdslrRkTORSUW8PxSSOKg:1lm01Z:adlLBYW05GPV-tdMv5y0f5K_9VMl3MAXb9VdcSL5anU	2021-06-09 20:21:05.290077+00
u6vlimjggmqhtgjd1qcvrngwkp2ewt7s	.eJxVzLGOwjAMgOF38VxVgSQkYUS6EwtTxXRCleOktFwv6TXphHh3UsTCZvn_7DukSAOOSBSXkNuUMXvY_9xhmiP5lGAPY7wOASpIFKfSoIy45L6dcMa_FcCjgnD8-m7OZ_V_axq4VNC-yJL83A6uGC7gY2mRfn1Yi7thuMaaYsjzYOuV1O-a6lN0fjy87ceDHlNfrpkQDLkRuO24I5TaSGasJePUTircce2VYsLrbrvR1kj0nDbOlaQ7rySDxxPTLVT2:1legmS:0ASIEGcpts9CkrZQ9RRP3op7qyHCH2rC634-bOxqnoY	2021-05-20 16:23:16.718447+00
x4s6m2rgnzi92qxq48134kdyi1o4jpps	.eJxVjEsOAiEQBe_C2hAFmo9L956BNN0gowaSYWZlvLtOMgvdvqp6LxFxXWpcR57jxOIsrBOH3zEhPXLbCN-x3bqk3pZ5SnJT5E6HvHbOz8vu_h1UHPVbA6Gm7JGcUvpkrAcL5D0XUEkDIIWiuQTNhMWQCWCdslrRkTORSUW8PxSSOKg:1lldcc:S7cjUBwjiPn72xmBJVsPkaIE4S-2Ip7QugGGbVs6XOI	2021-06-08 20:25:50.475866+00
dwzlafsdwt22vngcpsu1mtklkofw67mm	.eJxVjEEOAiEQBP_C2RDBhQFv-hEyjEMgbthE4GT8u2L2oMeu7q6nCDh6DqPxI5SbOAvw4vALI9Kd62xwXSeWSLSN2uV3s9dNXj6Jay-EvWz1ur_-VBlbnh7FrD2crEEVyTPiErUloxbniIxOiSNaOFLilLzTEZI1oJ02xOiBxOsNCnQ9hw:1lcClP:r_qtQ9Nh6kXbcFV3ytq8pfC0FYi9HJeb6WwxDGGwa60	2021-05-13 19:55:55.493884+00
70ftxxnlrt8u876qwc3v8ie5m0cthh82	.eJxVjEEOwiAQRe_C2pCCwhSX7j0DmWEGqRpISrsy3l2bdKHb_977LxVxXUpcu8xxYnVWRh1-N8L0kLoBvmO9NZ1aXeaJ9KbonXZ9bSzPy-7-HRTs5VtbCzKSQWHJjAnAOWLIzM4yJRHIyMJGjsn6YMgP_jSwN4AUwkjZqvcHL6k5hg:1lccZG:6zb8ufpkYZKAl5FI9TAkDTa1jtj5p1KKiwQHMMnoEgg	2021-05-14 23:29:06.842062+00
w8d6ugt35w1s4jz34rcaycv6k0vpo544	.eJxVjEsOAiEQBe_C2hAFmo9L956BNN0gowaSYWZlvLtOMgvdvqp6LxFxXWpcR57jxOIsrBOH3zEhPXLbCN-x3bqk3pZ5SnJT5E6HvHbOz8vu_h1UHPVbA6Gm7JGcUvpkrAcL5D0XUEkDIIWiuQTNhMWQCWCdslrRkTORSUW8PxSSOKg:1lddlq:vIDHMpSS-zRgs0ZIZH_46akB4fHnfkQF4J_47TtDQ3o	2021-05-17 18:58:18.166636+00
u2omvj81bwq73np8c3h9r0jv0zb8kfor	.eJxVjEEOwiAQRe_C2pCCwhSX7j0DmWEGqRpISrsy3l2bdKHb_977LxVxXUpcu8xxYnVWRh1-N8L0kLoBvmO9NZ1aXeaJ9KbonXZ9bSzPy-7-HRTs5VtbCzKSQWHJjAnAOWLIzM4yJRHIyMJGjsn6YMgP_jSwN4AUwkjZqvcHL6k5hg:1loYSX:e4m3H3YMqkc_2mcnxktVWkoJCyH8Eqoq7qemUjNJW10	2021-06-16 21:31:29.799473+00
xovhwnc92cpmatl85obatnpmgi67i3yj	.eJxVjEEOwiAQRe_C2pCCwhSX7j0DmWEGqRpISrsy3l2bdKHb_977LxVxXUpcu8xxYnVWRh1-N8L0kLoBvmO9NZ1aXeaJ9KbonXZ9bSzPy-7-HRTs5VtbCzKSQWHJjAnAOWLIzM4yJRHIyMJGjsn6YMgP_jSwN4AUwkjZqvcHL6k5hg:1lqMIl:SVjnTUMqfXDaN5skTUR0On1lupLcYeZGeYHqNc6UJ3s	2021-06-21 20:56:51.059709+00
bz1cpuc62oz4jdjfjfu2rca1w6rxxxso	.eJxVjEsOAiEQBe_C2hAFmo9L956BNN0gowaSYWZlvLtOMgvdvqp6LxFxXWpcR57jxOIsrBOH3zEhPXLbCN-x3bqk3pZ5SnJT5E6HvHbOz8vu_h1UHPVbA6Gm7JGcUvpkrAcL5D0XUEkDIIWiuQTNhMWQCWCdslrRkTORSUW8PxSSOKg:1leIQ1:3rKOZrT9PQsbgOcMYu49tzlv5JF41PN6oZwzmSpv59g	2021-05-19 14:22:29.347687+00
r4pl6yfo2wy92l2nzvz611pb73frzhcd	.eJxVjLEOgzAQQ_8lc4WSI80d3cqPIHMEgYqCVJKp6r8XKoZ2sWQ_2y_ToeSpK1t8dvNgbkasufyGPfQR00GwLEdcQXUtKVffzom36r67mPKsyPOa2nP1dzVhm_YfZrmKszUrjSGE0fqe1LMTJQQWEgDOD-Qb1GisIzokclP7kSEw7w-s1Tsq:1lcCmM:lC9bICa9urfGAGkApQLyn2SOl_F2YYHE2HYsh--IF8I	2021-05-13 19:56:54.972923+00
e6r1hnexc60ub3p5z9ksgzgt6wt52w0i	.eJwVi8EKgzAQBf_lnYXg1Wu99NAfsJSwXZcaiNngrkUQ_73pbRhmTphyokzMuheP5uSC4XmiyOEYEO5lliMsukp04ZJYLaBD3ZTFrBVZP6k0Y6y1rWhIuy-x0kbrP8DVIT2-mfpxGt-3hNf1A-JxKJA:1llzI3:9nH4k1VmogXaqY4eOhLvLzHSYhckPPq3-RVGbXIyPfE	2021-06-09 19:34:03.620478+00
wl81rjhja70gzppst8yzz3260do90zdz	.eJwVi8EKwkAMBf_lnQurIEh71oMHv0BkCTHahXazNim0lP67620YZjaYcqKBmHXOHs3JBd1jQ5bF0SHc8kuW0Oso0YVzYrWABmVSFrNaDPpJuRpjLXVFRZq9j4UmGv8B9gbH6_l0-Lbr5d6-8dx_2SQn2g:1llzQA:3oQv9iEkjK2r3vaSFznDT4cOVPh5cdRdPl2ciaXOBTk	2021-06-09 19:42:26.768808+00
8j7n89thk42837nemgarn0jtqdjv738u	.eJxVjEEOwiAQRe_C2pCCwhSX7j0DmWEGqRpISrsy3l2bdKHb_977LxVxXUpcu8xxYnVWRh1-N8L0kLoBvmO9NZ1aXeaJ9KbonXZ9bSzPy-7-HRTs5VtbCzKSQWHJjAnAOWLIzM4yJRHIyMJGjsn6YMgP_jSwN4AUwkjZqvcHL6k5hg:1leeyN:6BbLgO-4zZRtZJ21jsP8gozOTuooxLGyVv-cUl-YIKs	2021-05-20 14:27:27.909594+00
pt910r1tklxqhxebs2hqxbfhqmv6r8mq	.eJxVjEEOwiAQRe_C2pCCwhSX7j0DmWEGqRpISrsy3l2bdKHb_977LxVxXUpcu8xxYnVWRh1-N8L0kLoBvmO9NZ1aXeaJ9KbonXZ9bSzPy-7-HRTs5VtbCzKSQWHJjAnAOWLIzM4yJRHIyMJGjsn6YMgP_jSwN4AUwkjZqvcHL6k5hg:1liyWf:P8Tvxs-1rzJiY8efm36tiWyvw7XVqIX0uPdXCXph_os	2021-06-01 12:08:41.062521+00
rhlk6pvjgh5hv25mbgb4hp641x012n3k	.eJxVjEsOAiEQBe_C2hAFmo9L956BNN0gowaSYWZlvLtOMgvdvqp6LxFxXWpcR57jxOIsrBOH3zEhPXLbCN-x3bqk3pZ5SnJT5E6HvHbOz8vu_h1UHPVbA6Gm7JGcUvpkrAcL5D0XUEkDIIWiuQTNhMWQCWCdslrRkTORSUW8PxSSOKg:1lmH3N:Jw1ZVfFNVGKoloCAwBGLyqw0KZsjqUGMHXLS0KwV_i8	2021-06-10 14:32:05.220948+00
f4lc8kxnw7bt1nswufkvpkhbtlt4a3up	.eJxVTkuLwjAQ_i9zLqVOa4zeVpCilz3tXhYpk5cN1qQkKSwU__um0oN7m_neM3Q0pb6bog6dVXAAtofiHRQk79otDA3DApckpZ9cKl-alY7lR_60S1ZSst4dV9e_qJ5in3OEqlhtaqa3ihmkRuFeVKzZcYkMN4Z4vWXcoFBGsAZRcNQVKoEGs4O4yaHRS0vDOqSLiZKGw88MY_BSx5hLBn-zblFKP2YO8vkaMlKgxyKAZwG_l8_2dPkK7Xc4w_X5B8blWfw:1lcTuD:axY3prXh-pR4FjIghht1RdXdPcC0fx7c_XlsS0BjHEw	2021-05-14 14:14:09.037663+00
4lz7e15rxw0vndfv28i6np9wa60dmc0v	.eJxVjEsOAiEQRO_C2kxoEBB3ehHSfDoQJ0wisDLeXcbMQpf1XlW9mMPRsxstPV2J7Mougp1-ocfwSHU3uK47XjCEbdS-fDuHbsttplR7CdjLVu_H6u8qY8vzR541GiChkVvUYCBpLoxUUXjiQoukSPlooyWKSHG2pVKawCrgFkCy9wfOvDvq:1lcClM:cWCqOhTi_v3VKmSHCpzt4-CVjblm1swqFh76PAcXGnA	2021-05-13 19:55:52.649593+00
93cxmyn9jhjw0b2skswtta6s0qqqzv6h	.eJxVjEEOwiAQRe_C2pCCwhSX7j0DmWEGqRpISrsy3l2bdKHb_977LxVxXUpcu8xxYnVWRh1-N8L0kLoBvmO9NZ1aXeaJ9KbonXZ9bSzPy-7-HRTs5VtbCzKSQWHJjAnAOWLIzM4yJRHIyMJGjsn6YMgP_jSwN4AUwkjZqvcHL6k5hg:1ldXAN:JRvi2XCNOqquRbD-orQ66uvlhJ_pZsVKbuqrt-KvfoE	2021-05-17 11:55:11.977594+00
fj5f632vtczb3njodm7z5jy23vby2xwn	.eJxVjEEOwiAQRe_C2pCCwhSX7j0DmWEGqRpISrsy3l2bdKHb_977LxVxXUpcu8xxYnVWRh1-N8L0kLoBvmO9NZ1aXeaJ9KbonXZ9bSzPy-7-HRTs5VtbCzKSQWHJjAnAOWLIzM4yJRHIyMJGjsn6YMgP_jSwN4AUwkjZqvcHL6k5hg:1llduA:lAabp91aJshSSMH0MDSKmfvZ5cqHslgPCeoAiSu_bKg	2021-06-08 20:43:58.800978+00
xkn3khco1xcw3o7orcnq1g0pg9vyvfxu	.eJxVzD1vg0AMgOH_4hkh7lK4wFhlaIYoS9UMUYR8tvloyR3ijinKfw9UWdgsv4_9gOCpxwGJ_OxiHSJGger6gHHyJCFABYNvewcJBPLj0mAZcY5dPeKE9xXAM4H2rH8u3_Ph-LVr4ZZA_U_mIFPd82IUbHYW6U_cGvgXXetT8i5OvU1Xkr5rSE-eZfh8282DDkO3XGttZG8VCkvDSMbkuWXTMOeaLYmYBllYyY50USpbZMVHxoUyaMtybxsNzxfQAFZq:1lddYZ:qwy8J8w-2t9IWqAZxY9lJq-6NNoxRKOK9Qz_Loou7wM	2021-05-17 18:44:35.751461+00
fejkj0vwm9je8wdl486czz81w5z0tomu	.eJxVjEEOgjAURO_StSGF9hfqTi5CvtPftJGURMrKeHfBsNDlvJl5LzXxVtO0rfKcclBX1Q_q8gvvjIeUo-F5PnDDwLKV2nw3Z702tz1JqRlc81LG8_WnSrym3eMiCZwH--Cp7VruQbBWu4EIzlAfooBs6Lx4AEFg4qCtFh3ZGzHq_QH1uz0n:1lcClg:HU-zPSuACJVElbij4I5u9bem660MZJTGugR7ppQPIUw	2021-05-13 19:56:12.207102+00
bkma65bm8vgsdx5t382y4nh5fl3uu8j7	.eJxVTUsOwiAQvQtrQ4YWGHSnF2lmGAyNDU0EVsa725oudPf-76Um6i1PvabnNIu6qGDU6Vdkio9UdoeWZZc1xbj20vQ3c9hVXzeWSpsjtXktt6P1N5Wp5v1BLGNCDwOjsw4sMgoYvMPZeEgkwuLtMAYbcOQR2IuV4IIDDxuI6v0BxGM7kA:1lcClv:HXmGvVM9s0AM8KQpASYRWI7CJNRC_PKGT-4p5im8mwE	2021-05-13 19:56:27.028984+00
4zkn3mx2b95e7zev88pai84ke4r5ve5s	.eJxVjEEOwiAQRe_C2pCCwhSX7j0DmWEGqRpISrsy3l2bdKHb_977LxVxXUpcu8xxYnVWRh1-N8L0kLoBvmO9NZ1aXeaJ9KbonXZ9bSzPy-7-HRTs5VtbCzKSQWHJjAnAOWLIzM4yJRHIyMJGjsn6YMgP_jSwN4AUwkjZqvcHL6k5hg:1leIQS:2CmJaR-gPa_SzS0mHQCa_H0LKduq9BUt2Z7k6Yksbtw	2021-05-19 14:22:56.176469+00
2q6kdw4cy9c8em787bo1i4df1sbdeoze	.eJxVjEsOAiEQBe_C2hAFmo9L956BNN0gowaSYWZlvLtOMgvdvqp6LxFxXWpcR57jxOIsrBOH3zEhPXLbCN-x3bqk3pZ5SnJT5E6HvHbOz8vu_h1UHPVbA6Gm7JGcUvpkrAcL5D0XUEkDIIWiuQTNhMWQCWCdslrRkTORSUW8PxSSOKg:1lleVM:IeIVGEPWyB7QSaXHhEspWsTO-Ghjl-MuZmjbsNarfpI	2021-06-08 21:22:24.833032+00
uztvoxx0ijl2di19kamme6k9jofn5c5r	.eJxVzDFvgzAQhuH_cjNCqY2NyVipQ4cuXasKHZ_tQEptxJkpyn8vVFmyne597m4kGRPPDOQtlV4Kl0Dnrxsta0YQoTPN-TIlqkiQl73RPvJWxn7hlX8PQPeKTmJsef-8lsW90XdF_T_ZJKz95HdjW3paDoyfkI7ir5wuuUZOZZ2G-iD1o0r9kX2YXx_26cHIMu7XBqwRHKNVSr801hlr4JyPRg3aGEYXtY-d9uDYoOmMbZXVCicfgGaIdP8D47BVpw:1leOP0:-M7C3Cu1DK3gs2X5v99apHVTa7TwJrR0qQvDt1tsve8	2021-05-19 20:45:50.896479+00
tgob72lsoeldkbue85kj8gxx6y35ko7c	.eJxVjEEOwiAQRe_C2pCCwhSX7j0DmWEGqRpISrsy3l2bdKHb_977LxVxXUpcu8xxYnVWRh1-N8L0kLoBvmO9NZ1aXeaJ9KbonXZ9bSzPy-7-HRTs5VtbCzKSQWHJjAnAOWLIzM4yJRHIyMJGjsn6YMgP_jSwN4AUwkjZqvcHL6k5hg:1lpIu8:13P-mXYJz8sHM-KmK53LI-rAfKmbeVwHcK8BhrKgLmA	2021-06-18 23:07:04.611765+00
24shhhsjerc3zhedfu1899izpek98n3t	.eJxVjMEOgjAQRP-lZ0O2bAutN_0RsrssKZGURNqT8d8Fw0GP82bmvcxAtaShbvoc5tFcjQUwl1_KJA_NR0XLcuCGRNaaS_PdnPXW3PakucxCZV7z_Xz9qRJtafe0QDqhagcMocMxWGSEPrgYOAachCwDRPFo2z54dq1wVOssTupQvXl_APIrPAw:1lqi48:jyUQZXf-jDIW0XEpDCyBYWTvHm199YY71zak5boCiOw	2021-06-22 20:11:12.642801+00
qzfn6g1r1lhzxsewxk771exxn72496y3	.eJwVi0EKwjAQRe_y14VstRcQD-BCRMIwTttAmwmZqVZK727cPR7v7TDlRDMx65o9mpML-seOLJujR7jml2xh0kWiC-fEagEdSlUWs1bMOqbcjLGWtqIhrT7FQpWWf4CjA79Pcq_nz-07XPA8fuS6KOI:1llzJu:Q4X3Mg7G5i_ejj9BWXXWJKxaPZxfrriMLdgqzTYJBfY	2021-06-09 19:35:58.862419+00
540w4ui7etbizga90l4m1wkssfq8lzgl	.eJwVi0EKwjAQRe_y14V0J_YEduMBFAlhHGwwmQmdKRRK727cPR7vHTClnEoi0k08midnTM8DwrtjQpjlzXtYtHJ0JsmkFjCgrUps1ouinyzdGGnrKzqmzZfY0prqP8A54FpnGcf7o3wvN7zOH93zKDE:1llzSz:5LWn_ZA8UKX6n0kBxCv5z_o8nYG_6wy44p2TD-NUiYo	2021-06-09 19:45:21.144873+00
vrbg5jtw8874appkl0xt0ueiok0ty8z5	.eJxVzDFvgzAQhuH_cjNCqY0NZOweVc0aVej4bAcSsJFtlkb574UqS7bTvc_dg1LAyBMDYfW5S5mzpePlQUsMsCnRkaZwHT0VlBCWrdE28pqHbuHI8w7oWdBh9nqKX-ffb1PTT0HdP1mTjd1oNqNrelv2jLv1ezE39tdQIvgcx77cSfmqqTwFY6fPl317MHAatmsFlrANoxZCflS6UVqhaYxTopdKMVonjWulAbsKVat0LbQUOBgLVL2j5x8QNVXl:1lyIBw:emMk5wMpYVCeRMtOcktpnCxBrWgYFg4pmzohVcuj3zk	2021-07-13 18:10:36.523535+00
3p33lw566s0fo655wrgvk25nccziassp	.eJxVjEsOAiEQBe_C2hAFmo9L956BNN0gowaSYWZlvLtOMgvdvqp6LxFxXWpcR57jxOIsrBOH3zEhPXLbCN-x3bqk3pZ5SnJT5E6HvHbOz8vu_h1UHPVbA6Gm7JGcUvpkrAcL5D0XUEkDIIWiuQTNhMWQCWCdslrRkTORSUW8PxSSOKg:1lyz5S:XcxZQTaYLQ5Wa-ipSeYS-q139-Zm48Zf5ZfVTYf6b14	2021-07-15 15:58:46.743258+00
i5y7bij1yli6d2araaloe0r6naudatyx	.eJxVjEEOwiAQRe_C2pCCwhSX7j0DmWEGqRpISrsy3l2bdKHb_977LxVxXUpcu8xxYnVWRh1-N8L0kLoBvmO9NZ1aXeaJ9KbonXZ9bSzPy-7-HRTs5VtbCzKSQWHJjAnAOWLIzM4yJRHIyMJGjsn6YMgP_jSwN4AUwkjZqvcHL6k5hg:1lyzPN:4HiYacUWZZIfDVeOnoG3wjH9C800XWSxAtm5R0LtD1k	2021-07-15 16:19:21.045858+00
er7e8stc0mgpu95t2rpc155wd8tktrxr	eyJzb2NpYWxhY2NvdW50X3N0YXRlIjpbeyJwcm9jZXNzIjoibG9naW4iLCJzY29wZSI6IiIsImF1dGhfcGFyYW1zIjoiIn0sIk11RVNkTTRRbjVKMiJdfQ:1lz27O:bnW0F9-zWUDq5YwrhZx_DZVIxMy00cMKRXIT9tdWTSc	2021-07-15 19:12:58.41489+00
5ayrmbctwnntybj7le1bu90l4ju7j9fd	.eJxVzDFvgzAQhuH_cjNCrY2NnbGK1KXdKnWoKnR8tgMJtRE2S6P890KVJdvp3ufuSjlh5ImBtMbS5cLF0-HrSvOS4HOmA03pNEaqKCPNW6Nt5LUM3cwL_-yAbhX92svnx_HVrubtTN8Vdf9kzX7pRrcZ3dLDsmdcfNyLO3M8pRoplmXs653U95rr9-T89HK3Dw8GzsN2rcAS3jBaIeRzo43SCsa4oEQvlWLYIF2w0oFDg8Yq3QotBZ6cB5o-0O0P6q5Vrw:1lz2AZ:zL9h82bW6rQG-bGPPZqLOXTq6H6d5uzZEJUWzh9Axko	2021-07-15 19:16:15.662121+00
fx5vrdyuel8810gudgjildebph56p3c2	.eJxVjEsOAiEQBe_C2hAFmo9L956BNN0gowaSYWZlvLtOMgvdvqp6LxFxXWpcR57jxOIsrBOH3zEhPXLbCN-x3bqk3pZ5SnJT5E6HvHbOz8vu_h1UHPVbA6Gm7JGcUvpkrAcL5D0XUEkDIIWiuQTNhMWQCWCdslrRkTORSUW8PxSSOKg:1lz2Al:qOTDLhNx5yAhUIClzUfBWSttwIdiD_eAliCUtAj6bDM	2021-07-15 19:16:27.979851+00
40gssiz74k9e87s09b2ia9qjjghmf0gt	.eJxVjEsOAiEQBe_C2hAFmo9L956BNN0gowaSYWZlvLtOMgvdvqp6LxFxXWpcR57jxOIsrBOH3zEhPXLbCN-x3bqk3pZ5SnJT5E6HvHbOz8vu_h1UHPVbA6Gm7JGcUvpkrAcL5D0XUEkDIIWiuQTNhMWQCWCdslrRkTORSUW8PxSSOKg:1m2yiI:Fo57072ONZaB1OID1oBtjPNtDarOqpnwMo6c4HLK1EI	2021-07-26 16:23:22.388992+00
j6gj9z0ddmfk3y5huyh5gp8puts6yzn6	.eJxVjEEOwiAQRe_C2pCCwhSX7j0DmWEGqRpISrsy3l2bdKHb_977LxVxXUpcu8xxYnVWRh1-N8L0kLoBvmO9NZ1aXeaJ9KbonXZ9bSzPy-7-HRTs5VtbCzKSQWHJjAnAOWLIzM4yJRHIyMJGjsn6YMgP_jSwN4AUwkjZqvcHL6k5hg:1m2yjp:jNrLYaFKISABCoRn34gV2LALVLLBZJ7YLeByqj1ucyU	2021-07-26 16:24:57.503858+00
z8w7jfwb6knqf700qe15aw91r6pitiip	.eJxVjEsOAiEQBe_C2hAFmo9L956BNN0gowaSYWZlvLtOMgvdvqp6LxFxXWpcR57jxOIsrBOH3zEhPXLbCN-x3bqk3pZ5SnJT5E6HvHbOz8vu_h1UHPVbA6Gm7JGcUvpkrAcL5D0XUEkDIIWiuQTNhMWQCWCdslrRkTORSUW8PxSSOKg:1m6aBe:Cwe0BRCZkezP0swD2zBNRTnNlVtjKYc64M10SJdmATE	2021-08-05 15:00:34.265789+00
7c86ywjjqct8x0gb36x8xld9p4whj9g3	.eJxVjEEOwiAQRe_C2pCCwhSX7j0DmWEGqRpISrsy3l2bdKHb_977LxVxXUpcu8xxYnVWRh1-N8L0kLoBvmO9NZ1aXeaJ9KbonXZ9bSzPy-7-HRTs5VtbCzKSQWHJjAnAOWLIzM4yJRHIyMJGjsn6YMgP_jSwN4AUwkjZqvcHL6k5hg:1mAwoj:SrO-_jBkQbgFXXAsEx93mCEuUML8jsa-BUkT-4cI-C0	2021-08-17 15:58:57.791024+00
v2rg2ij4edni223ru8ityfliuzkgj5tn	.eJxVjMEOgjAQRP-lZ0O2bAutN_0RsrssKZGURNqT8d8Fw0GP82bmvcxAtaShbvoc5tFcjQUwl1_KJA_NR0XLcuCGRNaaS_PdnPXW3PakucxCZV7z_Xz9qRJtafe0QDqhagcMocMxWGSEPrgYOAachCwDRPFo2z54dq1wVOssTupQvXl_APIrPAw:1mB2pH:Y4XGERb3O2IT4kj9j1caLf17qx-SbC4AaWnD7aSRGII	2021-08-17 22:23:55.995193+00
9xx3zck5mwrjc431szo74tato97h0b36	.eJxVjEsOAiEQBe_C2hAFmo9L956BNN0gowaSYWZlvLtOMgvdvqp6LxFxXWpcR57jxOIsrBOH3zEhPXLbCN-x3bqk3pZ5SnJT5E6HvHbOz8vu_h1UHPVbA6Gm7JGcUvpkrAcL5D0XUEkDIIWiuQTNhMWQCWCdslrRkTORSUW8PxSSOKg:1mBdoA:oAJ4_AaZ3gt9NLJxLAWRVDxLKo_oktbF9dRHEdZwaMM	2021-08-19 13:53:14.567905+00
gd28f2yydydl4zi81vpnklcnofx1yb3v	.eJxVjEsOAiEQBe_C2hAFmo9L956BNN0gowaSYWZlvLtOMgvdvqp6LxFxXWpcR57jxOIsrBOH3zEhPXLbCN-x3bqk3pZ5SnJT5E6HvHbOz8vu_h1UHPVbA6Gm7JGcUvpkrAcL5D0XUEkDIIWiuQTNhMWQCWCdslrRkTORSUW8PxSSOKg:1mBdy6:Dgq8Bl3D6gkqRL1CK13U-sN4ybCqAiPMSLBwgNDd-cY	2021-08-19 14:03:30.142569+00
0noi6xmzuydqdhrigefyk4smoip0ec0p	.eJxVjEsOAiEQBe_C2hAFmo9L956BNN0gowaSYWZlvLtOMgvdvqp6LxFxXWpcR57jxOIsrBOH3zEhPXLbCN-x3bqk3pZ5SnJT5E6HvHbOz8vu_h1UHPVbA6Gm7JGcUvpkrAcL5D0XUEkDIIWiuQTNhMWQCWCdslrRkTORSUW8PxSSOKg:1mDRbI:6WcMRPxr1K5xW8fRjiKf2aVemf3oy6Ep6e7uHQiMrY8	2021-08-24 13:15:24.632441+00
7gwg3eanqdqaoxnnp53hzodg1ire0jfk	.eJxVjEEOwiAQRe_C2pCCwhSX7j0DmWEGqRpISrsy3l2bdKHb_977LxVxXUpcu8xxYnVWRh1-N8L0kLoBvmO9NZ1aXeaJ9KbonXZ9bSzPy-7-HRTs5VtbCzKSQWHJjAnAOWLIzM4yJRHIyMJGjsn6YMgP_jSwN4AUwkjZqvcHL6k5hg:1mDRgH:aD6Y0d5jg9DOe96IGQ6A9r-MHxOJIIDVQFFvr_n_78Y	2021-08-24 13:20:33.021107+00
javlv6wag9afwi1lhxhpr0397jg1fseh	.eJxVjEsOAiEQBe_C2hAFmo9L956BNN0gowaSYWZlvLtOMgvdvqp6LxFxXWpcR57jxOIsrBOH3zEhPXLbCN-x3bqk3pZ5SnJT5E6HvHbOz8vu_h1UHPVbA6Gm7JGcUvpkrAcL5D0XUEkDIIWiuQTNhMWQCWCdslrRkTORSUW8PxSSOKg:1mDUcH:PcDcsEJGoM6vXOa9JMdAfi7NHv7oK015_5PLaBxsPLU	2021-08-24 16:28:37.59443+00
a357jeb81p3aenmd181bmdf87shf2man	.eJxVjEsOAiEQBe_C2hAFmo9L956BNN0gowaSYWZlvLtOMgvdvqp6LxFxXWpcR57jxOIsrBOH3zEhPXLbCN-x3bqk3pZ5SnJT5E6HvHbOz8vu_h1UHPVbA6Gm7JGcUvpkrAcL5D0XUEkDIIWiuQTNhMWQCWCdslrRkTORSUW8PxSSOKg:1mDoZV:nRbXvh3pFTx9bga3dhiJWuYiHUsGjXGaxMPQlR_2TnE	2021-08-25 13:47:05.364253+00
c7e9lzb5ggtu1hzfh3yrs3mea9a56tnz	.eJxVjEsOAiEQBe_C2hAFmo9L956BNN0gowaSYWZlvLtOMgvdvqp6LxFxXWpcR57jxOIsrBOH3zEhPXLbCN-x3bqk3pZ5SnJT5E6HvHbOz8vu_h1UHPVbA6Gm7JGcUvpkrAcL5D0XUEkDIIWiuQTNhMWQCWCdslrRkTORSUW8PxSSOKg:1mDowd:s_-BGV8DZL0HOM1_Fn9bkRx5AKkpmQMS53POzuslo9M	2021-08-25 14:10:59.918067+00
17kr14a8v75958j6zg08r26b0soojh0f	.eJxVjEEOwiAQRe_C2pCCwhSX7j0DmWEGqRpISrsy3l2bdKHb_977LxVxXUpcu8xxYnVWRh1-N8L0kLoBvmO9NZ1aXeaJ9KbonXZ9bSzPy-7-HRTs5VtbCzKSQWHJjAnAOWLIzM4yJRHIyMJGjsn6YMgP_jSwN4AUwkjZqvcHL6k5hg:1mDpOZ:uSP78Js9Y8-98Jtsl-XtauJG2F98UOSm-Dc3sPMm6d4	2021-08-25 14:39:51.484067+00
d11jqj897uvq7htug2wff3xdtus1r3x4	.eJxVjEEOwiAQRe_C2pCCwhSX7j0DmWEGqRpISrsy3l2bdKHb_977LxVxXUpcu8xxYnVWRh1-N8L0kLoBvmO9NZ1aXeaJ9KbonXZ9bSzPy-7-HRTs5VtbCzKSQWHJjAnAOWLIzM4yJRHIyMJGjsn6YMgP_jSwN4AUwkjZqvcHL6k5hg:1mDq1a:LrJvapbKjIfagRWG_tETD4EuFptL0-2ZrzBla_Nk3CY	2021-08-25 15:20:10.78288+00
o4zgwb6sgc2iezit1qdv6na7hpt1mrba	.eJxVjEsOAiEQBe_C2hAFmo9L956BNN0gowaSYWZlvLtOMgvdvqp6LxFxXWpcR57jxOIsrBOH3zEhPXLbCN-x3bqk3pZ5SnJT5E6HvHbOz8vu_h1UHPVbA6Gm7JGcUvpkrAcL5D0XUEkDIIWiuQTNhMWQCWCdslrRkTORSUW8PxSSOKg:1mEZgg:7VboTlPIXysIkirtepSj0VAFl1SbwWYU8upWkgUs4XA	2021-08-27 16:05:38.03774+00
1cx38pav3n4zmfi7j2v9dbj9q2h5u9zs	.eJxVjEsOAiEQBe_C2hAFmo9L956BNN0gowaSYWZlvLtOMgvdvqp6LxFxXWpcR57jxOIsrBOH3zEhPXLbCN-x3bqk3pZ5SnJT5E6HvHbOz8vu_h1UHPVbA6Gm7JGcUvpkrAcL5D0XUEkDIIWiuQTNhMWQCWCdslrRkTORSUW8PxSSOKg:1mEZoR:HQnfBfJhbMEC5-MirYd3-PFOQMRjzGsxO37Fb0Fu94I	2021-08-27 16:13:39.363868+00
bjih46r3xcngt247hizdedz98i1l6qqb	.eJxVjEEOwiAQRe_C2pCCwhSX7j0DmWEGqRpISrsy3l2bdKHb_977LxVxXUpcu8xxYnVWRh1-N8L0kLoBvmO9NZ1aXeaJ9KbonXZ9bSzPy-7-HRTs5VtbCzKSQWHJjAnAOWLIzM4yJRHIyMJGjsn6YMgP_jSwN4AUwkjZqvcHL6k5hg:1mEbkw:aDj3iuTCKRdg6a71k7OZaijxLpiKIPtIIr3VMzi4M_s	2021-08-27 18:18:10.692826+00
x7tm37zy9q7iuzawrxd139juefy4lfdm	.eJxVjEEOwiAQRe_C2pCCwhSX7j0DmWEGqRpISrsy3l2bdKHb_977LxVxXUpcu8xxYnVWRh1-N8L0kLoBvmO9NZ1aXeaJ9KbonXZ9bSzPy-7-HRTs5VtbCzKSQWHJjAnAOWLIzM4yJRHIyMJGjsn6YMgP_jSwN4AUwkjZqvcHL6k5hg:1mEwOQ:mD0MQGDwzqz6ORiiiq9hs9MZowFiPAOfYNH7qNyL944	2021-08-28 16:20:18.105995+00
qowhm8ts39kwvnnj08gk5q3p27n2jcnu	.eJxVjEsOAiEQBe_C2hAFmo9L956BNN0gowaSYWZlvLtOMgvdvqp6LxFxXWpcR57jxOIsrBOH3zEhPXLbCN-x3bqk3pZ5SnJT5E6HvHbOz8vu_h1UHPVbA6Gm7JGcUvpkrAcL5D0XUEkDIIWiuQTNhMWQCWCdslrRkTORSUW8PxSSOKg:1mFlJg:jFgm22aFwSZdmg9DoD3qcrtxw7hdJ7KaRU1S43QbRu4	2021-08-30 22:42:48.290005+00
8d68d7kczy9y3e0y1x4t3wb300so9r47	.eJxVjEEOwiAQRe_C2pCCwhSX7j0DmWEGqRpISrsy3l2bdKHb_977LxVxXUpcu8xxYnVWRh1-N8L0kLoBvmO9NZ1aXeaJ9KbonXZ9bSzPy-7-HRTs5VtbCzKSQWHJjAnAOWLIzM4yJRHIyMJGjsn6YMgP_jSwN4AUwkjZqvcHL6k5hg:1mFmF5:ERARdZmLJKaMYwwb6KEh2RDe9KeBslzpWfEwZoCGb00	2021-08-30 23:42:07.891995+00
il0f1msqaklpd9ru95fedgl7gajl5r0y	.eJxVjEsOAiEQBe_C2hAFmo9L956BNN0gowaSYWZlvLtOMgvdvqp6LxFxXWpcR57jxOIsrBOH3zEhPXLbCN-x3bqk3pZ5SnJT5E6HvHbOz8vu_h1UHPVbA6Gm7JGcUvpkrAcL5D0XUEkDIIWiuQTNhMWQCWCdslrRkTORSUW8PxSSOKg:1mOJci:dxqQArio1D1ZBl-Io1dMQmg8ZUQVUnZs9Ym5NSj7GAg	2021-09-23 12:57:48.395037+00
sloc1eu7xejjc11jqkjmoxwh4mcir4ph	.eJxVjEEOwiAQRe_C2pCCwhSX7j0DmWEGqRpISrsy3l2bdKHb_977LxVxXUpcu8xxYnVWRh1-N8L0kLoBvmO9NZ1aXeaJ9KbonXZ9bSzPy-7-HRTs5VtbCzKSQWHJjAnAOWLIzM4yJRHIyMJGjsn6YMgP_jSwN4AUwkjZqvcHL6k5hg:1mOKlN:u8lTxTSBgXcDiohnRQ7iMFT-yv_ua0HfAYRAYuyKcqM	2021-09-23 14:10:49.546618+00
m7p0sfa56luiogurd5reeu6ger5sbt2j	.eJxVjEsOAiEQBe_C2hAFmo9L956BNN0gowaSYWZlvLtOMgvdvqp6LxFxXWpcR57jxOIsrBOH3zEhPXLbCN-x3bqk3pZ5SnJT5E6HvHbOz8vu_h1UHPVbA6Gm7JGcUvpkrAcL5D0XUEkDIIWiuQTNhMWQCWCdslrRkTORSUW8PxSSOKg:1mOPhh:rv1I9qk2eJKdJ47lxAcwfUD8c8sRM6nfhEAr2YoNNOc	2021-09-23 19:27:21.866483+00
45w8usp44v2sz6j2q4223rk29978btx1	.eJxVzMFugzAMgOF38RmhLSEBeuwq9dTbbtWEjJMUOhojHHoY6rsPql56s_x_9gLC1OOARDzH1EjC5GF3XmCcmLwI7GDgSx8hAyEe1wbriHPqmhEnvG0AHhnM4x_f-fv4JQcNPxk0TzKLn5rercaW8LZskX593Iq7YrxwThzT1Lf5RvJXlfzEzg_7l3170KF067Uh1OQrpFIp_VnYylhDVeWCUa02BqkO2oVaO8JQUFEbWyqrFX04T1S0AR7_TzlWOg:1mOfSe:USjIwSbYh84Fj1dov6oki3AGIRgc4lSZM69-YWTYQdg	2021-09-24 12:16:52.484954+00
0x5ukrscib0a201hthjrwl3m9wpq9gvu	.eJxVjEEOwiAQRe_C2pCCwhSX7j0DmWEGqRpISrsy3l2bdKHb_977LxVxXUpcu8xxYnVWRh1-N8L0kLoBvmO9NZ1aXeaJ9KbonXZ9bSzPy-7-HRTs5VtbCzKSQWHJjAnAOWLIzM4yJRHIyMJGjsn6YMgP_jSwN4AUwkjZqvcHL6k5hg:1mOfXU:iqmF_3UeeA4lDLSqyyA547yYVtOQcnwBhdWy-HGBnB4	2021-09-24 12:21:52.923302+00
dq0xio849ak3q66ivniy8ch2vdkbasec	.eJxVjEsOAiEQBe_C2hAFmo9L956BNN0gowaSYWZlvLtOMgvdvqp6LxFxXWpcR57jxOIsrBOH3zEhPXLbCN-x3bqk3pZ5SnJT5E6HvHbOz8vu_h1UHPVbA6Gm7JGcUvpkrAcL5D0XUEkDIIWiuQTNhMWQCWCdslrRkTORSUW8PxSSOKg:1mOoRd:qYOuUPLe6J8f3HTw6luNltMfH4ajdSFB3a4ifhOJeXQ	2021-09-24 21:52:25.616265+00
pe9kth3g5h1ub6ri4oe4dmv3ia2vl822	.eJxVjEsOAiEQBe_C2hAFmo9L956BNN0gowaSYWZlvLtOMgvdvqp6LxFxXWpcR57jxOIsrBOH3zEhPXLbCN-x3bqk3pZ5SnJT5E6HvHbOz8vu_h1UHPVbA6Gm7JGcUvpkrAcL5D0XUEkDIIWiuQTNhMWQCWCdslrRkTORSUW8PxSSOKg:1mPnXO:lBGTI2Gu42u74WGga5443RVyTcYBSjIJdHLf3xWu89U	2021-09-27 15:06:26.856216+00
3x2r1io8a6w8md077q51ndlh78cfcppy	.eJxVjMsOwiAQRf-FtSHDQx4u3fcbyMCAVA0kpV0Z_12bdKHbe865LxZwW2vYRl7CTOzCBEh2-l0jpkduO6I7tlvnqbd1mSPfFX7QwadO-Xk93L-DiqN-a0fn7Iz22WlwxoOypiipSJOXAotXGtEDOGlLRCPIUnReJk0yUilg2fsDCHE36w:1mQF7c:A8ELo9dBM3UIGETaFM-PlRVP954-UbESoFP7c9N5EGY	2021-09-28 20:33:40.775741+00
1wbpqye79jo96vxiu9ez3drrp7q79bfq	.eJxVjEsOAiEQBe_C2hAFmo9L956BNN0gowaSYWZlvLtOMgvdvqp6LxFxXWpcR57jxOIsrBOH3zEhPXLbCN-x3bqk3pZ5SnJT5E6HvHbOz8vu_h1UHPVbA6Gm7JGcUvpkrAcL5D0XUEkDIIWiuQTNhMWQCWCdslrRkTORSUW8PxSSOKg:1mQFCu:1af0Sety7HymBejP00VMF3g5e4CtPyKeRMqHoT43AUU	2021-09-28 20:39:08.312064+00
htdv5vebpjwx5ysek9vf25vvzdzxdbkq	.eJxVjEEOgjAQRe_StWnolOLUpXvO0ExnBosaSCisjHdXEha6_e-9_zKJtrWkreqSRjEX4xpvTr9rJn7otCO503SbLc_TuozZ7oo9aLX9LPq8Hu7fQaFavvWA2pJnB1ERM1PwLB12kAEZA3vXDucGnMYYNZDLFERAQAMj-LaL5v0BNcM4Qg:1mQFDY:PoxD2MtfvgjhiCtWXGM6SrfC2ngyT_sd18e7C8UI-iw	2021-09-28 20:39:48.545939+00
pm0ew06fo3y9yq7b2eafixjrxxs4jr4v	.eJxVjEsOAiEQBe_C2hAFmo9L956BNN0gowaSYWZlvLtOMgvdvqp6LxFxXWpcR57jxOIsrBOH3zEhPXLbCN-x3bqk3pZ5SnJT5E6HvHbOz8vu_h1UHPVbA6Gm7JGcUvpkrAcL5D0XUEkDIIWiuQTNhMWQCWCdslrRkTORSUW8PxSSOKg:1mQTb8:_SwtpufrXH3KlI8vWZedsCKkLUE154gCTISwtFwok8s	2021-09-29 12:01:06.031197+00
4i23zx3k2vf40wovoo4rarc0se4hp4cl	.eJxVjEsOAiEQBe_C2hAFmo9L956BNN0gowaSYWZlvLtOMgvdvqp6LxFxXWpcR57jxOIsrBOH3zEhPXLbCN-x3bqk3pZ5SnJT5E6HvHbOz8vu_h1UHPVbA6Gm7JGcUvpkrAcL5D0XUEkDIIWiuQTNhMWQCWCdslrRkTORSUW8PxSSOKg:1nCkMd:iMebtvHIXX-A1GMB8vZbAccDoiMJvEa8K9_mOMrLXug	2022-02-09 15:37:39.045158+00
dmfda9o79m42fub0hbdpdzeuh0zwyc5z	.eJxVjEsOAiEQBe_C2hAFmo9L956BNN0gowaSYWZlvLtOMgvdvqp6LxFxXWpcR57jxOIsrBOH3zEhPXLbCN-x3bqk3pZ5SnJT5E6HvHbOz8vu_h1UHPVbA6Gm7JGcUvpkrAcL5D0XUEkDIIWiuQTNhMWQCWCdslrRkTORSUW8PxSSOKg:1nDRkS:IjPI6E2tCrh5f8mWN44tjeiEEbrY3TKWBID7jSfwYec	2022-02-11 13:57:08.743835+00
pe99pbho4avtzg0woycy9sen0w6cn8zf	.eJxVjEsOAiEQBe_C2hAFmo9L956BNN0gowaSYWZlvLtOMgvdvqp6LxFxXWpcR57jxOIsrBOH3zEhPXLbCN-x3bqk3pZ5SnJT5E6HvHbOz8vu_h1UHPVbA6Gm7JGcUvpkrAcL5D0XUEkDIIWiuQTNhMWQCWCdslrRkTORSUW8PxSSOKg:1nEVsO:NixSXSR8aRblXyVGfxod3yxvT4VK6vYAsKifJjWSo2M	2022-02-14 12:33:44.756033+00
fj7swefsoauzsw6j1ldlq6bprt1znu5r	.eJxVjEsOAiEQBe_C2hAFmo9L956BNN0gowaSYWZlvLtOMgvdvqp6LxFxXWpcR57jxOIsrBOH3zEhPXLbCN-x3bqk3pZ5SnJT5E6HvHbOz8vu_h1UHPVbA6Gm7JGcUvpkrAcL5D0XUEkDIIWiuQTNhMWQCWCdslrRkTORSUW8PxSSOKg:1nFETF:J-r6ylUgwXYWBeC4qrzDFbcSTS-uVNM6Qui8e5rp4hE	2022-02-16 12:10:45.072465+00
ziyr85g01gstmcmdorxw34lvbtn8i63u	.eJxVjEEOwiAQRe_C2pCCwhSX7j0DmWEGqRpISrsy3l2bdKHb_977LxVxXUpcu8xxYnVWRh1-N8L0kLoBvmO9NZ1aXeaJ9KbonXZ9bSzPy-7-HRTs5VtbCzKSQWHJjAnAOWLIzM4yJRHIyMJGjsn6YMgP_jSwN4AUwkjZqvcHL6k5hg:1nG31z:LLb_NeTHMzWxkgoScJrtMx7CtiST3LbeQjccU-z2gvo	2022-02-18 18:09:59.518221+00
14418fpg868wqo12j6ppinjfrf6g2r5n	.eJxVjEEOwiAQRe_C2pCCwhSX7j0DmWEGqRpISrsy3l2bdKHb_977LxVxXUpcu8xxYnVWRh1-N8L0kLoBvmO9NZ1aXeaJ9KbonXZ9bSzPy-7-HRTs5VtbCzKSQWHJjAnAOWLIzM4yJRHIyMJGjsn6YMgP_jSwN4AUwkjZqvcHL6k5hg:1nIaz5:273QoRgtcdltuHTHWPBHra9iPS54jnJmMXmwnaLGyEU	2022-02-25 18:49:31.215737+00
29vdc72v3ckkjhtjmgrnqcnb22kx8t0h	.eJxVjEsOAiEQBe_C2hAFmo9L956BNN0gowaSYWZlvLtOMgvdvqp6LxFxXWpcR57jxOIsrBOH3zEhPXLbCN-x3bqk3pZ5SnJT5E6HvHbOz8vu_h1UHPVbA6Gm7JGcUvpkrAcL5D0XUEkDIIWiuQTNhMWQCWCdslrRkTORSUW8PxSSOKg:1mQTcv:a41_VZKQ1OW3I7nLiGmIOd5G4JqDXgkhUctHAEyeY2k	2021-09-29 12:02:57.191522+00
1t3p18q00dfsdwdu5c54ezn0f41fbcyg	.eJxVjEsOAiEQBe_C2hAFmo9L956BNN0gowaSYWZlvLtOMgvdvqp6LxFxXWpcR57jxOIsrBOH3zEhPXLbCN-x3bqk3pZ5SnJT5E6HvHbOz8vu_h1UHPVbA6Gm7JGcUvpkrAcL5D0XUEkDIIWiuQTNhMWQCWCdslrRkTORSUW8PxSSOKg:1nCmn5:axj6yQ-76itfDSdGi24OpO1Vomh78UBRN__LBgXL6vQ	2022-02-09 18:13:07.243479+00
ytpa5z9ve1jofzyezqzkil899m32hpk7	.eJxVjEEOwiAQRe_C2pCCwhSX7j0DmWEGqRpISrsy3l2bdKHb_977LxVxXUpcu8xxYnVWRh1-N8L0kLoBvmO9NZ1aXeaJ9KbonXZ9bSzPy-7-HRTs5VtbCzKSQWHJjAnAOWLIzM4yJRHIyMJGjsn6YMgP_jSwN4AUwkjZqvcHL6k5hg:1nDRot:MRCfT8qlsTO8Sp2ikgA5vQgElWKNj-6yfXpXOFlJbG4	2022-02-11 14:01:43.316598+00
eq7r0cli3edmbyf00lms5lerqgm55k3s	.eJxVjEEOwiAQRe_C2pCCwhSX7j0DmWEGqRpISrsy3l2bdKHb_977LxVxXUpcu8xxYnVWRh1-N8L0kLoBvmO9NZ1aXeaJ9KbonXZ9bSzPy-7-HRTs5VtbCzKSQWHJjAnAOWLIzM4yJRHIyMJGjsn6YMgP_jSwN4AUwkjZqvcHL6k5hg:1nEVx1:wwI90guLFnU08N345eNipKJ-N8x4kapWwBS549dd5q4	2022-02-14 12:38:31.971618+00
039gmbqfgq6nivucwow2j805gypjio4q	.eJxVjM0OgjAQhN-lZ0Pahf7gTV-EbJfdtJGURNqT8d0Fw0GP883M91ITtpqmtvFzyrO6KqMHdfmlEenB5ahwWQ7cIdHaSu2-m7PeutueuNRMWPNa7ufrT5VwS7vHgQTtBh9662YwUQgQmEdgAunBkXYRkL0ZCYz34IPVcdYsFK1I6NX7A_bqPKk:1mQU1g:ty9oHFvjgDGZqElpu8zlmc4sgmgvXu3zDjTeId1Ozlc	2021-09-29 12:28:32.060708+00
usvnxzx2kkmh29iqmddjygweztef7qwx	.eJxVjEEOwiAQRe_C2pCCwhSX7j0DmWEGqRpISrsy3l2bdKHb_977LxVxXUpcu8xxYnVWRh1-N8L0kLoBvmO9NZ1aXeaJ9KbonXZ9bSzPy-7-HRTs5VtbCzKSQWHJjAnAOWLIzM4yJRHIyMJGjsn6YMgP_jSwN4AUwkjZqvcHL6k5hg:1nEaI2:2Lu0jt-UhnDGORV__9m7Hy_PV_8Cl8AG2mqV6_GBYbU	2022-02-14 17:16:30.897981+00
49r1l46xmjoy0b0od0pp84de0nf1b0fd	.eJxVjEsOAiEQBe_C2hAFmo9L956BNN0gowaSYWZlvLtOMgvdvqp6LxFxXWpcR57jxOIsrBOH3zEhPXLbCN-x3bqk3pZ5SnJT5E6HvHbOz8vu_h1UHPVbA6Gm7JGcUvpkrAcL5D0XUEkDIIWiuQTNhMWQCWCdslrRkTORSUW8PxSSOKg:1nHWjw:imCpkQVQVl9gE7M6fNFEF_8koE3_65sqmu-HicGXJJc	2022-02-22 20:05:28.871784+00
cxdzh824c6vz1vsv0xntn1ntby1al4hz	.eJxVjEsOAiEQBe_C2hAFmo9L956BNN0gowaSYWZlvLtOMgvdvqp6LxFxXWpcR57jxOIsrBOH3zEhPXLbCN-x3bqk3pZ5SnJT5E6HvHbOz8vu_h1UHPVbA6Gm7JGcUvpkrAcL5D0XUEkDIIWiuQTNhMWQCWCdslrRkTORSUW8PxSSOKg:1mQUKb:NqxPgG6-mYMkTVVNekq7vC8rvPi1SfkjKHJ2lyc17ds	2021-09-29 12:48:05.509464+00
rvbilno8js7fa7g9lnxlwbgem4cx7rai	.eJxVjMsOwiAQRf-FtSG8Cy7d-w2EYQapGkhKuzL-uzbpQrf3nHNfLKZtrXEbtMQZ2ZlJ4djpd4WUH9R2hPfUbp3n3tZlBr4r_KCDXzvS83K4fwc1jfqti0EQZJGSJudU0dp7mRHtZCEU7YxXIFQAhKyMCxKMmhyZkMFnRVqz9wdBXjhw:1nDABF:UQCEU3J8dYY9LuPZGbBIr_25YwhcE-aDdvNqtY9-m_4	2022-02-10 19:11:37.288905+00
owszxgpwbjeo02pq9mfgnawdtsm7cqdr	.eJxVjEsOAiEQBe_C2hAFmo9L956BNN0gowaSYWZlvLtOMgvdvqp6LxFxXWpcR57jxOIsrBOH3zEhPXLbCN-x3bqk3pZ5SnJT5E6HvHbOz8vu_h1UHPVbA6Gm7JGcUvpkrAcL5D0XUEkDIIWiuQTNhMWQCWCdslrRkTORSUW8PxSSOKg:1mQqAs:rTAFDEGOMgByUfchDVxaNfeM7idzpyaiVPbkO6eTg8Y	2021-09-30 12:07:30.381838+00
atphon7q612lbf72wd1pg1g9tog3cvxq	.eJxVjMsOwiAQRf-FtSEwLY-6dO83EGYYpGogKe3K-O_apAvd3nPOfYkQt7WErfMS5iTOQqtRnH5XjPTguqN0j_XWJLW6LjPKXZEH7fLaEj8vh_t3UGIv39pC9sqOzg_GJtCYCSIwT8AEeQBLyiJEdnoi0M6B80ZhUpwJTc5-EO8PGxU4NQ:1mQqj9:2s5m5koKeK9DfcyEtNPPNW7uhvE-OAn3Wpt0uQMXhA0	2021-09-30 12:42:55.458096+00
7hkjakst0n4u5zj5ybu9l8fx98e1ki1u	.eJxVjEsOAiEQBe_C2hAFmo9L956BNN0gowaSYWZlvLtOMgvdvqp6LxFxXWpcR57jxOIsrBOH3zEhPXLbCN-x3bqk3pZ5SnJT5E6HvHbOz8vu_h1UHPVbA6Gm7JGcUvpkrAcL5D0XUEkDIIWiuQTNhMWQCWCdslrRkTORSUW8PxSSOKg:1mSIO7:Lryov9ObROPEM6T6iLHpn2jhxjL5kIJ9sIrOq5qTB1I	2021-10-04 12:27:11.992018+00
hanne13rhx7vt4lj3egp5yp2mnklnlkq	.eJxVjEsOAiEQBe_C2hAFmo9L956BNN0gowaSYWZlvLtOMgvdvqp6LxFxXWpcR57jxOIsrBOH3zEhPXLbCN-x3bqk3pZ5SnJT5E6HvHbOz8vu_h1UHPVbA6Gm7JGcUvpkrAcL5D0XUEkDIIWiuQTNhMWQCWCdslrRkTORSUW8PxSSOKg:1mSL6o:KPQxBfdBy0wPmjzzKPqpiGcIgNflNw0Fp9hXJmLS3GE	2021-10-04 15:21:30.033383+00
o74fk32j4fhrthcl0hcj3cmg6n2deupp	.eJxVjEsOAiEQBe_C2hAFmo9L956BNN0gowaSYWZlvLtOMgvdvqp6LxFxXWpcR57jxOIsrBOH3zEhPXLbCN-x3bqk3pZ5SnJT5E6HvHbOz8vu_h1UHPVbA6Gm7JGcUvpkrAcL5D0XUEkDIIWiuQTNhMWQCWCdslrRkTORSUW8PxSSOKg:1mSN0z:Jz9Av_dxPD7AxgsMxCwHLSv41H479Y6AChiAgs4Nz-I	2021-10-04 17:23:37.238874+00
i3qphvbn8yx19niw3tnohx1vq5vt5jwx	.eJxVjEsOAiEQBe_C2hAFmo9L956BNN0gowaSYWZlvLtOMgvdvqp6LxFxXWpcR57jxOIsrBOH3zEhPXLbCN-x3bqk3pZ5SnJT5E6HvHbOz8vu_h1UHPVbA6Gm7JGcUvpkrAcL5D0XUEkDIIWiuQTNhMWQCWCdslrRkTORSUW8PxSSOKg:1mSf10:KbKVJXSuuKyUlqEc_qg0qn0_kqp-VmEaNvjllSzNdzs	2021-10-05 12:36:50.651719+00
dpc1ln9jyh7gwlkj1vcuexwulsyfiuib	.eJxVjEsOAiEQBe_C2hAFmo9L956BNN0gowaSYWZlvLtOMgvdvqp6LxFxXWpcR57jxOIsrBOH3zEhPXLbCN-x3bqk3pZ5SnJT5E6HvHbOz8vu_h1UHPVbA6Gm7JGcUvpkrAcL5D0XUEkDIIWiuQTNhMWQCWCdslrRkTORSUW8PxSSOKg:1mSgBM:DXPVFRMPMxOtmWs2OCtsbDm2fcnaIiu5_6QlaQbVS5w	2021-10-05 13:51:36.213718+00
c3meg8fqzzgjte2dfkmem4665nslzdo1	.eJxVjMsOwiAQRf-FtSEwLY-6dO83EGYYpGogKe3K-O_apAvd3nPOfYkQt7WErfMS5iTOQqtRnH5XjPTguqN0j_XWJLW6LjPKXZEH7fLaEj8vh_t3UGIv39pC9sqOzg_GJtCYCSIwT8AEeQBLyiJEdnoi0M6B80ZhUpwJTc5-EO8PGxU4NQ:1mSgRs:do2QoJ7-YRKTkfvayYy2N_POjyqLxyErial2ffi4IDA	2021-10-05 14:08:40.339998+00
6pyurdac0ho8pc1i970idoh3ghyyngu9	.eJxVjEsOAiEQBe_C2hAFmo9L956BNN0gowaSYWZlvLtOMgvdvqp6LxFxXWpcR57jxOIsrBOH3zEhPXLbCN-x3bqk3pZ5SnJT5E6HvHbOz8vu_h1UHPVbA6Gm7JGcUvpkrAcL5D0XUEkDIIWiuQTNhMWQCWCdslrRkTORSUW8PxSSOKg:1mT6AA:V75nuj2PeYK-txDS0D1_gXhbG5YmyZtWnjtnU7zoDzw	2021-10-06 17:36:06.992949+00
j48uh0a3hnjmk3s8xiytw1a4wl8g09gq	.eJxVjEsOAiEQBe_C2hAFmo9L956BNN0gowaSYWZlvLtOMgvdvqp6LxFxXWpcR57jxOIsrBOH3zEhPXLbCN-x3bqk3pZ5SnJT5E6HvHbOz8vu_h1UHPVbA6Gm7JGcUvpkrAcL5D0XUEkDIIWiuQTNhMWQCWCdslrRkTORSUW8PxSSOKg:1mTNUI:5ut3_tBZopV-CUYwrp12DriClVnY5uoWstqyCnzfSkE	2021-10-07 12:06:02.398154+00
u6z83zmq1vv0q1h5kyn7ympcunepboqo	.eJxVjEsOAiEQBe_C2hAFmo9L956BNN0gowaSYWZlvLtOMgvdvqp6LxFxXWpcR57jxOIsrBOH3zEhPXLbCN-x3bqk3pZ5SnJT5E6HvHbOz8vu_h1UHPVbA6Gm7JGcUvpkrAcL5D0XUEkDIIWiuQTNhMWQCWCdslrRkTORSUW8PxSSOKg:1mTQDC:1h9930tqRcW9OhIavo4VaJNjlvVUG6-O85Udu-HKiXE	2021-10-07 15:00:34.513174+00
l6zwy1sm7sztepstnjysi5403565xcvj	.eJxVjEsOAiEQBe_C2hAFmo9L956BNN0gowaSYWZlvLtOMgvdvqp6LxFxXWpcR57jxOIsrBOH3zEhPXLbCN-x3bqk3pZ5SnJT5E6HvHbOz8vu_h1UHPVbA6Gm7JGcUvpkrAcL5D0XUEkDIIWiuQTNhMWQCWCdslrRkTORSUW8PxSSOKg:1mTTaw:w0BWdG3LpOTd3QEuy4SQwf5uYzC7-qLsxbbldbar_EI	2021-10-07 18:37:18.776239+00
kozhphbevv90spg9kqrcy5fpwzb7awzr	.eJxVjEsOAiEQBe_C2hAFmo9L956BNN0gowaSYWZlvLtOMgvdvqp6LxFxXWpcR57jxOIsrBOH3zEhPXLbCN-x3bqk3pZ5SnJT5E6HvHbOz8vu_h1UHPVbA6Gm7JGcUvpkrAcL5D0XUEkDIIWiuQTNhMWQCWCdslrRkTORSUW8PxSSOKg:1mTkKm:gGMgG3Pn0MNkumTMln7p2ra4FLjBk16DBym2FkDFIg4	2021-10-08 12:29:44.196342+00
8tcpse28odx80wsi1mk4z4s8uufl4skr	.eJxVjEEOwiAQRe_C2pCCwhSX7j0DmWEGqRpISrsy3l2bdKHb_977LxVxXUpcu8xxYnVWRh1-N8L0kLoBvmO9NZ1aXeaJ9KbonXZ9bSzPy-7-HRTs5VtbCzKSQWHJjAnAOWLIzM4yJRHIyMJGjsn6YMgP_jSwN4AUwkjZqvcHL6k5hg:1mTpnz:A_9p_vj0ns4A_lF8QHjquCe_Nv7GrbeP7E9bMJdfvMY	2021-10-08 18:20:15.354634+00
a124gep11649k8uov3l78hgnenbfenjs	.eJxVjMsOwiAQRf-FtSEwLY-6dO83EGYYpGogKe3K-O_apAvd3nPOfYkQt7WErfMS5iTOQqtRnH5XjPTguqN0j_XWJLW6LjPKXZEH7fLaEj8vh_t3UGIv39pC9sqOzg_GJtCYCSIwT8AEeQBLyiJEdnoi0M6B80ZhUpwJTc5-EO8PGxU4NQ:1mTr9t:cA4xkaKbyLcn8bTSS2M4XEVfyET4S0BnjVnO9pABw-0	2021-10-08 19:46:57.157181+00
127x8urfe35ehjp6uujpdgfiak9kd3q1	.eJxVjMsOwiAQRf-FtSHDQx4u3fcbyMCAVA0kpV0Z_12bdKHbe865LxZwW2vYRl7CTOzCBEh2-l0jpkduO6I7tlvnqbd1mSPfFX7QwadO-Xk93L-DiqN-a0fn7Iz22WlwxoOypiipSJOXAotXGtEDOGlLRCPIUnReJk0yUilg2fsDCHE36w:1mTrA3:rGYiX0YUC6FXXv4y2j8ju9K95pNyiJN5ebheAlF2hlA	2021-10-08 19:47:07.988977+00
htl9uecjm6l1efvqx4b9mkjtzeapmund	.eJxVjLsOgkAUBf9la7PBfbFrac83kPsU1EDCQmX8dyWh0PbMzHmZHrZ16LcqSz-yuZhzE83pd0Wgh0w74jtMt9nSPK3LiHZX7EGr7WaW5_Vw_w4GqMO3Dg4QSgmiGbioSyFlVpXkKZUWEckTu6LqszKpNhiLttlLjkoQk3l_AGPsOec:1mTs9A:IyiVoMh6iRnJ03pDL7OP8QIS9rQpzfi03rn8WSeF56Y	2021-10-08 20:50:16.119123+00
0h251y3dg1lz9sdug1cx5vom8jpokfa7	.eJxVjEsOAiEQBe_C2hAFmo9L956BNN0gowaSYWZlvLtOMgvdvqp6LxFxXWpcR57jxOIsrBOH3zEhPXLbCN-x3bqk3pZ5SnJT5E6HvHbOz8vu_h1UHPVbA6Gm7JGcUvpkrAcL5D0XUEkDIIWiuQTNhMWQCWCdslrRkTORSUW8PxSSOKg:1mUu6H:yl59SaZBieoPMMg42VqAYDgdnlmJBZk8CnR7QzRu9ds	2021-10-11 17:07:33.344431+00
ustp29jpbhsf4zdkallx038hwpxp4okx	.eJxVjEsOAiEQBe_C2hAFmo9L956BNN0gowaSYWZlvLtOMgvdvqp6LxFxXWpcR57jxOIsrBOH3zEhPXLbCN-x3bqk3pZ5SnJT5E6HvHbOz8vu_h1UHPVbA6Gm7JGcUvpkrAcL5D0XUEkDIIWiuQTNhMWQCWCdslrRkTORSUW8PxSSOKg:1mVC9P:-UKHNTzXELkW--uiKG-rNGOWN1hV7w2tihLRv2nC3LI	2021-10-12 12:23:59.090215+00
iknvszr2v1pef5v87yp7slsyxlovr2ec	.eJxVjMsOwiAQRf-FtSEwLY-6dO83EGYYpGogKe3K-O_apAvd3nPOfYkQt7WErfMS5iTOQqtRnH5XjPTguqN0j_XWJLW6LjPKXZEH7fLaEj8vh_t3UGIv39pC9sqOzg_GJtCYCSIwT8AEeQBLyiJEdnoi0M6B80ZhUpwJTc5-EO8PGxU4NQ:1mVD29:AH5kVLUcz538Ia5oA6hnOsKhiJ3Ei1kgJ0QRYJks7PM	2021-10-12 13:20:33.961811+00
so7nvfkghs5xjcb6wov6xj6m0hq1l34d	.eJxVjEsOAiEQBe_C2hAFmo9L956BNN0gowaSYWZlvLtOMgvdvqp6LxFxXWpcR57jxOIsrBOH3zEhPXLbCN-x3bqk3pZ5SnJT5E6HvHbOz8vu_h1UHPVbA6Gm7JGcUvpkrAcL5D0XUEkDIIWiuQTNhMWQCWCdslrRkTORSUW8PxSSOKg:1mVDMJ:Ev4m6WxPuFm3hUdNdcjfK-LcPpHLAVTWZdCgDJ9X8oU	2021-10-12 13:41:23.974779+00
x6hrsr9uvgv9i673klu64s28iex20ztk	.eJxVjEsOAiEQBe_C2hAFmo9L956BNN0gowaSYWZlvLtOMgvdvqp6LxFxXWpcR57jxOIsrBOH3zEhPXLbCN-x3bqk3pZ5SnJT5E6HvHbOz8vu_h1UHPVbA6Gm7JGcUvpkrAcL5D0XUEkDIIWiuQTNhMWQCWCdslrRkTORSUW8PxSSOKg:1mVEG6:OCGp_Cyvcxfxsur_Nc5qqFT-nJ5ULXGthfNYxuYnKX8	2021-10-12 14:39:02.951202+00
fzrlwnnttwtj3vi3q2wyoi55o6bdloh9	.eJxVjEsOAiEQBe_C2hAFmo9L956BNN0gowaSYWZlvLtOMgvdvqp6LxFxXWpcR57jxOIsrBOH3zEhPXLbCN-x3bqk3pZ5SnJT5E6HvHbOz8vu_h1UHPVbA6Gm7JGcUvpkrAcL5D0XUEkDIIWiuQTNhMWQCWCdslrRkTORSUW8PxSSOKg:1mVEMo:MLRcEA7fyx91c8DOB_ETBodzguvUMYkUDnzoBw4_b-M	2021-10-12 14:45:58.834996+00
rvect72e73rpq8qicpn6o2kc5q9vrpvn	.eJxVjEsOAiEQBe_C2hAFmo9L956BNN0gowaSYWZlvLtOMgvdvqp6LxFxXWpcR57jxOIsrBOH3zEhPXLbCN-x3bqk3pZ5SnJT5E6HvHbOz8vu_h1UHPVbA6Gm7JGcUvpkrAcL5D0XUEkDIIWiuQTNhMWQCWCdslrRkTORSUW8PxSSOKg:1mVYUP:CsmherPyyivl_8uy-Rrlg7ncmnMp8Z0QzqO7_gnLFqA	2021-10-13 12:15:09.897172+00
16li1ld7d73pv7kynmn6ooxdohn8qzb0	.eJxVjEEOwiAQRe_C2pCCwhSX7j0DmWEGqRpISrsy3l2bdKHb_977LxVxXUpcu8xxYnVWRh1-N8L0kLoBvmO9NZ1aXeaJ9KbonXZ9bSzPy-7-HRTs5VtbCzKSQWHJjAnAOWLIzM4yJRHIyMJGjsn6YMgP_jSwN4AUwkjZqvcHL6k5hg:1mVZNd:t40l1uw27ZVF6EhtocHZORkuVOHk4FKgcNdjWMQSbEY	2021-10-13 13:12:13.859925+00
koaqjejmypaqx4msqr0pr8phasm5a9c3	.eJxVjEsOAiEQBe_C2hAFmo9L956BNN0gowaSYWZlvLtOMgvdvqp6LxFxXWpcR57jxOIsrBOH3zEhPXLbCN-x3bqk3pZ5SnJT5E6HvHbOz8vu_h1UHPVbA6Gm7JGcUvpkrAcL5D0XUEkDIIWiuQTNhMWQCWCdslrRkTORSUW8PxSSOKg:1mVZxw:YxzLhOzeDCibbXLsq6yYTV6DYpGrAF7wlHpdEHXd4YI	2021-10-13 13:49:44.210438+00
s4j8mmfci2vkdhntztf8v7jlxth8hidv	.eJxVjEsOAiEQBe_C2hAFmo9L956BNN0gowaSYWZlvLtOMgvdvqp6LxFxXWpcR57jxOIsrBOH3zEhPXLbCN-x3bqk3pZ5SnJT5E6HvHbOz8vu_h1UHPVbA6Gm7JGcUvpkrAcL5D0XUEkDIIWiuQTNhMWQCWCdslrRkTORSUW8PxSSOKg:1mVao1:S4YWTGw2RJaItlgyH4GtxxhzWaUaZOwGdDE4DsFSXmk	2021-10-13 14:43:33.621863+00
fm0g995uxpk4jk321ujhy1317n7emcqh	.eJxVjEsOAiEQBe_C2hAFmo9L956BNN0gowaSYWZlvLtOMgvdvqp6LxFxXWpcR57jxOIsrBOH3zEhPXLbCN-x3bqk3pZ5SnJT5E6HvHbOz8vu_h1UHPVbA6Gm7JGcUvpkrAcL5D0XUEkDIIWiuQTNhMWQCWCdslrRkTORSUW8PxSSOKg:1mVwrK:jx7Q5he_virSPa2yUowblzwg9vgyFHrQp9u42E2bYIc	2021-10-14 14:16:26.235266+00
o0by0o1ynhy6qjg6hef5kx33k1tfloez	.eJxVjEsOAiEQBe_C2hAFmo9L956BNN0gowaSYWZlvLtOMgvdvqp6LxFxXWpcR57jxOIsrBOH3zEhPXLbCN-x3bqk3pZ5SnJT5E6HvHbOz8vu_h1UHPVbA6Gm7JGcUvpkrAcL5D0XUEkDIIWiuQTNhMWQCWCdslrRkTORSUW8PxSSOKg:1mWIWK:tA57ZYooiJdKvPKarn6E_xFmis737Ww0fB4oGIeYzpc	2021-10-15 13:24:12.25831+00
uvvhb46hu42pu05c8zruk5t8epk3uqtl	.eJxVjEEOwiAQRe_C2pCCwhSX7j0DmWEGqRpISrsy3l2bdKHb_977LxVxXUpcu8xxYnVWRh1-N8L0kLoBvmO9NZ1aXeaJ9KbonXZ9bSzPy-7-HRTs5VtbCzKSQWHJjAnAOWLIzM4yJRHIyMJGjsn6YMgP_jSwN4AUwkjZqvcHL6k5hg:1mWIXD:9BuaWzLvozNeVhWPJvYlxpWnXb683HqSetz6qADokYM	2021-10-15 13:25:07.42914+00
ev5ydhswj8dcvdakeqir17qd2i88r8nz	.eJxVjEsOAiEQBe_C2hAFmo9L956BNN0gowaSYWZlvLtOMgvdvqp6LxFxXWpcR57jxOIsrBOH3zEhPXLbCN-x3bqk3pZ5SnJT5E6HvHbOz8vu_h1UHPVbA6Gm7JGcUvpkrAcL5D0XUEkDIIWiuQTNhMWQCWCdslrRkTORSUW8PxSSOKg:1mXN0s:tiVWWHcM1W1VTsBekCy_s2FbzjLjK4CAr1QUOxhEo_8	2021-10-18 12:24:10.040043+00
dn6ml5t78jwlbuxwc1yyohiubxri4n89	.eJxVjEsOAiEQBe_C2hAFmo9L956BNN0gowaSYWZlvLtOMgvdvqp6LxFxXWpcR57jxOIsrBOH3zEhPXLbCN-x3bqk3pZ5SnJT5E6HvHbOz8vu_h1UHPVbA6Gm7JGcUvpkrAcL5D0XUEkDIIWiuQTNhMWQCWCdslrRkTORSUW8PxSSOKg:1mXjSY:Kq7g5rmGv9Pbtgu26dAXLDJ7DIzHUen68ewAzTtjcNI	2021-10-19 12:22:14.393928+00
mvd9ric8wfruwmfbds3ngqd6wekaje4n	.eJxVjEsOAiEQBe_C2hAFmo9L956BNN0gowaSYWZlvLtOMgvdvqp6LxFxXWpcR57jxOIsrBOH3zEhPXLbCN-x3bqk3pZ5SnJT5E6HvHbOz8vu_h1UHPVbA6Gm7JGcUvpkrAcL5D0XUEkDIIWiuQTNhMWQCWCdslrRkTORSUW8PxSSOKg:1mY60h:7U3KRXufs_WzqkQeyRze_iReFH7lFyRRnmN7r09ftn4	2021-10-20 12:26:59.551439+00
1co1flbgkmkawo44kbbbnjxqoxb1g2u0	.eJxVjEsOAiEQBe_C2hAFmo9L956BNN0gowaSYWZlvLtOMgvdvqp6LxFxXWpcR57jxOIsrBOH3zEhPXLbCN-x3bqk3pZ5SnJT5E6HvHbOz8vu_h1UHPVbA6Gm7JGcUvpkrAcL5D0XUEkDIIWiuQTNhMWQCWCdslrRkTORSUW8PxSSOKg:1mYSFW:OfYow5IwromBLTUHx-f6W1wW7CvkKGz274PFcfraRiA	2021-10-21 12:11:46.09194+00
mf7ufp16fx13ekitvge3rwjykzjiqeno	.eJxVjEsOAiEQBe_C2hAFmo9L956BNN0gowaSYWZlvLtOMgvdvqp6LxFxXWpcR57jxOIsrBOH3zEhPXLbCN-x3bqk3pZ5SnJT5E6HvHbOz8vu_h1UHPVbA6Gm7JGcUvpkrAcL5D0XUEkDIIWiuQTNhMWQCWCdslrRkTORSUW8PxSSOKg:1mYpTu:EZARLIZkSH4g2G-tvDX5-MBdv9xzHJQmu3FDJ5ltgs8	2021-10-22 13:00:10.290124+00
ldc4wz4rc7cmamlxo37b492gv3owgzyk	.eJxVjEsOAiEQBe_C2hAFmo9L956BNN0gowaSYWZlvLtOMgvdvqp6LxFxXWpcR57jxOIsrBOH3zEhPXLbCN-x3bqk3pZ5SnJT5E6HvHbOz8vu_h1UHPVbA6Gm7JGcUvpkrAcL5D0XUEkDIIWiuQTNhMWQCWCdslrRkTORSUW8PxSSOKg:1mYpU8:qehsssm5C2dUPbQC1I4qOiT8QIGbYDnRL2GiUkRoJw4	2021-10-22 13:00:24.730068+00
ajrboyunndp979og38cgy3s8rd519dc5	.eJxVjMsOwiAQRf-FtSHDQx4u3fcbyMCAVA0kpV0Z_12bdKHbe865LxZwW2vYRl7CTOzCBEh2-l0jpkduO6I7tlvnqbd1mSPfFX7QwadO-Xk93L-DiqN-a0fn7Iz22WlwxoOypiipSJOXAotXGtEDOGlLRCPIUnReJk0yUilg2fsDCHE36w:1mYwyO:r2nXf2UK7CJesvtDkDqMhpIeSF9t6GN0qtQ-S1D5PrU	2021-10-22 21:00:08.596962+00
sbtquwpzhjz21h6wduomp7gso364rzw2	.eJxVjEsOAiEQBe_C2hAFmo9L956BNN0gowaSYWZlvLtOMgvdvqp6LxFxXWpcR57jxOIsrBOH3zEhPXLbCN-x3bqk3pZ5SnJT5E6HvHbOz8vu_h1UHPVbA6Gm7JGcUvpkrAcL5D0XUEkDIIWiuQTNhMWQCWCdslrRkTORSUW8PxSSOKg:1ma4hB:hUc-OimfJeH44RzLU79Uhm0uBLhGGjh5teCwOIIsDWU	2021-10-25 23:27:01.921104+00
s2xr4m7041t5g3a2kq8imcu2tjde4mag	.eJxVjEsOAiEQBe_C2hAFmo9L956BNN0gowaSYWZlvLtOMgvdvqp6LxFxXWpcR57jxOIsrBOH3zEhPXLbCN-x3bqk3pZ5SnJT5E6HvHbOz8vu_h1UHPVbA6Gm7JGcUvpkrAcL5D0XUEkDIIWiuQTNhMWQCWCdslrRkTORSUW8PxSSOKg:1maGeu:zVsx8RQiOv7Rf3jVdUgWh7Y41uLGsh9xudUdGvd5NdQ	2021-10-26 12:13:28.656993+00
tbtjgnuz48rbpabh1csivu0lh37c3h4s	.eJxVjMsOwiAQRf-FtSEwLY-6dO83EGYYpGogKe3K-O_apAvd3nPOfYkQt7WErfMS5iTOQqtRnH5XjPTguqN0j_XWJLW6LjPKXZEH7fLaEj8vh_t3UGIv39pC9sqOzg_GJtCYCSIwT8AEeQBLyiJEdnoi0M6B80ZhUpwJTc5-EO8PGxU4NQ:1makwl:M00-ClLl62Q7hV7JHHadhahFm00dl8fPlNT85R-Pro4	2021-10-27 20:33:55.123332+00
s7xanoxo14cfj0k5n5mn73g5s8q90kmz	.eJxVjEsOAiEQBe_C2hAFmo9L956BNN0gowaSYWZlvLtOMgvdvqp6LxFxXWpcR57jxOIsrBOH3zEhPXLbCN-x3bqk3pZ5SnJT5E6HvHbOz8vu_h1UHPVbA6Gm7JGcUvpkrAcL5D0XUEkDIIWiuQTNhMWQCWCdslrRkTORSUW8PxSSOKg:1mazSs:gu9I9ebxHhX_4r0peZp3vWz_ru4RSzmpVwKx0OPACzQ	2021-10-28 12:04:02.116414+00
dibejukqahmo2bj9e4sz8x3o05wnjw92	.eJxVjEEOwiAQRe_C2pCCwhSX7j0DmWEGqRpISrsy3l2bdKHb_977LxVxXUpcu8xxYnVWRh1-N8L0kLoBvmO9NZ1aXeaJ9KbonXZ9bSzPy-7-HRTs5VtbCzKSQWHJjAnAOWLIzM4yJRHIyMJGjsn6YMgP_jSwN4AUwkjZqvcHL6k5hg:1mb1BO:9-2BmBxqICCWymESeluiK4WV2jwDXLFdMASILPe9Jxk	2021-10-28 13:54:06.330082+00
j9ruaqz1t531lswlob5nk7r4bizhqzxv	.eJxVjEEOgjAQRe_StWnolOLUpXvO0ExnBosaSCisjHdXEha6_e-9_zKJtrWkreqSRjEX4xpvTr9rJn7otCO503SbLc_TuozZ7oo9aLX9LPq8Hu7fQaFavvWA2pJnB1ERM1PwLB12kAEZA3vXDucGnMYYNZDLFERAQAMj-LaL5v0BNcM4Qg:1mb2JV:XsfUSA_7nRUGIQVP1hpgw3XI9r3la-y7X7Xuk69azCA	2021-10-28 15:06:33.941378+00
4h4mrzithm62h6lj34zw8nf33xm1hj0b	.eJxVjEsOAiEQBe_C2hAFmo9L956BNN0gowaSYWZlvLtOMgvdvqp6LxFxXWpcR57jxOIsrBOH3zEhPXLbCN-x3bqk3pZ5SnJT5E6HvHbOz8vu_h1UHPVbA6Gm7JGcUvpkrAcL5D0XUEkDIIWiuQTNhMWQCWCdslrRkTORSUW8PxSSOKg:1mbBHq:5uHtLf2o2d3fVpIPT4WgCmyt73oWV4b2KHwY2j4VrXI	2021-10-29 00:41:26.409056+00
lense37gwoo3ls3g5uyi5cp9y45c946n	.eJxVjEsOAiEQBe_C2hAFmo9L956BNN0gowaSYWZlvLtOMgvdvqp6LxFxXWpcR57jxOIsrBOH3zEhPXLbCN-x3bqk3pZ5SnJT5E6HvHbOz8vu_h1UHPVbA6Gm7JGcUvpkrAcL5D0XUEkDIIWiuQTNhMWQCWCdslrRkTORSUW8PxSSOKg:1mbM2d:cEj6SXdQFotLHeQDdDVbyQ0GNzugQQM_z-7uzdvvWfU	2021-10-29 12:10:27.296775+00
75lzwz3eois6g90w9bqd8g0ezx3qyzlq	.eJxVjMsOwiAQRf-FtSHDQx4u3fcbyMCAVA0kpV0Z_12bdKHbe865LxZwW2vYRl7CTOzCBEh2-l0jpkduO6I7tlvnqbd1mSPfFX7QwadO-Xk93L-DiqN-a0fn7Iz22WlwxoOypiipSJOXAotXGtEDOGlLRCPIUnReJk0yUilg2fsDCHE36w:1mbNGC:-hPPS0FufTxHLhBUUkOW3MfO8ibmdspIGCCAdW1nimA	2021-10-29 13:28:32.575084+00
clmjfybrkhcpytg15s7nhvcwjj0062e2	.eJxVjEEOwiAQRe_C2pCCwhSX7j0DmWEGqRpISrsy3l2bdKHb_977LxVxXUpcu8xxYnVWRh1-N8L0kLoBvmO9NZ1aXeaJ9KbonXZ9bSzPy-7-HRTs5VtbCzKSQWHJjAnAOWLIzM4yJRHIyMJGjsn6YMgP_jSwN4AUwkjZqvcHL6k5hg:1mbTAw:bokY899um8tXX0eWXhhwHmkthx4uJvpnlI4FgPpkf90	2021-10-29 19:47:30.954928+00
g41in4ohibsczn2ij4rru0670rh686uw	.eJxVjjFuwzAMRe_COTBsSVbsbO1adMoYFAZJ0bFaVzIseWiD3L1ykaHdCL7Hz3-DAbc8DVuSdfAOTtDUFg5_t4T8IWFH7h3DNVYcQ149VbtSPWiqXqOT-fnh_guYME3lejSOammdoBZr1ah11zXsXHtsqR-1NZ2iWvXkiJWxfUNGHa2YnqljJVqX0BTZ44zMcQt5SBmzwOlyg2WNLCmVJ3O8-rCbHJfCoIy_RRZc8XMX4H4AU79sZ-W_v57aGd7uP5nEVW4:1mdZ2N:drmzYdd4nrL8e-JaTEIC7Plow1_geFuwdoYbHMUEkL0	2021-11-04 14:27:19.695828+00
adyej8satijf4scvvhzuju0liwcr5qd9	eyJzb2NpYWxhY2NvdW50X3N0YXRlIjpbeyJwcm9jZXNzIjoibG9naW4iLCJzY29wZSI6IiIsImF1dGhfcGFyYW1zIjoiIn0sIktyaG92VlAzTHNtUyJdfQ:1mdZ31:VTvMuf7t6iWyxOSs540X0YLSE70-44tMQQMmefKFo88	2021-11-04 14:27:59.845181+00
fbq9gqoiv48fhry11damiknjz0tgihop	.eJxVjEsOAiEQBe_C2hAFmo9L956BNN0gowaSYWZlvLtOMgvdvqp6LxFxXWpcR57jxOIsrBOH3zEhPXLbCN-x3bqk3pZ5SnJT5E6HvHbOz8vu_h1UHPVbA6Gm7JGcUvpkrAcL5D0XUEkDIIWiuQTNhMWQCWCdslrRkTORSUW8PxSSOKg:1mdZ6k:N4NXmuJe3zjhFwnlpJnz292Hm4wmJM2UM2RwPj4nTHk	2021-11-04 14:31:50.408105+00
cbmtash6shndb2lv9u0bth0w304nsm1x	.eJxVjEsOAiEQBe_C2hAFmo9L956BNN0gowaSYWZlvLtOMgvdvqp6LxFxXWpcR57jxOIsrBOH3zEhPXLbCN-x3bqk3pZ5SnJT5E6HvHbOz8vu_h1UHPVbA6Gm7JGcUvpkrAcL5D0XUEkDIIWiuQTNhMWQCWCdslrRkTORSUW8PxSSOKg:1mdcyX:5gzKxqkBY9-N6cXPJTM7OrDvaPzETQ4FavDfxapd1ts	2021-11-04 18:39:37.020325+00
326s585jcx32rxqmr8wrsqhmha6zs0pv	.eJxVjEEOwiAQRe_C2pCCwhSX7j0DmWEGqRpISrsy3l2bdKHb_977LxVxXUpcu8xxYnVWRh1-N8L0kLoBvmO9NZ1aXeaJ9KbonXZ9bSzPy-7-HRTs5VtbCzKSQWHJjAnAOWLIzM4yJRHIyMJGjsn6YMgP_jSwN4AUwkjZqvcHL6k5hg:1mddy7:QDWacKOfQaQ40PVBxyMr_YHgoL6fKoYxj8OgrmWCRGE	2021-11-04 19:43:15.410526+00
ui1f8bcav8wzpr7ywq5n9uxxurqj859v	.eJxVjEEOwiAQRe_C2pCCwhSX7j0DmWEGqRpISrsy3l2bdKHb_977LxVxXUpcu8xxYnVWRh1-N8L0kLoBvmO9NZ1aXeaJ9KbonXZ9bSzPy-7-HRTs5VtbCzKSQWHJjAnAOWLIzM4yJRHIyMJGjsn6YMgP_jSwN4AUwkjZqvcHL6k5hg:1mdyle:70MdSNJQr7vBC_l40zMk9wFMuP4-xfAuK_reeiqWn1g	2021-11-05 17:55:46.163403+00
3uqial7uq19nl1g1cvozooavgfe5gcpa	.eJxVjEsOAiEQBe_C2hAFmo9L956BNN0gowaSYWZlvLtOMgvdvqp6LxFxXWpcR57jxOIsrBOH3zEhPXLbCN-x3bqk3pZ5SnJT5E6HvHbOz8vu_h1UHPVbA6Gm7JGcUvpkrAcL5D0XUEkDIIWiuQTNhMWQCWCdslrRkTORSUW8PxSSOKg:1mf6zU:owwXSWzUlT69gzwdakqcXjvKcPmOddx_AvH7XUuRouw	2021-11-08 20:54:44.349318+00
nrq576h2pwjcb44mroncc1ry9nrh5ifw	.eJxVjEsOAiEQBe_C2hAFmo9L956BNN0gowaSYWZlvLtOMgvdvqp6LxFxXWpcR57jxOIsrBOH3zEhPXLbCN-x3bqk3pZ5SnJT5E6HvHbOz8vu_h1UHPVbA6Gm7JGcUvpkrAcL5D0XUEkDIIWiuQTNhMWQCWCdslrRkTORSUW8PxSSOKg:1mfMXZ:_g1TIGK5_uHNzRR-0gLgL_0LwwGRuAXgRl1IJSZwoUM	2021-11-09 13:30:57.721621+00
r8fplhrs1258fnhdwowf2m2zzxpvbiu3	.eJxVjEEOwiAQRe_C2pCCwhSX7j0DmWEGqRpISrsy3l2bdKHb_977LxVxXUpcu8xxYnVWRh1-N8L0kLoBvmO9NZ1aXeaJ9KbonXZ9bSzPy-7-HRTs5VtbCzKSQWHJjAnAOWLIzM4yJRHIyMJGjsn6YMgP_jSwN4AUwkjZqvcHL6k5hg:1mlXCR:rkL3LJiwLkB-864nXXDg2Ymi0xX34WpltwVi4nL87mU	2021-11-26 14:06:39.499686+00
l9sz452ik4fb500g3714sh5szupz9ub8	.eJxVjEsOAiEQBe_C2hAFmo9L956BNN0gowaSYWZlvLtOMgvdvqp6LxFxXWpcR57jxOIsrBOH3zEhPXLbCN-x3bqk3pZ5SnJT5E6HvHbOz8vu_h1UHPVbA6Gm7JGcUvpkrAcL5D0XUEkDIIWiuQTNhMWQCWCdslrRkTORSUW8PxSSOKg:1mlXfC:EuZKFGbdMg5qqwUpOoFLFrHSh3aqeqGfYe4eXX9quIU	2021-11-26 14:36:22.765347+00
kgoav951rekrg44bu738o5ajvqseirav	.eJxVjEsOAiEQBe_C2hAFmo9L956BNN0gowaSYWZlvLtOMgvdvqp6LxFxXWpcR57jxOIsrBOH3zEhPXLbCN-x3bqk3pZ5SnJT5E6HvHbOz8vu_h1UHPVbA6Gm7JGcUvpkrAcL5D0XUEkDIIWiuQTNhMWQCWCdslrRkTORSUW8PxSSOKg:1mleGF:fB_eszL737tVhVsSb2HTf8SiRRXtGQzDJFvKQtKw6-8	2021-11-26 21:39:03.292743+00
qftlxrgrbj7030mj1wtacjptli8p2v53	.eJxVjEsOAiEQBe_C2hAFmo9L956BNN0gowaSYWZlvLtOMgvdvqp6LxFxXWpcR57jxOIsrBOH3zEhPXLbCN-x3bqk3pZ5SnJT5E6HvHbOz8vu_h1UHPVbA6Gm7JGcUvpkrAcL5D0XUEkDIIWiuQTNhMWQCWCdslrRkTORSUW8PxSSOKg:1mfiVG:9jbqGJ6NImMVhosTvqHDCs16xWlDbFkC23vUK_006W4	2021-11-10 12:58:02.965578+00
9nl38mkutzkmi66t5vzbqes72bdv1vta	.eJxVjEsOAiEQBe_C2hAFmo9L956BNN0gowaSYWZlvLtOMgvdvqp6LxFxXWpcR57jxOIsrBOH3zEhPXLbCN-x3bqk3pZ5SnJT5E6HvHbOz8vu_h1UHPVbA6Gm7JGcUvpkrAcL5D0XUEkDIIWiuQTNhMWQCWCdslrRkTORSUW8PxSSOKg:1mfjgl:0IW694vOqa1tVew-ydRoPXroE5HCuGP_1KMidI4gFo4	2021-11-10 14:13:59.892578+00
nhlwzwwomriubfpi60x4uo65avtv7udc	.eJxVjEsOAiEQBe_C2hAFmo9L956BNN0gowaSYWZlvLtOMgvdvqp6LxFxXWpcR57jxOIsrBOH3zEhPXLbCN-x3bqk3pZ5SnJT5E6HvHbOz8vu_h1UHPVbA6Gm7JGcUvpkrAcL5D0XUEkDIIWiuQTNhMWQCWCdslrRkTORSUW8PxSSOKg:1mfl0E:WkUSMl15VWRMoB1WX3O4OXGVWv7nR96kW8tmkoSKvRs	2021-11-10 15:38:10.755974+00
sxjyxtj9snylo8ihputnnba8kga663g6	.eJxVjEsOAiEQBe_C2hAFmo9L956BNN0gowaSYWZlvLtOMgvdvqp6LxFxXWpcR57jxOIsrBOH3zEhPXLbCN-x3bqk3pZ5SnJT5E6HvHbOz8vu_h1UHPVbA6Gm7JGcUvpkrAcL5D0XUEkDIIWiuQTNhMWQCWCdslrRkTORSUW8PxSSOKg:1mg4T4:9PvmsGWQEby3g-56EpRcsx2LNYZvRI6k67CyuFZLeSM	2021-11-11 12:25:14.05761+00
t34i1xecvupds6visczry2s2vca4c1jm	.eJxVjEsOAiEQBe_C2hAFmo9L956BNN0gowaSYWZlvLtOMgvdvqp6LxFxXWpcR57jxOIsrBOH3zEhPXLbCN-x3bqk3pZ5SnJT5E6HvHbOz8vu_h1UHPVbA6Gm7JGcUvpkrAcL5D0XUEkDIIWiuQTNhMWQCWCdslrRkTORSUW8PxSSOKg:1mhtMg:mZs2lq8EVvTlrbPUKyAY6CV-4DyreF52jdg_V5TB9EY	2021-11-16 12:58:10.614525+00
bqni96mn4uyg1xi027o6e69srwfgqc9l	.eJxVjMsOwiAQRf-FtSHDQx4u3fcbyMCAVA0kpV0Z_12bdKHbe865LxZwW2vYRl7CTOzCBEh2-l0jpkduO6I7tlvnqbd1mSPfFX7QwadO-Xk93L-DiqN-a0fn7Iz22WlwxoOypiipSJOXAotXGtEDOGlLRCPIUnReJk0yUilg2fsDCHE36w:1mhzaX:7BsY3N6kgyofVTqwGMpUpV7jT5lL6-BNzFA9FOkYaPg	2021-11-16 19:36:53.85479+00
tke84f3hakowubo8qlblora382yaaa9f	.eJztjr1uhDAQhF_Fco0QwT9AyvQpUx0ntKzX4MudHXmhivLuMdJFSl4g1XWrb2Zn5lNOsG_rtDPlKTj5LG0nq99wBnyneCjuAnFJNaa45TDXh6W-q1y_JkfXl7v3T8AKvJZvg6CQesCubdWTtr2xBvveedPOyhjAwSvnB-UQvEY9GNu1VrXYOELUsz9Cb8QMC3GJO51GOU0XTvGHjrJqKt1Uo3zjjZyISeBOcQNRFotrYvFB-Ra4HLz7gKFoVCBkECEumRiyAOECrlDoEiLUozxXj6JH0b8XneXXN7cTQTU:1miLGX:-ZnAC2X-4xBITq8Hwo77SbOOeVyoee9YcbrH5x8PS70	2021-11-17 18:45:41.030056+00
rkq4elpi2f4ova4zy9rkegc3ovq81ukp	.eJxVjEEOwiAQRe_C2pCCwhSX7j0DmWEGqRpISrsy3l2bdKHb_977LxVxXUpcu8xxYnVWRh1-N8L0kLoBvmO9NZ1aXeaJ9KbonXZ9bSzPy-7-HRTs5VtbCzKSQWHJjAnAOWLIzM4yJRHIyMJGjsn6YMgP_jSwN4AUwkjZqvcHL6k5hg:1miRKK:SgdUBZWZCP9JCGg58jyEw6yh64j58ECcnvjWHBGRaA0	2021-11-18 01:14:00.337988+00
mnyddwkgumo32of4ydmwhxprui33yquj	.eJxVjEEOwiAQRe_C2pCCwhSX7j0DmWEGqRpISrsy3l2bdKHb_977LxVxXUpcu8xxYnVWRh1-N8L0kLoBvmO9NZ1aXeaJ9KbonXZ9bSzPy-7-HRTs5VtbCzKSQWHJjAnAOWLIzM4yJRHIyMJGjsn6YMgP_jSwN4AUwkjZqvcHL6k5hg:1micL3:NsaZ-O5zFC5XBp5edJPRI9tTfWj5pSubor1g2jNnol0	2021-11-18 12:59:29.442508+00
ny1w0k3q6gm8kwcu0bnoltrxpwzlonwe	.eJxVjEsOAiEQBe_C2hAFmo9L956BNN0gowaSYWZlvLtOMgvdvqp6LxFxXWpcR57jxOIsrBOH3zEhPXLbCN-x3bqk3pZ5SnJT5E6HvHbOz8vu_h1UHPVbA6Gm7JGcUvpkrAcL5D0XUEkDIIWiuQTNhMWQCWCdslrRkTORSUW8PxSSOKg:1miyUS:0vu2noF54Ys6oe7Eyzea4z-IDlPOHC5uUvOOwrdF59U	2021-11-19 12:38:40.836003+00
5p8adwa033cji35ofg0mqsxm9o046p4w	.eJxVjEEOwiAQRe_C2pCCwhSX7j0DmWEGqRpISrsy3l2bdKHb_977LxVxXUpcu8xxYnVWRh1-N8L0kLoBvmO9NZ1aXeaJ9KbonXZ9bSzPy-7-HRTs5VtbCzKSQWHJjAnAOWLIzM4yJRHIyMJGjsn6YMgP_jSwN4AUwkjZqvcHL6k5hg:1mj3Qu:sNl8cNbEGitCPVPM0i8VMwf4b3Sxun96xMj17oqTuHU	2021-11-19 17:55:20.937714+00
hvw76rhhku8v37nynjliixwgetd56wig	.eJxVjEsOAiEQBe_C2hAFmo9L956BNN0gowaSYWZlvLtOMgvdvqp6LxFxXWpcR57jxOIsrBOH3zEhPXLbCN-x3bqk3pZ5SnJT5E6HvHbOz8vu_h1UHPVbA6Gm7JGcUvpkrAcL5D0XUEkDIIWiuQTNhMWQCWCdslrRkTORSUW8PxSSOKg:1mk96i:bljeSGlw4MtmuocIYJEPc-_PFQRlsxFOKn1JyBq6gCE	2021-11-22 18:11:00.788205+00
f9id1mkrtgmpqeg5l1gjt4m7tc0oaoh9	.eJxVjEEOwiAQRe_C2pCCwhSX7j0DmWEGqRpISrsy3l2bdKHb_977LxVxXUpcu8xxYnVWRh1-N8L0kLoBvmO9NZ1aXeaJ9KbonXZ9bSzPy-7-HRTs5VtbCzKSQWHJjAnAOWLIzM4yJRHIyMJGjsn6YMgP_jSwN4AUwkjZqvcHL6k5hg:1mk9ER:g0L-UX4u_Wi57Xsppf_FhlgzgMAvWwx3ZgjTmTWj9rs	2021-11-22 18:18:59.998824+00
v0rd0rsjhx4w4sl2oxg4eujea8nkr7op	.eJxVjEsOAiEQBe_C2hAFmo9L956BNN0gowaSYWZlvLtOMgvdvqp6LxFxXWpcR57jxOIsrBOH3zEhPXLbCN-x3bqk3pZ5SnJT5E6HvHbOz8vu_h1UHPVbA6Gm7JGcUvpkrAcL5D0XUEkDIIWiuQTNhMWQCWCdslrRkTORSUW8PxSSOKg:1mkWny:1dCbkEE1wOxgwNW_joGHduH0yvUPDwTQQ62iTNRyPkQ	2021-11-23 19:29:14.389555+00
mscxsovju9vb9o5w12ic3wn4fdv4uljy	.eJxVjEEOwiAQRe_C2pCCwhSX7j0DmWEGqRpISrsy3l2bdKHb_977LxVxXUpcu8xxYnVWRh1-N8L0kLoBvmO9NZ1aXeaJ9KbonXZ9bSzPy-7-HRTs5VtbCzKSQWHJjAnAOWLIzM4yJRHIyMJGjsn6YMgP_jSwN4AUwkjZqvcHL6k5hg:1mkWtp:gYFYXRLJN29Q3y8GbJtUAB-jvVKGI1RmPbiwP9Tbrdg	2021-11-23 19:35:17.108611+00
aejqay4azjupnvafnp1pwwjtjqmlt7d1	.eJxVjEsOAiEQBe_C2hAFmo9L956BNN0gowaSYWZlvLtOMgvdvqp6LxFxXWpcR57jxOIsrBOH3zEhPXLbCN-x3bqk3pZ5SnJT5E6HvHbOz8vu_h1UHPVbA6Gm7JGcUvpkrAcL5D0XUEkDIIWiuQTNhMWQCWCdslrRkTORSUW8PxSSOKg:1mkmh9:P32eA-AvymD64SAj8QOHN6y9-wMhL4NVpv-vdRefaPk	2021-11-24 12:27:15.796088+00
qygf6heiahin7hqq8a5kd272ljc2avw9	.eJxVjMsOwiAQRf-FtSG8Cy7d-w2EYQapGkhKuzL-uzbpQrf3nHNfLKZtrXEbtMQZ2ZlJ4djpd4WUH9R2hPfUbp3n3tZlBr4r_KCDXzvS83K4fwc1jfqti0EQZJGSJudU0dp7mRHtZCEU7YxXIFQAhKyMCxKMmhyZkMFnRVqz9wdBXjhw:1mkoRK:2ZXWTubTgBgVWHyqT2rO-zOipwjVhmSPtMVPHmRRIQY	2021-11-24 14:19:02.312945+00
dqedsp6olxqrwusujiv0z1mph71534pw	.eJxVjEsOAiEQBe_C2hAFmo9L956BNN0gowaSYWZlvLtOMgvdvqp6LxFxXWpcR57jxOIsrBOH3zEhPXLbCN-x3bqk3pZ5SnJT5E6HvHbOz8vu_h1UHPVbA6Gm7JGcUvpkrAcL5D0XUEkDIIWiuQTNhMWQCWCdslrRkTORSUW8PxSSOKg:1mkrPB:DGkYpreHFPZutS4gi_2mM_XtFwHBo2VHuprKVV6FFeg	2021-11-24 17:29:01.150995+00
gyyr4w020cjezfhdfm9o6b298barlmvd	.eJxVjEsOAiEQBe_C2hAFmo9L956BNN0gowaSYWZlvLtOMgvdvqp6LxFxXWpcR57jxOIsrBOH3zEhPXLbCN-x3bqk3pZ5SnJT5E6HvHbOz8vu_h1UHPVbA6Gm7JGcUvpkrAcL5D0XUEkDIIWiuQTNhMWQCWCdslrRkTORSUW8PxSSOKg:1mkrT6:zfvhfPKpIumAY4w3KpsxeE-65zO2IVqo-Nd9OjHb648	2021-11-24 17:33:04.807216+00
jb07uv4cax9msvibsrynttfglvq0dtgz	.eJxVjEsOAiEQBe_C2hAFmo9L956BNN0gowaSYWZlvLtOMgvdvqp6LxFxXWpcR57jxOIsrBOH3zEhPXLbCN-x3bqk3pZ5SnJT5E6HvHbOz8vu_h1UHPVbA6Gm7JGcUvpkrAcL5D0XUEkDIIWiuQTNhMWQCWCdslrRkTORSUW8PxSSOKg:1mks2B:sNs-RlDTcheckd1hgJpEW7vwbTBHbRR9iGy5tggVIG0	2021-11-24 18:09:19.344928+00
8ytrei9ogatbi5wx0y5dbcdox9f4rkh9	.eJxVjEsOAiEQBe_C2hAFmo9L956BNN0gowaSYWZlvLtOMgvdvqp6LxFxXWpcR57jxOIsrBOH3zEhPXLbCN-x3bqk3pZ5SnJT5E6HvHbOz8vu_h1UHPVbA6Gm7JGcUvpkrAcL5D0XUEkDIIWiuQTNhMWQCWCdslrRkTORSUW8PxSSOKg:1ml92o:fjiUCqQyp81Vst3Kao9xxbd-UhBSdpZoOPOGdzZQnsk	2021-11-25 12:19:06.654058+00
06hdrsa6wpoi3adjwjxwf0oebao2r9nb	.eJxVjEsOAiEQBe_C2hAFmo9L956BNN0gowaSYWZlvLtOMgvdvqp6LxFxXWpcR57jxOIsrBOH3zEhPXLbCN-x3bqk3pZ5SnJT5E6HvHbOz8vu_h1UHPVbA6Gm7JGcUvpkrAcL5D0XUEkDIIWiuQTNhMWQCWCdslrRkTORSUW8PxSSOKg:1mlDqB:R9rRRuCYsh5f-HJqL8eGucCvtuaF5Zk2DPLoN_1nMHs	2021-11-25 17:26:23.968536+00
l67j48vm4amde3qewa2sotadpyqvrln1	.eJxVjEsOAiEQBe_C2hAFmo9L956BNN0gowaSYWZlvLtOMgvdvqp6LxFxXWpcR57jxOIsrBOH3zEhPXLbCN-x3bqk3pZ5SnJT5E6HvHbOz8vu_h1UHPVbA6Gm7JGcUvpkrAcL5D0XUEkDIIWiuQTNhMWQCWCdslrRkTORSUW8PxSSOKg:1mlEHW:6TJsnHjSOW6km5FOyd18dBQ2lTVpLLuOEdWWNCLqGYU	2021-11-25 17:54:38.340546+00
kxu4cthndobkn6qqinrhnymgk4npw9tn	.eJxVjEsOAiEQBe_C2hAFmo9L956BNN0gowaSYWZlvLtOMgvdvqp6LxFxXWpcR57jxOIsrBOH3zEhPXLbCN-x3bqk3pZ5SnJT5E6HvHbOz8vu_h1UHPVbA6Gm7JGcUvpkrAcL5D0XUEkDIIWiuQTNhMWQCWCdslrRkTORSUW8PxSSOKg:1mlEdX:-yevMAM4TUZBUtGyE_I7i-S0mpslQbIam7EXlY7qNUw	2021-11-25 18:17:23.026895+00
hcivniqxwo1pew448lmdbvr62vx4l86z	.eJxVjEsOAiEQBe_C2hAFmo9L956BNN0gowaSYWZlvLtOMgvdvqp6LxFxXWpcR57jxOIsrBOH3zEhPXLbCN-x3bqk3pZ5SnJT5E6HvHbOz8vu_h1UHPVbA6Gm7JGcUvpkrAcL5D0XUEkDIIWiuQTNhMWQCWCdslrRkTORSUW8PxSSOKg:1mlVYb:vKS7SaRKRIj6RXp0XnsUodAEzjK4Av2iuJca9_M-upo	2021-11-26 12:21:25.272759+00
mc7fqo7f44lo9ifltsw4x8jaficqyuhy	.eJxVjEsOAiEQBe_C2hAFmo9L956BNN0gowaSYWZlvLtOMgvdvqp6LxFxXWpcR57jxOIsrBOH3zEhPXLbCN-x3bqk3pZ5SnJT5E6HvHbOz8vu_h1UHPVbA6Gm7JGcUvpkrAcL5D0XUEkDIIWiuQTNhMWQCWCdslrRkTORSUW8PxSSOKg:1mmaqK:ll_Fe-vqSPTmkCUd3oja-M60hWMSI72e5xYxUMmPVlI	2021-11-29 12:12:12.83487+00
v38oh1glxeoarstt6wh50f4kmgfc9jaw	.eJxVjEsOAiEQBe_C2hAFmo9L956BNN0gowaSYWZlvLtOMgvdvqp6LxFxXWpcR57jxOIsrBOH3zEhPXLbCN-x3bqk3pZ5SnJT5E6HvHbOz8vu_h1UHPVbA6Gm7JGcUvpkrAcL5D0XUEkDIIWiuQTNhMWQCWCdslrRkTORSUW8PxSSOKg:1mmb3b:cOPurTIhIEYKpARj8ns3nfBfTcldurYD1q5nlL_A9LE	2021-11-29 12:25:55.922334+00
hhgx7ggs72hktitpaau0ycq1jlet9vly	.eJxVjEsOAiEQBe_C2hAFmo9L956BNN0gowaSYWZlvLtOMgvdvqp6LxFxXWpcR57jxOIsrBOH3zEhPXLbCN-x3bqk3pZ5SnJT5E6HvHbOz8vu_h1UHPVbA6Gm7JGcUvpkrAcL5D0XUEkDIIWiuQTNhMWQCWCdslrRkTORSUW8PxSSOKg:1mmb83:_5ajFTg4fjtNLV2OvPg4z6tr6_s_QEUk3uX1isKny7A	2021-11-29 12:30:31.96867+00
2a59irqg4i448eoywytf1szzdk9k48xx	.eJxVjEEOwiAQRe_C2pCCwhSX7j0DmWEGqRpISrsy3l2bdKHb_977LxVxXUpcu8xxYnVWRh1-N8L0kLoBvmO9NZ1aXeaJ9KbonXZ9bSzPy-7-HRTs5VtbCzKSQWHJjAnAOWLIzM4yJRHIyMJGjsn6YMgP_jSwN4AUwkjZqvcHL6k5hg:1mnN8C:aa8lhcpVW33ZZIhhTNaEUMB2Oy-uELCCkp3YgU-UiKQ	2021-12-01 15:45:52.352139+00
getuf2uwkk0015rl6bqzxp4c5k3wknp3	.eJxVjEsOAiEQBe_C2hAFmo9L956BNN0gowaSYWZlvLtOMgvdvqp6LxFxXWpcR57jxOIsrBOH3zEhPXLbCN-x3bqk3pZ5SnJT5E6HvHbOz8vu_h1UHPVbA6Gm7JGcUvpkrAcL5D0XUEkDIIWiuQTNhMWQCWCdslrRkTORSUW8PxSSOKg:1mniB9:cyetXxtU84nJID42Q33yqKGQSr1pTj3doP_VBDj49AY	2021-12-02 14:14:19.743651+00
lgia0c6k0j740lv7xdwj0r7lz3jzicj7	.eJxVjEsOAiEQBe_C2hAFmo9L956BNN0gowaSYWZlvLtOMgvdvqp6LxFxXWpcR57jxOIsrBOH3zEhPXLbCN-x3bqk3pZ5SnJT5E6HvHbOz8vu_h1UHPVbA6Gm7JGcUvpkrAcL5D0XUEkDIIWiuQTNhMWQCWCdslrRkTORSUW8PxSSOKg:1mnkuG:-XgtiEBJNyrKo99oBxU_048Hkpfpl5X23ehQrJrtgeo	2021-12-02 17:09:04.162996+00
9pk79zez9p7y9b5pnqxir8uxk2aeblkm	.eJxVjEsOAiEQBe_C2hAFmo9L956BNN0gowaSYWZlvLtOMgvdvqp6LxFxXWpcR57jxOIsrBOH3zEhPXLbCN-x3bqk3pZ5SnJT5E6HvHbOz8vu_h1UHPVbA6Gm7JGcUvpkrAcL5D0XUEkDIIWiuQTNhMWQCWCdslrRkTORSUW8PxSSOKg:1mp8R3:mitzpQaYLK0Fvw_ZcHd2cZRMynHOW7M7_y1ImnIO-m8	2021-12-06 12:28:37.985468+00
bj4atyw2vtn3uqvwuvdajtvs66g4fqyg	.eJxVjEEOwiAQRe_C2pCCwhSX7j0DmWEGqRpISrsy3l2bdKHb_977LxVxXUpcu8xxYnVWRh1-N8L0kLoBvmO9NZ1aXeaJ9KbonXZ9bSzPy-7-HRTs5VtbCzKSQWHJjAnAOWLIzM4yJRHIyMJGjsn6YMgP_jSwN4AUwkjZqvcHL6k5hg:1mpE3A:PkhvtrrAyYT5-Z_6xBH3T7uCEMRWyRxEj1l994suTS0	2021-12-06 18:28:20.126293+00
3jrpfquobobcevj9b9rggvq4l9g9167q	.eJxVjEsOAiEQBe_C2hAFmo9L956BNN0gowaSYWZlvLtOMgvdvqp6LxFxXWpcR57jxOIsrBOH3zEhPXLbCN-x3bqk3pZ5SnJT5E6HvHbOz8vu_h1UHPVbA6Gm7JGcUvpkrAcL5D0XUEkDIIWiuQTNhMWQCWCdslrRkTORSUW8PxSSOKg:1mprTK:utZLQLWdMMlHqugqJ6mPAjPXKCW-Jx4KEqUWCRyvI5Y	2021-12-08 12:33:58.073262+00
p4guorn1241mnqb9i1ln90enlnjtft5e	.eJxVjEEOwiAQRe_C2pCCwhSX7j0DmWEGqRpISrsy3l2bdKHb_977LxVxXUpcu8xxYnVWRh1-N8L0kLoBvmO9NZ1aXeaJ9KbonXZ9bSzPy-7-HRTs5VtbCzKSQWHJjAnAOWLIzM4yJRHIyMJGjsn6YMgP_jSwN4AUwkjZqvcHL6k5hg:1mpxAE:ACoH1Fzzu9qkMy481CLrXkwIcS_KiPASZUiwDw44TfI	2021-12-08 18:38:38.030515+00
x3hmyrge9zpl5xf6cl24ai6rvrzum6yx	.eJxVjMsOwiAQRf-FtSG8Cy7d-w2EYQapGkhKuzL-uzbpQrf3nHNfLKZtrXEbtMQZ2ZlJ4djpd4WUH9R2hPfUbp3n3tZlBr4r_KCDXzvS83K4fwc1jfqti0EQZJGSJudU0dp7mRHtZCEU7YxXIFQAhKyMCxKMmhyZkMFnRVqz9wdBXjhw:1mpxTC:TBAe3SmH_gcK7VdsFNbnRN9jMBGEQ_p8kD-MQfG9adI	2021-12-08 18:58:14.741404+00
6ygd94di44q39x2ypd95p0ug7as6gzf0	.eJxVjEsOAiEQBe_C2hAFmo9L956BNN0gowaSYWZlvLtOMgvdvqp6LxFxXWpcR57jxOIsrBOH3zEhPXLbCN-x3bqk3pZ5SnJT5E6HvHbOz8vu_h1UHPVbA6Gm7JGcUvpkrAcL5D0XUEkDIIWiuQTNhMWQCWCdslrRkTORSUW8PxSSOKg:1mrfmP:x1EAY89P8hDsCaWUSNcIg2X38ZOPMVUsydYZEdmEcpg	2021-12-13 12:29:09.88724+00
p8sx8bcppffpez0ztsva565g12ww9hr3	.eJxVjEsOAiEQBe_C2hAFmo9L956BNN0gowaSYWZlvLtOMgvdvqp6LxFxXWpcR57jxOIsrBOH3zEhPXLbCN-x3bqk3pZ5SnJT5E6HvHbOz8vu_h1UHPVbA6Gm7JGcUvpkrAcL5D0XUEkDIIWiuQTNhMWQCWCdslrRkTORSUW8PxSSOKg:1mriAX:8uHKWI8brDNkXWd0gYAdWnIHwB4dv52zlwIrMOSDcvE	2021-12-13 15:02:13.423544+00
8uhpzxjn9lt1knzreomgw6suuqyf3158	.eJxVjEEOwiAQRe_C2pCCwhSX7j0DmWEGqRpISrsy3l2bdKHb_977LxVxXUpcu8xxYnVWRh1-N8L0kLoBvmO9NZ1aXeaJ9KbonXZ9bSzPy-7-HRTs5VtbCzKSQWHJjAnAOWLIzM4yJRHIyMJGjsn6YMgP_jSwN4AUwkjZqvcHL6k5hg:1mriNN:a1IfWS0FbWzWC7DIpo1tqsLJn2U8vnbF_BW8Y3VkdA0	2021-12-13 15:15:29.722924+00
afas4ngwc1ogpsl7kgfpyfinczyqhab0	.eJxVjDsOwjAQRO_iGllrJ_5R0nMGy95dcADZUpxUiLuTSCmgnHlv5i1iWpcS185znEichQInTr9tTvjkuiN6pHpvEltd5inLXZEH7fLaiF-Xw_07KKmXbT3qwfnbiMGTMYG9dUwZFOSBYcvJDApM4qAsauKAQTvGYBUpMgCaxecLGtE34g:1mriPX:5bOmZNgpxP-FAlCZGbPbS6l_H7Ca87Hujr9PZqlOTMM	2021-12-13 15:17:43.963981+00
3qwh0hgndz8m91y0t6f3iuet5ffhr2qs	.eJxVjDsOwjAQRO_iGllrJ_5R0nMGy95dcADZUpxUiLuTSCmgnHlv5i1iWpcS185znEichQInTr9tTvjkuiN6pHpvEltd5inLXZEH7fLaiF-Xw_07KKmXbT3qwfnbiMGTMYG9dUwZFOSBYcvJDApM4qAsauKAQTvGYBUpMgCaxecLGtE34g:1ms3D8:G5ssEmsZcUsz_9GEMdpzwfemuPA3_TRhOJw0YdHz0tM	2021-12-14 13:30:18.040273+00
ps863y8q99oa4xns1gjhkjf95j6usbha	.eJxVjEEOwiAQRe_C2pCCwhSX7j0DmWEGqRpISrsy3l2bdKHb_977LxVxXUpcu8xxYnVWRh1-N8L0kLoBvmO9NZ1aXeaJ9KbonXZ9bSzPy-7-HRTs5VtbCzKSQWHJjAnAOWLIzM4yJRHIyMJGjsn6YMgP_jSwN4AUwkjZqvcHL6k5hg:1ms3HI:EI_QvfCumeiCvUsVqi0nuFCmbxVcdERQG2I7PJ8-Ihg	2021-12-14 13:34:36.821839+00
2okxqqj7xy2625zf70bldjg8p8253jpg	.eJxVjDsOwjAQRO_iGllrJ_5R0nMGy95dcADZUpxUiLuTSCmgnHlv5i1iWpcS185znEichQInTr9tTvjkuiN6pHpvEltd5inLXZEH7fLaiF-Xw_07KKmXbT3qwfnbiMGTMYG9dUwZFOSBYcvJDApM4qAsauKAQTvGYBUpMgCaxecLGtE34g:1msOmX:uQ5Tws80x68BSgXppK9LDKnPTGzb5gv2R7t7G24JOo0	2021-12-15 12:32:17.257791+00
swgnu6niga65s0ii661v86ye7phy44xu	.eJxVjDsOwjAQRO_iGllrJ_5R0nMGy95dcADZUpxUiLuTSCmgnHlv5i1iWpcS185znEichQInTr9tTvjkuiN6pHpvEltd5inLXZEH7fLaiF-Xw_07KKmXbT3qwfnbiMGTMYG9dUwZFOSBYcvJDApM4qAsauKAQTvGYBUpMgCaxecLGtE34g:1mslH5:NjFyc-Y5vgXsJbSrBGkG7tpZCZg9UY4CobQYrae4r6o	2021-12-16 12:33:19.210926+00
0yd8w72lx0dxqpxc3hwlz1ndp385dzag	.eJxVjEsOAiEQBe_C2hAFmo9L956BNN0gowaSYWZlvLtOMgvdvqp6LxFxXWpcR57jxOIsrBOH3zEhPXLbCN-x3bqk3pZ5SnJT5E6HvHbOz8vu_h1UHPVbA6Gm7JGcUvpkrAcL5D0XUEkDIIWiuQTNhMWQCWCdslrRkTORSUW8PxSSOKg:1msmeB:8VaDvA7KkmaxCavp0GTFn8YxJtSukaSzHDcZFm8tPCY	2021-12-16 14:01:15.596489+00
p33cy8ncqe050pfuhval11bzsb29pzfv	.eJxVjMsOwiAQRf-FtSHDQx4u3fcbyMCAVA0kpV0Z_12bdKHbe865LxZwW2vYRl7CTOzCBEh2-l0jpkduO6I7tlvnqbd1mSPfFX7QwadO-Xk93L-DiqN-a0fn7Iz22WlwxoOypiipSJOXAotXGtEDOGlLRCPIUnReJk0yUilg2fsDCHE36w:1mubQY:X0KUq3RUsLRNB1qyIEA3S3_lExbJ4yjqTJEveBvgMUw	2021-12-21 14:26:42.87603+00
8ohr36t2sj01nixk25zhjt8ip3b7gr73	.eJxVjEEOwiAQRe_C2pCCwhSX7j0DmWEGqRpISrsy3l2bdKHb_977LxVxXUpcu8xxYnVWRh1-N8L0kLoBvmO9NZ1aXeaJ9KbonXZ9bSzPy-7-HRTs5VtbCzKSQWHJjAnAOWLIzM4yJRHIyMJGjsn6YMgP_jSwN4AUwkjZqvcHL6k5hg:1mubQd:c8L88GetPhByFqb-GSF2hpOQJW7zHeREKtjDvYcwqd8	2021-12-21 14:26:47.519924+00
dfdjivuuzt77jwrcu4upul02hglygdlv	.eJxVjEsOAiEQBe_C2hAFmo9L956BNN0gowaSYWZlvLtOMgvdvqp6LxFxXWpcR57jxOIsrBOH3zEhPXLbCN-x3bqk3pZ5SnJT5E6HvHbOz8vu_h1UHPVbA6Gm7JGcUvpkrAcL5D0XUEkDIIWiuQTNhMWQCWCdslrRkTORSUW8PxSSOKg:1mubbU:qsTjZAmu2kuZwd5KM8cxyOl9seShufqBXSa6uQmOTi4	2021-12-21 14:38:00.605042+00
gd8z4tpa6585i29gwltt35d81pzbqh8e	.eJxVjEsOAiEQBe_C2hAFmo9L956BNN0gowaSYWZlvLtOMgvdvqp6LxFxXWpcR57jxOIsrBOH3zEhPXLbCN-x3bqk3pZ5SnJT5E6HvHbOz8vu_h1UHPVbA6Gm7JGcUvpkrAcL5D0XUEkDIIWiuQTNhMWQCWCdslrRkTORSUW8PxSSOKg:1mv1m9:ECKuJ051yQFhMhW3D1JWg29ESYymbIqgqi7x3VEIVSM	2021-12-22 18:34:45.755383+00
nq9k2sq5rkogtprg2ikc0s2chxrvnmc7	.eJxVjEEOwiAQRe_C2pCCwhSX7j0DmWEGqRpISrsy3l2bdKHb_977LxVxXUpcu8xxYnVWRh1-N8L0kLoBvmO9NZ1aXeaJ9KbonXZ9bSzPy-7-HRTs5VtbCzKSQWHJjAnAOWLIzM4yJRHIyMJGjsn6YMgP_jSwN4AUwkjZqvcHL6k5hg:1mv21N:51HuyInUmnvF-v0bA-3EDTQXTPIS83VpKx9ZZxgY_w4	2021-12-22 18:50:29.541988+00
x9ty2nkkek35ye6l647tdskdq27xliyk	.eJxVjEsOAiEQBe_C2hAFmo9L956BNN0gowaSYWZlvLtOMgvdvqp6LxFxXWpcR57jxOIsrBOH3zEhPXLbCN-x3bqk3pZ5SnJT5E6HvHbOz8vu_h1UHPVbA6Gm7JGcUvpkrAcL5D0XUEkDIIWiuQTNhMWQCWCdslrRkTORSUW8PxSSOKg:1mvIIK:PjR-z0OkULLDwQAtUpBo_FM7ZP1XLODdKHOgUuFcOMc	2021-12-23 12:13:04.474119+00
3tgon5xz9p1krhh9024ys595k3qtfpxh	.eJxVjEsOAiEQBe_C2hAFmo9L956BNN0gowaSYWZlvLtOMgvdvqp6LxFxXWpcR57jxOIsrBOH3zEhPXLbCN-x3bqk3pZ5SnJT5E6HvHbOz8vu_h1UHPVbA6Gm7JGcUvpkrAcL5D0XUEkDIIWiuQTNhMWQCWCdslrRkTORSUW8PxSSOKg:1mvKGh:zeZUDH2EEOW2gnAjph6AO6gGxl1VcaZUkiCfpz_Bls4	2021-12-23 14:19:31.347942+00
zsan4fwa9di5b8mjmqaotdr1tzmrnts9	.eJxVjEsOAiEQBe_C2hAFmo9L956BNN0gowaSYWZlvLtOMgvdvqp6LxFxXWpcR57jxOIsrBOH3zEhPXLbCN-x3bqk3pZ5SnJT5E6HvHbOz8vu_h1UHPVbA6Gm7JGcUvpkrAcL5D0XUEkDIIWiuQTNhMWQCWCdslrRkTORSUW8PxSSOKg:1mvmyi:xyn0McGwbJ_8EzZiKRGj4lcFBBW4MYt95djVslctg5k	2021-12-24 20:58:52.34044+00
5j0ygtx7r4w9jhocnyjybfinwn6158j1	.eJxVjEsOAiEQBe_C2hAFmo9L956BNN0gowaSYWZlvLtOMgvdvqp6LxFxXWpcR57jxOIsrBOH3zEhPXLbCN-x3bqk3pZ5SnJT5E6HvHbOz8vu_h1UHPVbA6Gm7JGcUvpkrAcL5D0XUEkDIIWiuQTNhMWQCWCdslrRkTORSUW8PxSSOKg:1mwl6n:mlmFsYs63njs_7hScujLM-UeHLWEPuP-mrnQhImoKuc	2021-12-27 13:11:13.895679+00
hoss9y0yhogwq17qdhu2lnlv8429b1sd	.eJxVjEsOAiEQBe_C2hAFmo9L956BNN0gowaSYWZlvLtOMgvdvqp6LxFxXWpcR57jxOIsrBOH3zEhPXLbCN-x3bqk3pZ5SnJT5E6HvHbOz8vu_h1UHPVbA6Gm7JGcUvpkrAcL5D0XUEkDIIWiuQTNhMWQCWCdslrRkTORSUW8PxSSOKg:1mwl7Q:J-LcwDQBM_S_jntMmPh4HU1Wdq8xBQRD7MLCwEMfjhs	2021-12-27 13:11:52.872531+00
25s73ijh4iqmpt3elnxoqktt9owx5iki	.eJxVjEsOAiEQBe_C2hAFmo9L956BNN0gowaSYWZlvLtOMgvdvqp6LxFxXWpcR57jxOIsrBOH3zEhPXLbCN-x3bqk3pZ5SnJT5E6HvHbOz8vu_h1UHPVbA6Gm7JGcUvpkrAcL5D0XUEkDIIWiuQTNhMWQCWCdslrRkTORSUW8PxSSOKg:1mwlaV:RCC4Wlb6VUCO7EHylPHw1hZWkPcO3OoyBk33hOPLhNA	2021-12-27 13:41:55.804607+00
wh9ooc4at98x623642lx32bsad8jmr6v	.eJxVjEsOAiEQBe_C2hAFmo9L956BNN0gowaSYWZlvLtOMgvdvqp6LxFxXWpcR57jxOIsrBOH3zEhPXLbCN-x3bqk3pZ5SnJT5E6HvHbOz8vu_h1UHPVbA6Gm7JGcUvpkrAcL5D0XUEkDIIWiuQTNhMWQCWCdslrRkTORSUW8PxSSOKg:1mwqlT:yk5js0wAcxar75kwv0sCuzQQVfkgeI9ZBz6pVYigq50	2021-12-27 19:13:35.5097+00
k0co17m4zjm6gks706cpq9ctyci14n06	.eJxVjEsOAiEQBe_C2hAFmo9L956BNN0gowaSYWZlvLtOMgvdvqp6LxFxXWpcR57jxOIsrBOH3zEhPXLbCN-x3bqk3pZ5SnJT5E6HvHbOz8vu_h1UHPVbA6Gm7JGcUvpkrAcL5D0XUEkDIIWiuQTNhMWQCWCdslrRkTORSUW8PxSSOKg:1mwqxr:8fESPUXr7sW8b5IagqhAJOT46zqa3uDfgBTyg8vAOBU	2021-12-27 19:26:23.303912+00
nll57o7zk37c3w5vs0wzyz31lhlopleg	.eJxVjEsOAiEQBe_C2hAFmo9L956BNN0gowaSYWZlvLtOMgvdvqp6LxFxXWpcR57jxOIsrBOH3zEhPXLbCN-x3bqk3pZ5SnJT5E6HvHbOz8vu_h1UHPVbA6Gm7JGcUvpkrAcL5D0XUEkDIIWiuQTNhMWQCWCdslrRkTORSUW8PxSSOKg:1n2aNo:nR8__z42uDFg7a27tOzkyhqEatDJnvoSDt4mKUltvis	2022-01-12 14:56:52.89146+00
a3pejf0eb2m845lx33tiny1mr39ptb11	.eJxVjEsOAiEQBe_C2hAFmo9L956BNN0gowaSYWZlvLtOMgvdvqp6LxFxXWpcR57jxOIsrBOH3zEhPXLbCN-x3bqk3pZ5SnJT5E6HvHbOz8vu_h1UHPVbA6Gm7JGcUvpkrAcL5D0XUEkDIIWiuQTNhMWQCWCdslrRkTORSUW8PxSSOKg:1n55U4:8i6RV0l8nDslS1Gb2b5FLZEmu1USKQXuPVYXFgSt_s0	2022-01-19 12:33:40.398225+00
48bpm4pkrjmabtzg641w6unhlqttm63y	.eJxVjEEOwiAQRe_C2pCCwhSX7j0DmWEGqRpISrsy3l2bdKHb_977LxVxXUpcu8xxYnVWRh1-N8L0kLoBvmO9NZ1aXeaJ9KbonXZ9bSzPy-7-HRTs5VtbCzKSQWHJjAnAOWLIzM4yJRHIyMJGjsn6YMgP_jSwN4AUwkjZqvcHL6k5hg:1n55VG:XwmKnSm-a3rKK_W9rZVBeIdmhN8uTd36coQ-mSlwugE	2022-01-19 12:34:54.343456+00
884dmig3q1q78pgcow6egxcjdflk21vy	.eJxVjEsOAiEQBe_C2hAFmo9L956BNN0gowaSYWZlvLtOMgvdvqp6LxFxXWpcR57jxOIsrBOH3zEhPXLbCN-x3bqk3pZ5SnJT5E6HvHbOz8vu_h1UHPVbA6Gm7JGcUvpkrAcL5D0XUEkDIIWiuQTNhMWQCWCdslrRkTORSUW8PxSSOKg:1nBywZ:BgA0zEOxEEDJdvZKzGBze1CMFCPvUcdY5ULkjS5zVEo	2022-02-07 12:59:35.41184+00
mcuhiwce3nym4dnzg85hk0ceeusix6lk	.eJxVjEEOwiAQRe_C2pCCwhSX7j0DmWEGqRpISrsy3l2bdKHb_977LxVxXUpcu8xxYnVWRh1-N8L0kLoBvmO9NZ1aXeaJ9KbonXZ9bSzPy-7-HRTs5VtbCzKSQWHJjAnAOWLIzM4yJRHIyMJGjsn6YMgP_jSwN4AUwkjZqvcHL6k5hg:1nBzHa:6pRD7n33zZjIuDMzYUeMDWdF7LJC2HJcoI4mVs6_1wI	2022-02-07 13:21:18.097926+00
qpzaslsosz43fmm4msp7tonxrqty17fn	.eJxVjEsOAiEQBe_C2hAFmo9L956BNN0gowaSYWZlvLtOMgvdvqp6LxFxXWpcR57jxOIsrBOH3zEhPXLbCN-x3bqk3pZ5SnJT5E6HvHbOz8vu_h1UHPVbA6Gm7JGcUvpkrAcL5D0XUEkDIIWiuQTNhMWQCWCdslrRkTORSUW8PxSSOKg:1nChFX:4j9p7xkKH_tGjE1WOUbAFs-tiqYHca9Xmr2J_rMxqoQ	2022-02-09 12:18:07.672863+00
\.


--
-- Data for Name: django_site; Type: TABLE DATA; Schema: public; Owner: postgres
--

COPY public.django_site (id, domain, name) FROM stdin;
2	rfc.cjgconsultores.com1	rfc.cjgconsultores.com1
1	rfc.cjgconsultores.com	rfc.cjgconsultores.com
3	dev-rfc.cjgconsultores.com	dev-rfc.cjgconsultores.com
\.


--
-- Data for Name: info_general_auditoria; Type: TABLE DATA; Schema: public; Owner: ubuntu
--

COPY public.info_general_auditoria (id, producto, descripcion, json_descripcion, fecha_auditado, creado_por, eliminado_por, modificado_por, tecnico_asociado_id, tipo_auditoria_id) FROM stdin;
4	Eliminacion de una AMI	\N	{"name": "test_it_test5", "ami_id": "ami-083db3063de00f080"}	2021-11-05 18:17:09.956539+00	\N	Estanislao	\N	2	1
5	Eliminacion de snapshots	\N	{"snaps": [{"id": "snap-002ee95318b2886d5", "response": "DryRunOperation"}], "ami_id": "ami-083db3063de00f080"}	2021-11-05 18:17:09.967368+00	\N	Estanislao	\N	2	1
6	Eliminacion de una AMI	\N	{"name": "test_it_test5", "ami_id": "ami-083db3063de00f080"}	2021-11-05 19:40:50.77606+00	\N	Estanislao	\N	2	1
7	Eliminacion de snapshots	\N	{"snaps": [{"id": "snap-002ee95318b2886d5", "response": "DryRunOperation"}], "ami_id": "ami-083db3063de00f080"}	2021-11-05 19:40:50.782323+00	\N	Estanislao	\N	2	1
8	Eliminacion de una AMI	\N	{"name": "test_it_test5", "ami_id": "ami-083db3063de00f080"}	2021-11-05 19:42:31.342128+00	\N	Estanislao	\N	2	1
9	Eliminacion de snapshots	\N	{"snaps": [{"id": "snap-002ee95318b2886d5", "response": "DryRunOperation"}], "ami_id": "ami-083db3063de00f080"}	2021-11-05 19:42:31.348909+00	\N	Estanislao	\N	2	1
10	Eliminacion de una AMI	\N	{"name": "test_it_test5", "ami_id": "ami-083db3063de00f080"}	2021-11-05 19:43:08.273049+00	\N	Estanislao	\N	2	1
11	Eliminacion de snapshots	\N	{"snaps": [{"id": "snap-002ee95318b2886d5", "response": "DryRunOperation"}], "ami_id": "ami-083db3063de00f080"}	2021-11-05 19:43:08.279144+00	\N	Estanislao	\N	2	1
12	Eliminacion de una AMI	\N	{"name": "test_it_test5", "ami_id": "ami-083db3063de00f080"}	2021-11-05 19:46:43.896261+00	\N	Estanislao	\N	2	1
13	Eliminacion de snapshots	\N	{"snaps": [{"id": "snap-002ee95318b2886d5", "response": "DryRunOperation"}], "ami_id": "ami-083db3063de00f080"}	2021-11-05 19:46:43.901695+00	\N	Estanislao	\N	2	1
14	Eliminacion de una AMI	\N	{"name": "test_it_test5", "ami_id": "ami-083db3063de00f080"}	2021-11-05 19:51:13.705059+00	\N	Estanislao	\N	2	1
15	Eliminacion de snapshots	\N	{"snaps": [{"id": "snap-002ee95318b2886d5", "response": "DryRunOperation"}], "ami_id": "ami-083db3063de00f080"}	2021-11-05 19:51:13.710868+00	\N	Estanislao	\N	2	1
16	Eliminacion de una AMI	\N	{"name": "test_it_test5", "ami_id": "ami-083db3063de00f080"}	2021-11-05 20:00:47.68985+00	\N	Estanislao	\N	2	1
17	Eliminacion de snapshots	\N	{"snaps": [{"id": "snap-002ee95318b2886d5", "response": "DryRunOperation"}], "ami_id": "ami-083db3063de00f080"}	2021-11-05 20:00:47.696185+00	\N	Estanislao	\N	2	1
18	Eliminacion de una AMI	\N	{"name": "test_it_test5", "ami_id": "ami-083db3063de00f080"}	2021-11-05 20:14:20.640162+00	\N	Estanislao	\N	2	1
19	Eliminacion de snapshots	\N	{"snaps": [{"id": "snap-002ee95318b2886d5", "response": "DryRunOperation"}], "ami_id": "ami-083db3063de00f080"}	2021-11-05 20:14:20.646011+00	\N	Estanislao	\N	2	1
20	Eliminacion de una AMI	\N	{"name": "test_it_test5", "ami_id": "ami-083db3063de00f080"}	2021-11-05 20:15:41.304261+00	\N	Estanislao	\N	2	1
21	Eliminacion de snapshots	\N	{"snaps": [{"id": "snap-002ee95318b2886d5", "response": "DryRunOperation"}], "ami_id": "ami-083db3063de00f080"}	2021-11-05 20:15:41.310527+00	\N	Estanislao	\N	2	1
22	Eliminacion de una AMI	\N	{"name": "test_it_test5", "ami_id": "ami-083db3063de00f080"}	2021-11-05 20:18:23.965964+00	\N	Estanislao	\N	2	1
23	Eliminacion de snapshots	\N	{"snaps": [{"id": "snap-002ee95318b2886d5", "response": "DryRunOperation"}], "ami_id": "ami-083db3063de00f080"}	2021-11-05 20:18:23.971818+00	\N	Estanislao	\N	2	1
24	Eliminacion de una AMI	\N	{"name": "test_it_test5", "ami_id": "ami-083db3063de00f080"}	2021-11-05 23:07:43.441571+00	\N	Estanislao	\N	2	1
25	Eliminacion de una AMI	\N	{"name": "test_it_test5", "ami_id": "ami-083db3063de00f080"}	2021-11-05 23:11:41.451691+00	\N	Estanislao	\N	2	1
26	Eliminacion de una AMI	\N	{"name": "test_it_test5", "ami_id": "ami-083db3063de00f080"}	2021-11-05 23:13:49.832383+00	\N	Estanislao	\N	2	1
27	Eliminacion de snapshots	\N	{"snaps": [{"id": "snap-002ee95318b2886d5", "response": "DryRunOperation"}], "ami_id": "ami-083db3063de00f080"}	2021-11-05 23:13:49.839212+00	\N	Estanislao	\N	2	2
1	Eliminacion de una AMI		{"name": "test_it_ami", "ami_id": "ami-0d6d573ea8717ec7f"}	2021-11-03 20:15:38+00	\N	Estanislao	\N	2	1
2	Eliminacion de una AMI		{"name": "test_it_ami", "ami_id": "ami-0d6d573ea8717ec7f"}	2021-11-03 20:22:58+00	\N	Estanislao	\N	2	1
3	Eliminacion de snapshots		{"snaps": [{"id": "snap-0eb0b346c76c9336e", "response": "UnauthorizedOperation"}], "ami_id": "ami-0d6d573ea8717ec7f"}	2021-11-03 20:28:26+00	\N	Estanislao	\N	2	2
28	Eliminacion de una AMI	\N	{"ids": [{"ids": "ami-083db3063de00f080"}], "name": "test_it_test5", "ami_id": "ami-083db3063de00f080"}	2021-11-08 18:57:52.775021+00	\N	Estanislao	\N	2	1
29	Eliminacion de snapshots	\N	{"ids": [{"id": "snap-002ee95318b2886d5"}], "ami_id": "ami-083db3063de00f080"}	2021-11-08 18:57:52.783571+00	\N	Estanislao	\N	2	2
30	Eliminacion de una AMI	\N	{"ids": [{"id": "ami-083db3063de00f080"}], "name": "test_it_test5", "ami_id": "ami-083db3063de00f080"}	2021-11-08 19:28:15.992137+00	\N	Estanislao	\N	2	1
31	Eliminacion de snapshots	\N	{"ids": [{"id": "snap-002ee95318b2886d5"}], "ami_id": "ami-083db3063de00f080"}	2021-11-08 19:28:15.998163+00	\N	Estanislao	\N	2	2
32	Eliminacion de una AMI	\N	{"ids": [{"id": "ami-083db3063de00f080"}], "name": "test_it_test5", "ami_id": "ami-083db3063de00f080"}	2021-11-08 19:45:49.301466+00	\N	Estanislao	\N	2	1
33	Eliminacion de snapshots	\N	{"ids": [{"id": "snap-002ee95318b2886d5"}], "ami_id": "ami-083db3063de00f080"}	2021-11-08 19:45:49.313289+00	\N	Estanislao	\N	2	2
34	Eliminacion de una AMI	\N	{"ids": [{"id": "ami-083db3063de00f080"}], "name": "test_it_test5", "ami_id": "ami-083db3063de00f080"}	2021-11-08 20:04:45.800992+00	\N	Estanislao	\N	2	1
35	Eliminacion de snapshots	\N	{"ids": [{"id": "snap-002ee95318b2886d5"}], "ami_id": "ami-083db3063de00f080"}	2021-11-08 20:04:45.807333+00	\N	Estanislao	\N	2	2
36	Eliminacion de una AMI	\N	{"ids": [{"id": "ami-083db3063de00f080"}], "name": "test_it_test5", "ami_id": "ami-083db3063de00f080"}	2021-11-08 20:10:34.545127+00	\N	Estanislao	\N	2	1
37	Eliminacion de snapshots	\N	{"ids": [{"id": "snap-002ee95318b2886d5"}], "ami_id": "ami-083db3063de00f080"}	2021-11-08 20:10:34.550234+00	\N	Estanislao	\N	2	2
38	Eliminacion de una AMI	\N	{"ids": [{"id": "ami-083db3063de00f080"}], "name": "test_it_test5", "ami_id": "ami-083db3063de00f080"}	2021-11-08 20:16:37.128034+00	\N	Estanislao	\N	2	1
39	Eliminacion de snapshots	\N	{"ids": [{"id": "snap-002ee95318b2886d5"}], "name": "test_it_test5", "ami_id": "ami-083db3063de00f080"}	2021-11-08 20:16:37.13266+00	\N	Estanislao	\N	2	2
40	Eliminacion de Ami		{"ids": [{"id": "snap-002ee95318b2886d5"}], "name": "test_it_test5", "ami_id": "ami-083db3063de00f080"}	2021-11-08 20:49:21.311475+00	\N	Enzo	\N	2	1
41	Eliminacion de una AMI	\N	{"ids": [{"id": "ami-083db3063de00f080"}], "name": "test_it_test5", "ami_id": "ami-083db3063de00f080"}	2021-11-08 20:52:07.192822+00	\N	Estanislao	\N	2	1
42	Eliminacion de snapshots	\N	{"ids": [{"id": "snap-002ee95318b2886d5"}], "name": "test_it_test5", "ami_id": "ami-083db3063de00f080"}	2021-11-08 20:52:07.197556+00	\N	Estanislao	\N	2	2
43	Eliminacion de Ami		{"ids": [{"id": "snap-002ee95318b2886d5"}], "name": "test_it_test5", "ami_id": "ami-083db3063de00f080"}	2021-11-08 20:52:38+00	\N	Enzo	\N	2	1
44	Eliminacion de una AMI	\N	{"ids": [{"id": "ami-083db3063de00f080"}], "name": "test_it_test5", "ami_id": "ami-083db3063de00f080"}	2021-11-09 19:33:58.933336+00	\N	Estanislao	\N	2	1
45	Eliminacion de snapshots	\N	{"ids": [{"id": "snap-002ee95318b2886d5"}], "name": "test_it_test5", "ami_id": "ami-083db3063de00f080"}	2021-11-09 19:33:58.943119+00	\N	Estanislao	\N	2	2
46	Eliminacion de una AMI	\N	{"ids": [{"id": "ami-083db3063de00f080"}], "name": "test_it_test5", "ami_id": "ami-083db3063de00f080"}	2021-11-10 12:28:48.032401+00	\N	Estanislao	\N	2	1
47	Eliminacion de snapshots	\N	{"ids": [{"id": "snap-002ee95318b2886d5"}], "name": "test_it_test5", "ami_id": "ami-083db3063de00f080"}	2021-11-10 12:28:48.044217+00	\N	Estanislao	\N	2	2
\.


--
-- Data for Name: info_general_regiones; Type: TABLE DATA; Schema: public; Owner: ubuntu
--

COPY public.info_general_regiones (id, codigo_region, nombre_region) FROM stdin;
1	us-east-1	US East (N. Virginia)
2	us-east-2	US East (Ohio)
\.


--
-- Data for Name: info_general_tipoauditoria; Type: TABLE DATA; Schema: public; Owner: ubuntu
--

COPY public.info_general_tipoauditoria (id, id_tipo_auditoria, descripcion_tipo_auditoria) FROM stdin;
1	ami_001	Auditoria para AMIS
2	snap_001	Eliminacion de Snapshot
\.


--
-- Data for Name: orden_de_trabajo_detalleordendetrabajo; Type: TABLE DATA; Schema: public; Owner: ubuntu
--

COPY public.orden_de_trabajo_detalleordendetrabajo (id, secuencia, mandante, numero_orden, transporte_masivo, tiempo_transporte_masivo, re_transporte, "dependencias_FK_id", "error_FK_id", "orden_de_trabajo_FK_id", "sistema_FK_id", "warning_FK_id") FROM stdin;
\.


--
-- Data for Name: orden_de_trabajo_estadoorden; Type: TABLE DATA; Schema: public; Owner: ubuntu
--

COPY public.orden_de_trabajo_estadoorden (id, nombre_estado) FROM stdin;
\.


--
-- Data for Name: orden_de_trabajo_ordendetrabajo; Type: TABLE DATA; Schema: public; Owner: ubuntu
--

COPY public.orden_de_trabajo_ordendetrabajo (id, hora_inicio, confirmacion_cliente, fecha_creacion, es_inmediata, "cliente_FK_id", "estado_FK_id", "tecnico_FK_id") FROM stdin;
\.


--
-- Data for Name: orden_de_trabajo_tipodependencias; Type: TABLE DATA; Schema: public; Owner: ubuntu
--

COPY public.orden_de_trabajo_tipodependencias (id, nombre_dependencia) FROM stdin;
\.


--
-- Data for Name: orden_de_trabajo_tipoerror; Type: TABLE DATA; Schema: public; Owner: ubuntu
--

COPY public.orden_de_trabajo_tipoerror (id, nombre_error) FROM stdin;
\.


--
-- Data for Name: orden_de_trabajo_tipowarning; Type: TABLE DATA; Schema: public; Owner: ubuntu
--

COPY public.orden_de_trabajo_tipowarning (id, nombre_warning) FROM stdin;
\.


--
-- Data for Name: rfc_modulo_actividadesrfc; Type: TABLE DATA; Schema: public; Owner: postgres
--

COPY public.rfc_modulo_actividadesrfc (id, descripcion_actividad, duracion_actividad, fecha_inicio, hora_inicio, fecha_fin, hora_fin, "estado_actividad_FK_id", "recurso_FK_id", "rfc_FK_id", sistema_para_estandar_id) FROM stdin;
6	a	5	2021-03-25	10:10:00	2021-03-25	10:15:00	2	2	3	\N
5	activdad2	10	2021-03-24	17:30:00	2021-03-24	17:40:00	3	2	2	\N
4	activdad1	5	2021-03-24	17:25:00	2021-03-24	17:30:00	2	2	2	\N
34	PRE-REQUIOSITOS: Descarga de medios	30	2021-04-13	14:00:00	2021-04-13	14:30:00	1	34	42	\N
35	Actualizacin DEV: ACtualizacion ST-PI	30	2021-04-13	14:30:00	2021-04-13	15:00:00	1	34	42	34
36	Actualizacin DEV: Actualizacion ST-A/PI	30	2021-04-13	15:00:00	2021-04-13	15:30:00	1	34	42	34
37	Actualizacin QAS: Actualizacin ST-PI	30	2021-04-13	15:30:00	2021-04-13	16:00:00	1	34	42	35
38	Actualizacin QAS: Actualizacin ST-A/PI	30	2021-04-13	16:00:00	2021-04-13	16:30:00	1	34	42	35
39	Actualizacin PRD: Actualizacin ST-PI	30	2021-04-13	16:30:00	2021-04-13	17:00:00	1	34	42	36
40	Actualizacin PRD: Actualizacin ST-A/PI	30	2021-04-13	17:00:00	2021-04-13	17:30:00	1	34	42	36
297	Actualizacin DEV: Actualizacin ST-PI	30	2021-05-03	15:00:00	2021-05-03	15:30:00	1	34	74	57
298	Actualizacin DEV: Actualizacin ST-A/PI	30	2021-05-03	15:30:00	2021-05-03	16:00:00	1	34	74	57
299	Actualizacin QAS: Actualizacin ST-PI	30	2021-05-03	16:00:00	2021-05-03	16:30:00	1	34	74	58
300	Actualizacin QAS: Actualizacin ST-A/PI	30	2021-05-03	16:30:00	2021-05-03	17:00:00	1	34	74	58
301	Actualizacin PRD: Actualizacin ST-PI	30	2021-05-07	20:00:00	2021-05-07	20:30:00	1	34	74	59
302	Actualizacin PRD: Actualizacin ST-A/PI	30	2021-05-07	20:30:00	2021-05-07	21:00:00	1	34	74	59
296	PRE-REQUIOSITOS: Descarga de medios	25	2021-04-26	17:16:32	2021-04-26	17:46:32	1	34	74	\N
303	PRE-REQUIOSITOS: Descarga de medios	30	2021-04-26	17:16:32	2021-04-26	17:46:32	1	34	75	\N
304	Actualizacin DEV: Actualizacin ST-PI	30	2021-05-03	15:00:00	2021-05-03	15:30:00	1	34	75	40
305	Actualizacin DEV: Actualizacin ST-A/PI	30	2021-05-03	15:30:00	2021-05-03	16:00:00	1	34	75	40
306	Actualizacin QAS: Actualizacin ST-PI	30	2021-05-03	16:00:00	2021-05-03	16:30:00	1	34	75	41
307	Actualizacin QAS: Actualizacin ST-A/PI	30	2021-05-03	16:30:00	2021-05-03	17:00:00	1	34	75	41
310	Actualizacin SAP PRD: Actualizacin ST-PI	30	2021-04-26	18:00:00	2021-04-26	18:30:00	1	34	75	42
311	Actualizacin SAP ERP: Actualizacin ST-A/PI	30	2021-04-26	18:30:00	2021-04-26	19:00:00	1	34	75	42
312	PRE-REQUIOSITOS: Descarga de medios	30	2021-04-27	14:00:00	2021-04-27	14:30:00	2	34	76	\N
313	Actualizacin DEV: Actualizacin ST-PI	30	2021-04-26	15:00:00	2021-04-26	15:30:00	2	34	76	40
314	Actualizacin DEV: Actualizacin ST-A/PI	30	2021-04-26	15:30:00	2021-04-26	16:00:00	2	34	76	40
315	Actualizacin QAS: Actualizacin ST-PI	30	2021-04-26	16:00:00	2021-04-26	16:30:00	2	34	76	41
316	Actualizacin QAS: Actualizacin ST-A/PI	30	2021-04-26	16:30:00	2021-04-26	17:00:00	2	34	76	41
317	Actualizacin SAP PRD: Actualizacin ST-PI	30	2021-04-27	17:00:00	2021-04-27	17:30:00	2	34	76	42
318	Actualizacin SAP ERP: Actualizacin ST-A/PI	30	2021-04-27	17:30:00	2021-04-27	18:00:00	2	34	76	42
319	Solicitud de acceso	15	2021-04-30	18:00:00	2021-04-30	18:15:00	1	2	77	\N
320	Verificacin de acceso	30	2021-04-30	18:15:00	2021-04-30	18:45:00	1	34	77	\N
321	Bloqueo de usuarios	60	2021-04-30	18:45:00	2021-04-30	19:45:00	1	34	77	\N
322	Espera	120	2021-04-30	19:45:00	2021-04-30	21:45:00	1	34	77	\N
323	Desbloqueo de usuarios	30	2021-04-30	21:45:00	2021-04-30	22:15:00	1	34	77	\N
324	PRE-REQUIOSITOS: Descarga de medios	30	2021-04-26	10:00:00	2021-04-26	10:30:00	1	2	81	\N
325	Actualizacin DEV: Actualizacin ST-PI	30	2021-04-26	10:30:00	2021-04-26	11:00:00	1	2	81	57
326	Actualizacin DEV: Actualizacin ST-A/PI	30	2021-04-26	11:00:00	2021-04-26	11:30:00	1	2	81	57
268	PRE-REQUIOSITOS: Descarga de medios	30	2021-05-03	17:16:32	2021-05-03	17:46:32	1	34	67	\N
269	Actualizacin DEV: Actualizacin ST-PI	30	2021-05-03	15:00:00	2021-05-03	15:30:00	1	34	67	57
270	Actualizacin DEV: Actualizacin ST-A/PI	30	2021-05-03	15:30:00	2021-05-03	16:00:00	1	34	67	57
271	Actualizacin QAS: Actualizacin ST-PI	30	2021-05-03	16:00:00	2021-05-03	16:30:00	1	34	67	58
272	Actualizacin QAS: Actualizacin ST-A/PI	30	2021-05-03	16:30:00	2021-05-03	17:00:00	1	34	67	58
85	PRE-REQUIOSITOS: Descarga de medios	30	2021-04-14	13:30:20	2021-04-14	14:00:20	1	34	48	\N
86	PRE-REQUIOSITOS: Descarga de medios	30	2021-04-14	13:30:20	2021-04-14	14:00:20	1	34	49	\N
87	PRE-REQUIOSITOS: Descarga de medios	30	2021-04-14	13:30:20	2021-04-14	14:00:20	1	34	50	\N
88	PRE-REQUIOSITOS: Descarga de medios	30	2021-04-14	13:30:20	2021-04-14	14:00:20	1	34	51	\N
89	PRE-REQUIOSITOS: Descarga de medios	30	2021-04-14	13:33:26	2021-04-14	14:03:26	1	34	52	\N
90	PRE-REQUIOSITOS: Descarga de medios	30	2021-04-14	13:33:26	2021-04-14	14:03:26	1	34	53	\N
91	PRE-REQUIOSITOS: Descarga de medios	30	2021-04-14	13:33:26	2021-04-14	14:03:26	1	34	54	\N
273	Actualizacin PRD: Actualizacin ST-PI	30	2021-05-07	20:00:00	2021-05-07	20:30:00	1	34	67	59
274	Actualizacin PRD: Actualizacin ST-A/PI	30	2021-05-07	20:30:00	2021-05-07	21:00:00	1	34	67	59
275	PRE-REQUIOSITOS: Descarga de medios	30	2021-05-03	17:16:32	2021-05-03	17:46:32	1	34	68	\N
276	Actualizacin DEV: Actualizacin ST-PI	30	2021-05-03	15:00:00	2021-05-03	15:30:00	1	34	68	57
277	Actualizacin DEV: Actualizacin ST-A/PI	30	2021-05-03	15:30:00	2021-05-03	16:00:00	1	34	68	57
278	Actualizacin QAS: Actualizacin ST-PI	30	2021-05-03	20:00:00	2021-05-03	20:30:00	1	34	68	58
279	Actualizacin QAS: Actualizacin ST-A/PI	30	2021-05-03	20:30:00	2021-05-03	21:00:00	1	34	68	58
280	Actualizacin PRD: Actualizacin ST-PI	30	2021-05-07	20:00:00	2021-05-07	20:30:00	1	34	68	59
281	Actualizacin PRD: Actualizacin ST-A/PI	30	2021-05-07	20:30:00	2021-05-07	21:00:00	1	34	68	59
327	Actualizacin QAS: Actualizacin ST-PI	30	2021-04-26	11:30:00	2021-04-26	12:00:00	1	2	81	58
328	Actualizacin QAS: Actualizacin ST-A/PI	30	2021-04-26	12:00:00	2021-04-26	12:30:00	1	2	81	58
329	Actualizacin PRD: Actualizacin ST-PI	30	2021-04-26	12:30:00	2021-04-26	13:00:00	1	2	81	59
330	Actualizacin PRD: Actualizacin ST-A/PI	30	2021-04-26	13:00:00	2021-04-26	13:30:00	1	2	81	59
331	PRE-REQUIOSITOS: Descarga de medios	30	2021-04-26	10:00:00	2021-04-26	10:30:00	1	2	82	\N
332	Actualizacin DEV: Actualizacin ST-PI	30	2021-04-26	10:30:00	2021-04-26	11:00:00	1	2	82	57
740	asd	5	2022-01-05	09:33:00	2022-01-05	09:33:00	1	2	166	\N
333	Actualizacin DEV: Actualizacin ST-A/PI	30	2021-04-26	11:00:00	2021-04-26	11:30:00	1	2	82	57
334	Actualizacin QAS: Actualizacin ST-PI	30	2021-04-26	11:30:00	2021-04-26	12:00:00	1	2	82	58
335	Actualizacin QAS: Actualizacin ST-A/PI	30	2021-04-26	12:00:00	2021-04-26	12:30:00	1	2	82	58
336	Actualizacin PRD: Actualizacin ST-PI	30	2021-04-26	12:30:00	2021-04-26	13:00:00	1	2	82	59
337	Actualizacin PRD: Actualizacin ST-A/PI	30	2021-04-26	13:00:00	2021-04-26	13:30:00	1	2	82	59
338	PRE-REQUIOSITOS: Descarga de medios	30	2021-04-26	10:00:00	2021-04-26	10:30:00	1	2	83	\N
339	Actualizacin DEV: Actualizacin ST-PI	30	2021-04-26	10:30:00	2021-04-26	11:00:00	1	2	83	57
340	Actualizacin DEV: Actualizacin ST-A/PI	30	2021-04-26	11:00:00	2021-04-26	11:30:00	1	2	83	57
341	Actualizacin QAS: Actualizacin ST-PI	30	2021-04-26	11:30:00	2021-04-26	12:00:00	1	2	83	58
342	Actualizacin QAS: Actualizacin ST-A/PI	30	2021-04-26	12:00:00	2021-04-26	12:30:00	1	2	83	58
343	Actualizacin PRD: Actualizacin ST-PI	30	2021-04-26	12:30:00	2021-04-26	13:00:00	1	2	83	59
344	Actualizacin PRD: Actualizacin ST-A/PI	30	2021-04-26	13:00:00	2021-04-26	13:30:00	1	2	83	59
345	PRE-REQUIOSITOS: Descarga de medios	30	2021-04-26	17:16:32	2021-04-26	17:46:32	1	2	84	\N
346	Actualizacin DEV: Actualizacin ST-PI	30	2021-04-26	17:46:32	2021-04-26	18:16:32	1	2	84	34
347	Actualizacin DEV: Actualizacion ST-A/PI	30	2021-04-26	18:16:32	2021-04-26	18:46:32	1	2	84	34
348	Actualizacin QAS: Actualizacin ST-A/PI	30	2021-04-26	18:46:32	2021-04-26	19:16:32	1	2	84	35
349	Actualizacin QAS: Actualizacin ST-PI	30	2021-04-26	19:16:32	2021-04-26	19:46:32	1	2	84	35
350	Actualizacin PRD: Actualizacin ST-PI	30	2021-04-26	19:46:32	2021-04-26	20:16:32	1	2	84	36
351	Actualizacin PRD: Actualizacin ST-A/PI	30	2021-04-26	20:16:32	2021-04-26	20:46:32	1	2	84	36
455	Actualizacin PRD: Actualizacin ST-A/PI	30	2021-05-02	14:30:00	2021-05-02	15:00:00	1	2	97	36
449	PRE-REQUISITOS: Descarga de medios	30	2021-04-29	12:00:00	2021-04-29	12:30:00	2	2	97	61
450	Actualizacin DEV: Actualizacin ST-PI	30	2021-04-29	12:30:00	2021-04-29	13:00:00	2	2	97	34
451	Actualizacin DEV: Actualizacion ST-A/PI	30	2021-04-29	13:00:00	2021-04-29	13:30:00	2	2	97	34
452	Actualizacin QAS: Actualizacin ST-A/PI	30	2021-04-30	18:00:00	2021-04-30	18:30:00	2	2	97	35
453	Actualizacin QAS: Actualizacin ST-PI	30	2021-04-30	18:30:00	2021-04-30	19:00:00	2	2	97	35
454	Actualizacin PRD: Actualizacin ST-PI	30	2021-05-02	14:00:00	2021-05-02	14:30:00	2	2	97	36
456	PRE-REQUISITOS: Descarga de medios	30	2021-04-29	11:30:00	2021-04-29	12:00:00	2	2	98	61
457	Actualizacin DEV: Actualizacin ST-PI	30	2021-04-29	12:00:00	2021-04-29	12:30:00	2	2	98	34
458	Actualizacin DEV: Actualizacion ST-A/PI	30	2021-04-29	12:30:00	2021-04-29	13:00:00	2	2	98	34
459	Actualizacin QAS: Actualizacin ST-A/PI	30	2021-04-30	18:00:00	2021-04-30	18:30:00	2	2	98	35
460	Actualizacin QAS: Actualizacin ST-PI	30	2021-04-30	18:30:00	2021-04-30	19:00:00	2	2	98	35
399	Actualizacin QAS: Actualizacin ST-A/PI	30	2021-04-27	12:00:00	2021-04-27	12:30:00	1	2	92	58
400	Actualizacin PRD: Actualizacin ST-PI	30	2021-04-27	12:30:00	2021-04-27	13:00:00	1	2	92	59
401	Actualizacin PRD: Actualizacin ST-A/PI	30	2021-04-27	13:00:00	2021-04-27	13:30:00	1	2	92	59
359	PRE-REQUIOSITOS: Descarga de medios	30	2021-04-26	17:16:32	2021-04-26	17:46:32	2	2	86	\N
360	Actualizacin DEV: Actualizacin ST-PI	30	2021-04-26	17:46:32	2021-04-26	18:16:32	2	2	86	57
361	Actualizacin DEV: Actualizacin ST-A/PI	30	2021-04-26	18:16:32	2021-04-26	18:46:32	2	2	86	57
362	Actualizacin QAS: Actualizacin ST-PI	30	2021-04-26	18:46:32	2021-04-26	19:16:32	2	2	86	58
363	Actualizacin QAS: Actualizacin ST-A/PI	30	2021-04-26	19:16:32	2021-04-26	19:46:32	2	2	86	58
364	Actualizacin PRD: Actualizacin ST-PI	30	2021-04-26	19:46:32	2021-04-26	20:16:32	2	2	86	59
395	PRE-REQUIOSITOS: Descarga de medios	30	2021-04-27	10:00:00	2021-04-27	10:30:00	2	2	92	\N
365	Actualizacin PRD: Actualizacin ST-A/PI	30	2021-04-26	20:16:32	2021-04-26	20:46:32	2	2	86	59
396	Actualizacin DEV: Actualizacin ST-PI	30	2021-04-27	10:30:00	2021-04-27	11:00:00	2	2	92	57
397	Actualizacin DEV: Actualizacin ST-A/PI	30	2021-04-27	11:00:00	2021-04-27	11:30:00	2	2	92	57
366	asd	5	2021-04-26	17:16:00	2021-04-26	17:16:00	1	34	87	\N
398	Actualizacin QAS: Actualizacin ST-PI	30	2021-04-27	11:30:00	2021-04-27	12:00:00	2	2	92	58
402	PRE-REQUISITOS: Descarga de medios	30	2021-04-28	12:00:00	2021-04-28	12:30:00	1	2	93	61
403	Actualizacin DEV: Actualizacin ST-PI	30	2021-04-28	12:30:00	2021-04-28	13:00:00	1	2	93	57
404	Actualizacin DEV: Actualizacin ST-A/PI	30	2021-04-28	13:00:00	2021-04-28	13:30:00	1	2	93	57
405	Actualizacin QAS: Actualizacin ST-PI	30	2021-04-29	18:00:00	2021-04-29	18:30:00	1	2	93	58
406	Actualizacin QAS: Actualizacin ST-A/PI	30	2021-04-29	18:30:00	2021-04-29	19:00:00	1	2	93	58
407	Actualizacin PRD: Actualizacin ST-PI	30	2021-04-30	20:00:00	2021-04-30	20:30:00	1	2	93	59
367	PRE-REQUIOSITOS: Descarga de medios	30	2021-04-27	10:00:00	2021-04-27	10:30:00	2	2	88	\N
368	Actualizacin BWD/4HANA: Actualizacin ST-PI	30	2021-04-27	10:30:00	2021-04-27	11:00:00	2	2	88	54
369	Actualizacin BWD/4HANA: Actualizacin ST-A/PI	30	2021-04-27	11:00:00	2021-04-27	11:30:00	2	2	88	54
408	Actualizacin PRD: Actualizacin ST-A/PI	30	2021-04-30	20:30:00	2021-04-30	21:00:00	1	2	93	59
461	Actualizacin PRD: Actualizacin ST-PI	30	2021-05-03	20:00:00	2021-05-03	20:30:00	2	2	98	36
462	Actualizacin PRD: Actualizacin ST-A/PI	30	2021-05-03	20:30:00	2021-05-03	21:00:00	2	2	98	36
463	Actividad 1 de ejemplo	5	2021-04-29	15:15:00	2021-04-29	15:20:00	1	2	99	\N
370	Actualizacin BWP/4HANA: Actualizacin ST-PI	30	2021-04-27	11:30:00	2021-04-27	12:00:00	2	2	88	55
371	Actualizacin BWP/4HANA: Actualizacin ST-A/PI	30	2021-04-27	12:00:00	2021-04-27	12:30:00	2	2	88	55
372	Actualizacin SAP CLOUD CONNECTOR: Actualizacin ST-PI	30	2021-04-27	12:30:00	2021-04-27	13:00:00	2	2	88	56
373	Actualizacin SAP CLOUD CONNECTOR: Actualizacin ST-A/PI	30	2021-04-27	13:00:00	2021-04-27	13:30:00	2	2	88	56
464	Actividad 2 de ejemplo	20	2021-04-29	15:20:00	2021-04-29	15:40:00	1	2	99	\N
465	Actividad 3 de ejemplo	20	2021-04-29	15:40:00	2021-04-29	16:00:00	1	2	99	\N
466	Actividad 4 de ejemplo	30	2021-04-29	16:00:00	2021-04-29	16:30:00	1	2	99	\N
479	PRE-REQUISITOS: Descarga de medios	30	2021-04-29	11:30:00	2021-04-29	12:00:00	2	2	104	61
480	Actualizacin DEV: Actualizacin ST-PI	30	2021-04-29	12:00:00	2021-04-29	12:30:00	2	2	104	34
481	Actualizacin DEV: Actualizacion ST-A/PI	30	2021-04-29	12:30:00	2021-04-29	13:00:00	2	2	104	34
482	Actualizacin QAS: Actualizacin ST-A/PI	30	2021-04-30	18:00:00	2021-04-30	18:30:00	2	2	104	35
483	Actualizacin QAS: Actualizacin ST-PI	30	2021-04-30	18:30:00	2021-04-30	19:00:00	2	2	104	35
484	Actualizacin PRD: Actualizacin ST-PI	30	2021-05-03	20:00:00	2021-05-03	20:30:00	2	2	104	36
485	Actualizacin PRD: Actualizacin ST-A/PI	30	2021-05-03	20:30:00	2021-05-03	21:00:00	2	2	104	36
486	PRE-REQUISITOS: Descarga de medios	30	2021-04-29	11:30:00	2021-04-29	12:00:00	1	2	105	61
487	Actualizacin DEV: Actualizacin ST-PI	30	2021-04-29	12:00:00	2021-04-29	12:30:00	1	2	105	34
488	Actualizacin DEV: Actualizacion ST-A/PI	30	2021-04-29	12:30:00	2021-04-29	13:00:00	1	2	105	34
489	Actualizacin QAS: Actualizacin ST-A/PI	30	2021-04-30	18:00:00	2021-04-30	18:30:00	1	2	105	35
490	Actualizacin QAS: Actualizacin ST-PI	30	2021-04-30	18:30:00	2021-04-30	19:00:00	1	2	105	35
491	Actualizacin PRD: Actualizacin ST-PI	30	2021-05-03	20:00:00	2021-05-03	20:30:00	1	2	105	36
492	Actualizacin PRD: Actualizacin ST-A/PI	30	2021-05-03	20:30:00	2021-05-03	21:00:00	1	2	105	36
493	PRE-REQUISITOS: Descarga de medios	30	2021-04-30	12:00:00	2021-04-30	12:30:00	1	2	106	61
494	Actualizacin DEV: Actualizacin ST-PI	30	2021-04-30	12:30:00	2021-04-30	13:00:00	1	2	106	34
495	Actualizacin DEV: Actualizacion ST-A/PI	30	2021-04-30	13:00:00	2021-04-30	13:30:00	1	2	106	34
496	Actualizacin QAS: Actualizacin ST-A/PI	30	2021-04-30	18:00:00	2021-04-30	18:30:00	1	2	106	35
497	Actualizacin QAS: Actualizacin ST-PI	30	2021-04-30	18:30:00	2021-04-30	19:00:00	1	2	106	35
498	Actualizacin PRD: Actualizacin ST-PI	30	2021-05-03	14:00:00	2021-05-03	14:30:00	1	2	106	36
499	Actualizacin PRD: Actualizacin ST-A/PI	30	2021-05-03	14:30:00	2021-05-03	15:00:00	1	2	106	36
500	Actividad 1	5	2021-05-03	20:00:00	2021-05-03	20:05:00	1	2	107	\N
501	Activdad 2	15	2021-05-03	20:05:00	2021-05-03	20:20:00	1	2	107	\N
502	Actividad 3	30	2021-05-03	20:20:00	2021-05-03	20:50:00	1	2	107	\N
503	Actividad 1	5	2021-05-03	20:00:00	2021-05-03	20:05:00	1	2	108	\N
504	Actividad 2	15	2021-05-03	20:05:00	2021-05-03	20:20:00	1	2	108	\N
505	Actividad 3	30	2021-05-03	20:20:00	2021-05-03	20:50:00	1	2	108	\N
506	PRE-REQUISITOS: Descarga de medios	30	2021-05-07	12:00:00	2021-05-07	12:30:00	1	34	109	61
507	Actualizacin DEV: Actualizacin ST-PI	30	2021-05-07	12:30:00	2021-05-07	13:00:00	1	34	109	34
508	Actualizacin DEV: Actualizacion ST-A/PI	30	2021-05-07	13:00:00	2021-05-07	13:30:00	1	34	109	34
509	Actualizacin QAS: Actualizacin ST-A/PI	30	2021-05-08	18:00:00	2021-05-08	18:30:00	1	34	109	35
510	Actualizacin QAS: Actualizacin ST-PI	30	2021-05-08	18:30:00	2021-05-08	19:00:00	1	34	109	35
511	Actualizacin PRD: Actualizacin ST-PI	30	2021-05-09	14:00:00	2021-05-09	14:30:00	1	34	109	36
512	Actualizacin PRD: Actualizacin ST-A/PI	30	2021-05-09	14:30:00	2021-05-09	15:00:00	1	34	109	36
529	Actualizacin SAP DEV: Bajada de sistema	5	2021-05-15	12:00:00	2021-05-15	12:05:00	1	34	133	40
530	Actualizacin SAP DEV: Actualizacin Kernel SAP	15	2021-05-15	12:05:00	2021-05-15	12:20:00	1	34	133	40
531	Actualizacin SAP DEV: Pruebas tecnicas	5	2021-05-15	12:20:00	2021-05-15	12:25:00	1	34	133	40
532	Actualizacin SAP QAS: Bajada de sistema	5	2021-05-16	18:00:00	2021-05-16	18:05:00	1	34	133	41
533	Actualizacin SAP QAS: Actualizacin Kernel SAP	15	2021-05-16	18:05:00	2021-05-16	18:20:00	1	34	133	41
534	Actualizacin SAP QAS: Subida sistema	5	2021-05-16	18:20:00	2021-05-16	18:25:00	1	34	133	41
535	Actualizacin SAP QAS: Pruebas tcnicas	5	2021-05-16	18:25:00	2021-05-16	18:30:00	1	34	133	41
536	Actualizacin SAP PRD: Bajada de sistema	5	2021-05-17	14:00:00	2021-05-17	14:05:00	1	34	133	42
537	Actualizacin SAP PRD: Actualizacin Kernel SAP	15	2021-05-17	14:05:00	2021-05-17	14:20:00	1	34	133	42
538	Actualizacin SAP PRD: Subida sistema	5	2021-05-17	14:20:00	2021-05-17	14:25:00	1	34	133	42
539	Actualizacin SAP PRD: Pruebas tcnicas	5	2021-05-17	14:25:00	2021-05-17	14:30:00	1	34	133	42
540	PRE-REQUISITOS: Descarga de medios	30	2021-05-15	12:00:00	2021-05-15	12:30:00	1	34	134	61
541	Actualizacin DEV: Actualizacin ST-PI	30	2021-05-15	12:30:00	2021-05-15	13:00:00	1	34	134	40
542	Actualizacin DEV: Actualizacin ST-A/PI	30	2021-05-15	13:00:00	2021-05-15	13:30:00	1	34	134	40
543	Actualizacin QAS: Actualizacin ST-PI	30	2021-05-16	18:00:00	2021-05-16	18:30:00	1	34	134	41
544	Actualizacin QAS: Actualizacin ST-A/PI	30	2021-05-16	18:30:00	2021-05-16	19:00:00	1	34	134	41
545	Actualizacin SAP PRD: Actualizacin ST-PI	30	2021-05-17	14:00:00	2021-05-17	14:30:00	1	34	134	42
546	Actualizacin SAP ERP: Actualizacin ST-A/PI	30	2021-05-17	14:30:00	2021-05-17	15:00:00	1	34	134	42
547	Actualizacin SAP DEV: Bajada de sistema	5	2021-05-15	12:00:00	2021-05-15	12:05:00	1	34	135	40
548	Actualizacin SAP DEV: Actualizacin Kernel SAP	15	2021-05-15	12:05:00	2021-05-15	12:20:00	1	34	135	40
549	Actualizacin SAP DEV: Pruebas tecnicas	5	2021-05-15	12:20:00	2021-05-15	12:25:00	1	34	135	40
550	Actualizacin SAP QAS: Bajada de sistema	5	2021-05-16	18:00:00	2021-05-16	18:05:00	1	34	135	41
551	Actualizacin SAP QAS: Actualizacin Kernel SAP	15	2021-05-16	18:05:00	2021-05-16	18:20:00	1	34	135	41
552	Actualizacin SAP QAS: Subida sistema	5	2021-05-16	18:20:00	2021-05-16	18:25:00	1	34	135	41
553	Actualizacin SAP QAS: Pruebas tcnicas	5	2021-05-16	18:25:00	2021-05-16	18:30:00	1	34	135	41
554	Actualizacin SAP PRD: Bajada de sistema	5	2021-05-17	14:00:00	2021-05-17	14:05:00	1	34	135	42
555	Actualizacin SAP PRD: Actualizacin Kernel SAP	15	2021-05-17	14:05:00	2021-05-17	14:20:00	1	34	135	42
556	Actualizacin SAP PRD: Subida sistema	5	2021-05-17	14:20:00	2021-05-17	14:25:00	1	34	135	42
557	Actualizacin SAP PRD: Pruebas tcnicas	5	2021-05-17	14:25:00	2021-05-17	14:30:00	1	34	135	42
558	Pre-requisitos: Descarga de medios	60	2021-05-14	12:00:00	2021-05-14	13:00:00	1	34	136	61
559	Actualizacin SAP DEV: Bajada de sistema	5	2021-05-14	13:00:00	2021-05-14	13:05:00	1	34	136	40
560	Actualizacin SAP DEV: Actualizacin Kernel SAP	15	2021-05-14	13:05:00	2021-05-14	13:20:00	1	34	136	40
561	Actualizacin SAP DEV: Pruebas tecnicas	5	2021-05-14	13:20:00	2021-05-14	13:25:00	1	34	136	40
562	Actualizacin SAP QAS: Bajada de sistema	5	2021-05-15	18:00:00	2021-05-15	18:05:00	1	34	136	41
563	Actualizacin SAP QAS: Actualizacin Kernel SAP	15	2021-05-15	18:05:00	2021-05-15	18:20:00	1	34	136	41
564	Actualizacin SAP QAS: Subida sistema	5	2021-05-15	18:20:00	2021-05-15	18:25:00	1	34	136	41
565	Actualizacin SAP QAS: Pruebas tcnicas	5	2021-05-15	18:25:00	2021-05-15	18:30:00	1	34	136	41
566	Actualizacin SAP PRD: Bajada de sistema	5	2021-05-16	14:00:00	2021-05-16	14:05:00	1	34	136	42
567	Actualizacin SAP PRD: Actualizacin Kernel SAP	15	2021-05-16	14:05:00	2021-05-16	14:20:00	1	34	136	42
568	Actualizacin SAP PRD: Subida sistema	5	2021-05-16	14:20:00	2021-05-16	14:25:00	1	34	136	42
569	Actualizacin SAP PRD: Pruebas tcnicas	5	2021-05-16	14:25:00	2021-05-16	14:30:00	1	34	136	42
642	actividad 1	5	2021-05-18	10:00:00	2021-05-18	10:05:00	1	2	143	\N
643	actividad 2	10	2021-05-18	10:05:00	2021-05-18	10:15:00	1	2	143	\N
644	actividad 3	15	2021-05-18	10:15:00	2021-05-18	10:30:00	1	2	143	\N
645	activdad 4	10	2021-05-18	10:30:00	2021-05-18	10:40:00	1	2	143	\N
646	activdad 5	30	2021-05-18	10:40:00	2021-05-18	11:10:00	1	2	143	\N
647	sad	5	2021-05-25	21:17:00	2021-05-25	21:17:00	1	2	144	\N
648	sad	5	2021-05-25	21:17:00	2021-05-25	21:17:00	1	2	145	\N
649	asd	5	2021-05-25	21:17:00	2021-05-25	21:17:00	1	2	146	\N
650	sad	5	2021-05-25	21:17:00	2021-05-25	21:17:00	1	2	147	\N
651	asd	5	2021-05-26	00:57:00	2021-05-26	00:57:00	1	2	148	\N
652	asd	5	2021-05-26	13:00:00	2021-05-26	13:05:00	1	2	149	\N
653	Pre-requisitos: Descarga de medios	60	2021-06-09	12:00:00	2021-06-09	13:00:00	1	34	153	61
654	Actualizacin SAP DEV: Bajada de sistema.	5	2021-06-09	13:00:00	2021-06-09	13:05:00	1	34	153	34
655	Actualizacin SAP DEV: Actualizacin Kernel SAP	15	2021-06-09	13:05:00	2021-06-09	13:20:00	1	34	153	34
656	Actualizacin SAP DEV: Subida de sistema	5	2021-06-09	13:20:00	2021-06-09	13:25:00	1	34	153	34
657	Actualizacin SAP DEV: Pruebas tecnicas	5	2021-06-09	13:25:00	2021-06-09	13:30:00	1	34	153	34
658	Actualizacin SAP QAS: Bajada de sistema	5	2021-06-10	18:00:00	2021-06-10	18:05:00	1	34	153	35
659	Actualizacin SAP QAS: Actualizacin Kernel SAP	15	2021-06-10	18:05:00	2021-06-10	18:20:00	1	34	153	35
660	Actualizacin SAP QAS: Subida sistema	5	2021-06-10	18:20:00	2021-06-10	18:25:00	1	34	153	35
661	Actualizacin SAP QAS: Pruebas tcnicas	5	2021-06-10	18:25:00	2021-06-10	18:30:00	1	34	153	35
603	asd	5	2021-05-17	18:52:00	2021-05-17	18:52:00	1	53	139	\N
604	Pre-requisitos: Descarga de medios	60	2021-05-17	12:00:00	2021-05-17	13:00:00	1	34	140	61
605	Actualizacin SAP DEV: Bajada de sistema	5	2021-05-17	13:00:00	2021-05-17	13:05:00	1	34	140	40
606	Actualizacin SAP DEV: Actualizacin Kernel SAP	15	2021-05-17	13:05:00	2021-05-17	13:20:00	1	34	140	40
607	Actualizacin SAP DEV: Pruebas tecnicas	5	2021-05-17	13:20:00	2021-05-17	13:25:00	1	34	140	40
608	Actualizacin SAP QAS: Bajada de sistema	5	2021-05-18	18:00:00	2021-05-18	18:05:00	1	34	140	41
609	Actualizacin SAP QAS: Actualizacin Kernel SAP	15	2021-05-18	18:05:00	2021-05-18	18:20:00	1	34	140	41
610	Actualizacin SAP QAS: Subida sistema	5	2021-05-18	18:20:00	2021-05-18	18:25:00	1	34	140	41
611	Actualizacin SAP QAS: Pruebas tcnicas	5	2021-05-18	18:25:00	2021-05-18	18:30:00	1	34	140	41
612	Actualizacin SAP PRD: Bajada de sistema	5	2021-05-19	14:00:00	2021-05-19	14:05:00	1	34	140	42
613	Actualizacin SAP PRD: Actualizacin Kernel SAP	15	2021-05-19	14:05:00	2021-05-19	14:20:00	1	34	140	42
614	Actualizacin SAP PRD: Subida sistema	5	2021-05-19	14:20:00	2021-05-19	14:25:00	1	34	140	42
615	Actualizacin SAP PRD: Pruebas tcnicas	5	2021-05-19	14:25:00	2021-05-19	14:30:00	1	34	140	42
662	Actualizacin SAP PRD: Bajada sistema	5	2021-06-11	20:00:00	2021-06-11	20:05:00	1	34	153	36
663	Actualizacin SAP PRD: Actualizacin Kernel	15	2021-06-11	20:05:00	2021-06-11	20:20:00	1	34	153	36
664	Actualizacin SAP PRD: Subida sistema	5	2021-06-11	20:20:00	2021-06-11	20:25:00	1	34	153	36
665	Actualizacin SAP PRD: Pruebas tecnicas	5	2021-06-11	20:25:00	2021-06-11	20:30:00	1	34	153	36
666	actividad 1 ejemplo	5	2021-06-08	16:30:00	2021-06-08	16:35:00	2	2	154	\N
667	actividad 2 ejemplo	15	2021-06-08	16:35:00	2021-06-08	16:50:00	2	2	154	\N
668	PRE-REQUISITOS: Descarga de medios	30	2021-06-08	12:00:00	2021-06-08	12:30:00	1	34	155	61
669	Actualizacin DEV: Actualizacin ST-PI	30	2021-06-08	12:30:00	2021-06-08	13:00:00	1	34	155	34
670	Actualizacin DEV: Actualizacion ST-A/PI	30	2021-06-08	13:00:00	2021-06-08	13:30:00	1	34	155	34
671	Actualizacin QAS: Actualizacin ST-A/PI	30	2021-06-09	18:00:00	2021-06-09	18:30:00	1	34	155	35
672	Actualizacin QAS: Actualizacin ST-PI	30	2021-06-09	18:30:00	2021-06-09	19:00:00	1	34	155	35
673	Actualizacin PRD: Actualizacin ST-PI	30	2021-06-10	20:00:00	2021-06-10	20:30:00	1	34	155	36
674	Actualizacin PRD: Actualizacin ST-A/PI	30	2021-06-10	20:30:00	2021-06-10	21:00:00	1	34	155	36
675	act1	5	2021-06-08	17:40:00	2021-06-08	17:40:00	1	2	156	\N
676	PRE-REQUISITOS: Descarga de medios	30	2021-06-08	12:00:00	2021-06-08	12:30:00	1	34	157	61
677	Actualizacin DEV: Actualizacin ST-PI	30	2021-06-08	12:30:00	2021-06-08	13:00:00	1	34	157	34
678	Actualizacin DEV: Actualizacion ST-A/PI	30	2021-06-08	13:00:00	2021-06-08	13:30:00	1	34	157	34
679	Actualizacin QAS: Actualizacin ST-A/PI	30	2021-06-09	18:00:00	2021-06-09	18:30:00	1	34	157	35
680	Actualizacin QAS: Actualizacin ST-PI	30	2021-06-09	18:30:00	2021-06-09	19:00:00	1	34	157	35
681	Actualizacin PRD: Actualizacin ST-PI	30	2021-06-10	20:00:00	2021-06-10	20:30:00	1	34	157	36
682	Actualizacin PRD: Actualizacin ST-A/PI	30	2021-06-10	20:30:00	2021-06-10	21:00:00	1	34	157	36
690	a	5	2021-06-08	18:09:00	2021-06-08	18:09:00	1	2	159	\N
691	actividad 1	5	2021-06-08	18:10:00	2021-06-08	18:15:00	1	2	160	\N
741	PRE-REQUISITOS: Descarga de medios	30	2022-01-29	11:30:00	2022-01-29	12:00:00	1	2	175	61
742	Actualizacin BWD/4HANA: Actualizacin ST-PI	30	2022-01-29	12:00:00	2022-01-29	12:30:00	1	2	175	54
743	Actualizacin BWD/4HANA: Actualizacin ST-A/PI	30	2022-01-29	12:30:00	2022-01-29	13:00:00	1	2	175	54
\.


--
-- Data for Name: rfc_modulo_datosactividadesestandar; Type: TABLE DATA; Schema: public; Owner: postgres
--

COPY public.rfc_modulo_datosactividadesestandar (id, est_descripcion_actividad, est_duracion_actividad, est_fecha_inicio, est_hora_inicio, est_fecha_fin, est_hora_fin, est_orden, "est_request_FK_id", est_sistema_id, est_requisito) FROM stdin;
14	Bajada de sistema: SAP ERP DEV	10	\N	\N	\N	\N	2	36	34	f
15	Bajada de sistema: SAP ERP QAS	10	\N	\N	\N	\N	3	36	35	f
16	Bajada de sistema: SAP ERP PRD	10	\N	\N	\N	\N	4	36	36	f
17	Subida de sistema (hora nueva): SAP ERP PRD	10	\N	\N	\N	\N	5	36	36	f
18	Subida de sistema : SAP ERP QAS	10	\N	\N	\N	\N	6	36	35	f
19	Subida de sistema : SAP ERP DEV	10	\N	\N	\N	\N	7	36	34	f
22	ACTUALIZACION DEV: Bajda del sistema	5	\N	\N	\N	\N	10	37	34	f
23	ACTUALIZACION DEV: Actualizacin OS	30	\N	\N	\N	\N	11	37	34	f
24	ACTUALIZACION DEV: Reinicio Servidor	30	\N	\N	\N	\N	12	37	34	f
25	ACTUALIZACION DEV:  Subida sistema	5	\N	\N	\N	\N	13	37	34	f
26	Actualizacin BWD: Bajada Del sistema	5	\N	\N	\N	\N	15	37	37	f
27	Actualizacin BWD: Actualizacin OS	30	\N	\N	\N	\N	16	37	37	f
29	Actualizacin BWD: Subida sistema	5	\N	\N	\N	\N	18	37	37	f
28	Actualizacin BWD: Reinicio Servidor	30	\N	\N	\N	\N	17	37	37	f
30	Actualizacin QAS: Bajada del sistema	5	\N	\N	\N	\N	100	37	35	f
32	Actualizacin QAS:  Actualizacion OS	30	\N	\N	\N	\N	101	37	35	f
33	Actualizacin QAS:  Reinicio Servidor	30	\N	\N	\N	\N	102	37	35	f
34	Actualizacin QAS:  Subida del sistema	5	\N	\N	\N	\N	103	37	35	f
35	Actualizacin SMA/SMJ: Bajada del sistema	5	\N	\N	\N	\N	200	37	2	f
36	Actualizacin SMA/SMJ: Actualizacin OS	30	\N	\N	\N	\N	201	37	2	f
37	Actualizacin SMA/SMJ: Reinicio Servidor	30	\N	\N	\N	\N	203	37	2	f
38	Actualizacin SMA/SMJ: Subida del sistema	5	\N	\N	\N	\N	204	37	2	f
39	Actualizacin BWP: Bajada del sistema	5	\N	\N	\N	\N	205	37	38	f
40	Actualizacin BWP: Actualizacion OS	30	\N	\N	\N	\N	206	37	38	f
41	Actualizacin BWP: Reinicio Servidor	30	\N	\N	\N	\N	207	37	38	f
43	Actualizacin PRD: Bajda del sistema	5	\N	\N	\N	\N	220	37	36	f
44	Actualizacin PRD:  Actualizacin OS	30	\N	\N	\N	\N	221	37	36	f
45	Actualizacin PRD: Reinicio Servidor	30	\N	\N	\N	\N	222	37	36	f
46	Actualizacin PRD:  Subida del sistema	5	\N	\N	\N	\N	223	37	36	f
9	Actualizacin BWD: Actualizacion ST-A/PI	30	\N	\N	\N	\N	13	35	37	f
12	Actualizacin SMA: Actualizacin ST-A/PI	30	\N	\N	\N	\N	14	35	39	f
5	Actualizacin QAS: Actualizacin ST-A/PI	30	\N	\N	\N	\N	100	35	35	f
55	Actualizacin SAP SOLMAN: Actualizacin ST-A/PI	30	\N	\N	\N	\N	201	35	43	f
4	Actualizacin QAS: Actualizacin ST-PI	30	\N	\N	\N	\N	101	35	35	f
6	Actualizacin PRD: Actualizacin ST-PI	30	\N	\N	\N	\N	230	35	36	f
11	Actualizacin BWP: Actualizacin ST-A/PI	30	\N	\N	\N	\N	204	35	38	f
47	Actualizacin DEV: Actualizacin ST-PI	30	\N	\N	\N	\N	10	35	40	f
7	Actualizacin PRD: Actualizacin ST-A/PI	30	\N	\N	\N	\N	231	35	36	f
51	Actualizacin QAS: Actualizacin ST-A/PI	30	\N	\N	\N	\N	101	35	41	f
60	Actualizacin SAP DEV: Bajada del sistema	5	\N	\N	\N	\N	20	37	40	f
61	Actualizacin SAP DEV:  Actualizacion OS	30	\N	\N	\N	\N	21	37	40	f
62	Actualizacin SAP DEV: Reinicio Servidor	30	\N	\N	\N	\N	22	37	40	f
63	Actualizacin SAP DEV: Subida sistema	5	\N	\N	\N	\N	23	37	40	f
64	Actualizacin SAP QAS: Bajada del sistema	5	\N	\N	\N	\N	110	37	41	f
68	Actualizacin SAP PRD: Bajada del sistema	5	\N	\N	\N	\N	210	37	42	f
69	Actualizacin SAP PRD: Actualizacin OS	30	\N	\N	\N	\N	211	37	42	f
70	Actualizacin SAP PRD: Reinicio Servidor	30	\N	\N	\N	\N	212	37	42	f
71	Actualizacin SAP PRD: Subida sistema	5	\N	\N	\N	\N	213	37	42	f
72	Actualizacin Solution Manager: Bajada del sistema	5	\N	\N	\N	\N	220	37	43	f
73	Actualizacin Solution Manager: Actualizacin OS	30	\N	\N	\N	\N	221	37	43	f
74	Actualizacin Solution Manager: Reinicio Servidor	30	\N	\N	\N	\N	222	37	43	f
75	Actualizacin Solution Manager: Subida sistema	5	\N	\N	\N	\N	223	37	43	f
76	Actualizacin WebDispatcher: Bajada del sistema	5	\N	\N	\N	\N	230	37	44	f
77	Actualizacin WebDispatcher: Actualizacin OS	30	\N	\N	\N	\N	231	37	44	f
78	Actualizacin WebDispatcher: Reinicio servidor	30	\N	\N	\N	\N	232	37	44	f
79	Actualizacin WebDispatcher: Subida sistema	5	\N	\N	\N	\N	233	37	44	f
80	Actualizacin SAP ROUTER: Bajada del sistema	5	\N	\N	\N	\N	240	37	45	f
81	Actualizacin SAP ROUTER: Actualizacin OS	30	\N	\N	\N	\N	241	37	45	f
82	Actualizacin SAP ROUTER: Reinicio servidor	30	\N	\N	\N	\N	242	37	45	f
53	Actualizacin SAP ERP: Actualizacin ST-A/PI	30	\N	\N	\N	\N	231	35	42	f
65	Actualizacin SAP QAS: Actualizacin OS	30	\N	\N	\N	\N	111	37	41	f
56	Actualizacin WebDispatcher: Actualizacin ST-PI	30	\N	\N	\N	\N	210	35	44	f
58	Actualizacin SAPROUTER: Actualizacin ST-PI	30	\N	\N	\N	\N	220	35	45	f
3	Actualizacin DEV: Actualizacion ST-A/PI	30	\N	\N	\N	\N	11	35	34	f
8	Actualizacin BWD: Actualizacin ST-PI	30	\N	\N	\N	\N	12	35	37	f
54	Actualizacin SAP SOLMAN: Actualizacin ST-PI	30	\N	\N	\N	\N	200	35	43	f
10	Actualizacin BWP: Actualizacin ST-PI	30	\N	\N	\N	\N	203	35	38	f
48	Actualizacin DEV: Actualizacin ST-A/PI	30	\N	\N	\N	\N	11	35	40	f
59	Actualizacin SAPROUTER: Actualizacin ST-A/PI	30	\N	\N	\N	\N	221	35	45	f
57	Actualizacin WebDispatcher: Actualizacin ST-A/PI	30	\N	\N	\N	\N	211	35	44	f
52	Actualizacin SAP PRD: Actualizacin ST-PI	30	\N	\N	\N	\N	230	35	42	f
66	Actualizacin SAP QAS: Reinicio Servidor	30	\N	\N	\N	\N	112	37	41	f
67	Actualizacin SAP QAS: Subida sistema	5	\N	\N	\N	\N	113	37	41	f
20	Monitoreo	30	\N	\N	\N	\N	300	36	62	t
42	Actualizacin BWP: Subida del sistema	5	\N	\N	\N	\N	208	37	38	f
21	PRE-REQUISITOS: Descarga de medios	60	\N	\N	\N	\N	1	37	61	f
83	Actualizacin SAP ROUTER: Subida del sistema	5	\N	\N	\N	\N	243	37	45	f
87	Actualizacin SAP DEV: Subida de sistema	5	\N	\N	\N	\N	12	37	40	f
88	Actualizacin SAP DEV: Pruebas tecnicas	5	\N	\N	\N	\N	13	34	40	f
85	Actualizacin SAP DEV: Bajada de sistema	5	\N	\N	\N	\N	10	34	40	f
86	Actualizacin SAP DEV: Actualizacin Kernel SAP	15	\N	\N	\N	\N	11	34	40	f
89	Actualizacin SAP QAS: Bajada de sistema	5	\N	\N	\N	\N	110	34	41	f
90	Actualizacin SAP QAS: Actualizacin Kernel SAP	15	\N	\N	\N	\N	111	34	41	f
91	Actualizacin SAP QAS: Subida sistema	5	\N	\N	\N	\N	112	34	41	f
92	Actualizacin SAP QAS: Pruebas tcnicas	5	\N	\N	\N	\N	113	34	41	f
97	Actualizacin Solution Manager: Bajada sistema	5	\N	\N	\N	\N	220	34	43	f
98	Actualizacin Solution Manager: Actualizacin Kernel SAP	15	\N	\N	\N	\N	221	34	43	f
99	Actualizacin Solution Manager: Subida sistema	5	\N	\N	\N	\N	222	34	43	f
100	Actualizacin Solution Manager: Pruebas tcnicas	5	\N	\N	\N	\N	223	34	43	f
101	Actualizacin WebDispatcher: Bajada de sistema	5	\N	\N	\N	\N	230	34	44	f
102	Actualizacin WebDispatcher: Actualizacin Kernel	15	\N	\N	\N	\N	231	34	44	f
103	Actualizacin WebDispatcher: Subida sistema	5	\N	\N	\N	\N	232	34	44	f
104	Actualizacin WebDispatcher: Pruebas tecnicas	5	\N	\N	\N	\N	233	34	44	f
105	Actualizacin SAPROUTER: Bajada de sistema	5	\N	\N	\N	\N	240	34	45	f
106	Actualizacin SAPROUTER: Actualizacion Kernel	15	\N	\N	\N	\N	241	34	45	f
107	Actualizacin SAPROUTER: Subida sistema	5	\N	\N	\N	\N	242	34	45	f
108	Actualizacin SAPROUTER: Pruebas tcnicas	5	\N	\N	\N	\N	243	34	45	f
109	Actualizacin SAP DEV: Bajada de sistema.	5	\N	\N	\N	\N	20	34	34	f
110	Actualizacin SAP DEV: Actualizacin Kernel SAP	15	\N	\N	\N	\N	21	34	34	f
111	Actualizacin SAP DEV: Subida de sistema	5	\N	\N	\N	\N	22	34	34	f
112	Actualizacin SAP DEV: Pruebas tecnicas	5	\N	\N	\N	\N	23	34	34	f
113	Actualizacin SAP QAS: Bajada de sistema	5	\N	\N	\N	\N	120	34	35	f
114	Actualizacin SAP QAS: Actualizacin Kernel SAP	15	\N	\N	\N	\N	121	34	35	f
115	Actualizacin SAP QAS: Subida sistema	5	\N	\N	\N	\N	122	34	35	f
116	Actualizacin SAP QAS: Pruebas tcnicas	5	\N	\N	\N	\N	123	34	35	f
117	Actualizacin BWD: Bajada de sistema	5	\N	\N	\N	\N	30	34	37	f
118	Actualizacin BWD: Actualizacin Kernel	15	\N	\N	\N	\N	31	34	37	f
119	Actualizacin BWD: Subida sistema	5	\N	\N	\N	\N	32	34	37	f
120	Actualizacin BWD: Prueba tcnicas	5	\N	\N	\N	\N	33	34	37	f
121	Actualizacin BWP: Bajada sistema	5	\N	\N	\N	\N	200	34	38	f
122	Actualizacin BWP: Actualizacin Kernel	15	\N	\N	\N	\N	201	34	38	f
123	Actualizacin BWP: Subida sistema	5	\N	\N	\N	\N	202	34	38	f
124	Actualizacin BWP: Pruebas tcnicas	5	\N	\N	\N	\N	203	34	38	f
125	Actualizacin SAP PRD: Bajada sistema	5	\N	\N	\N	\N	210	34	36	f
126	Actualizacin SAP PRD: Actualizacin Kernel	15	\N	\N	\N	\N	211	34	36	f
127	Actualizacin SAP PRD: Subida sistema	5	\N	\N	\N	\N	212	34	36	f
128	Actualizacin SAP PRD: Pruebas tecnicas	5	\N	\N	\N	\N	213	34	36	f
131	Parchado DB DEV: Bajada de sistema	10	\N	\N	\N	\N	20	38	34	f
132	Parchado DB DEV: Parchado	30	\N	\N	\N	\N	21	38	34	f
134	Parchado DB DEV: Pruebas tcnicas	10	\N	\N	\N	\N	23	38	34	f
133	Parchado DB DEV:  Subida sistema	10	\N	\N	\N	\N	22	38	34	f
135	Parchado DB BWD: Bajada de sistema	10	\N	\N	\N	\N	30	38	37	f
136	Parchado DB BWD: Parchado	30	\N	\N	\N	\N	31	38	37	f
137	Parchado DB BWD: Subida sistema	10	\N	\N	\N	\N	32	38	37	f
138	Parchado DB BWD: Subida sistema	10	\N	\N	\N	\N	33	38	37	f
139	Parchado DB BWD: Pruebas tecnicas	10	\N	\N	\N	\N	34	38	37	f
140	Parchado DB ERP QAS: Bajada de sistema	10	\N	\N	\N	\N	100	38	35	f
141	Parchado DB ERP QAS: Parchado	30	\N	\N	\N	\N	101	38	35	f
142	Parchado DB ERP QAS: Subida de sistema	10	\N	\N	\N	\N	102	38	35	f
143	Parchado DB ERP QAS: Pruebas tcnicas	10	\N	\N	\N	\N	103	38	35	f
144	Parchado DB SMA: Bajada de sistema	10	\N	\N	\N	\N	200	38	2	f
145	Parchado DB SMA: Parchado	30	\N	\N	\N	\N	201	38	2	f
146	Parchado DB SMA: Subida de sistema	10	\N	\N	\N	\N	202	38	2	f
147	Parchado DB SMA: Pruebas tecnicas	10	\N	\N	\N	\N	203	38	2	f
148	Parchado DB BWP: Bajada de sistema	10	\N	\N	\N	\N	210	38	38	f
149	Parchado DB BWP: Parchado	30	\N	\N	\N	\N	211	38	38	f
150	Parchado DB BWP: Subida de sistema	10	\N	\N	\N	\N	212	38	38	f
151	Parchado DB BWP: Pruebas tecnicas	10	\N	\N	\N	\N	213	38	38	f
152	Parchado DB SAP PRD: Bajada de sistema	10	\N	\N	\N	\N	220	38	36	f
153	Parchado DB PRD: Parchado	30	\N	\N	\N	\N	221	38	36	f
154	Parchado DB PRD: Subida de sistema	10	\N	\N	\N	\N	222	38	36	f
155	Parchado DB PRD: Pruebas tcnicas	10	\N	\N	\N	\N	223	38	36	f
156	Actualizacin MII QAS: Actualizacin ST-PI	30	\N	\N	\N	\N	130	35	50	f
157	Actualizacin MII QAS: Actualizacin ST-A/PI	30	\N	\N	\N	\N	131	35	50	f
158	Actualizacin SQL MII QAS: Actualizacin ST-PI	30	\N	\N	\N	\N	140	35	46	f
159	Actualizacin SQL MII QAS: Actualizacin ST-A/PI	30	\N	\N	\N	\N	141	35	46	f
160	Actualizacin MII PRD: Actualizacin ST-PI	30	\N	\N	\N	\N	240	35	51	f
161	Actualizacin MII PRD: Actualizacin ST-A/PI	30	\N	\N	\N	\N	241	35	51	f
163	Actualizacin EDELPA-SQL2 MII PRD: Actualizacin ST-A/PI	30	\N	\N	\N	\N	251	35	47	f
2	Actualizacin DEV: Actualizacin ST-PI	30	\N	\N	\N	\N	10	35	34	f
94	Actualizacin SAP PRD: Actualizacin Kernel SAP	15	\N	\N	\N	\N	211	34	42	f
130	Pre-requisitos: Backup FULL	120	\N	\N	\N	\N	2	38	61	t
84	Pre-requisitos: Descarga de medios	60	\N	\N	\N	\N	1	34	61	t
95	Actualizacin SAP PRD: Subida sistema	5	\N	\N	\N	\N	212	34	42	f
96	Actualizacin SAP PRD: Pruebas tcnicas	5	\N	\N	\N	\N	213	34	42	f
162	Actualizacin EDELPA-SQL2 MII PRD: Actualizacin ST-PI	30	\N	\N	\N	\N	250	35	47	f
164	Actualizacin EDELPA-SAP SQL MII PRD: Actualizacin ST-PI	30	\N	\N	\N	\N	260	35	48	f
165	Actualizacin EDELPA-SAP SQL MII PRD: Actualizacin ST-A/PI	30	\N	\N	\N	\N	261	35	48	f
166	Actualizacin SMP / SMJ: Actualizacin ST-PI	30	\N	\N	\N	\N	270	35	49	f
167	Actualizacin SMP / SMJ: Actualizacin ST-PI	30	\N	\N	\N	\N	271	35	49	f
49	Actualizacin QAS: Actualizacin ST-PI	30	\N	\N	\N	\N	100	35	41	f
168	Actualizacin MII QAS: Bajada de sistema	5	\N	\N	\N	\N	130	37	50	f
169	Actualizacin MII QAS: Actualizacin OS	30	\N	\N	\N	\N	131	37	50	f
170	Actualizacin MII QAS: Reinicio Servidor	30	\N	\N	\N	\N	132	37	50	f
171	Actualizacin MII QAS: Subida de sistema	5	\N	\N	\N	\N	133	37	50	f
172	Actualizacin MII PRD: Bajada de sistema	5	\N	\N	\N	\N	230	37	51	f
173	Actualizacin MII PRD: Actualizacin OS	30	\N	\N	\N	\N	231	37	51	f
174	Actualizacin MII PRD: Reinicio servidor	30	\N	\N	\N	\N	232	37	51	f
175	Actualizacin MII PRD: Subida de sistema	5	\N	\N	\N	\N	233	37	51	f
176	Actualizacin SQL MII QAS: Bajada de sistema	5	\N	\N	\N	\N	150	37	46	f
177	Actualizacin SQL MII QAS: Actualizacin OS	30	\N	\N	\N	\N	151	37	46	f
178	Actualizacin SQL MII QAS: Reinicio SErvidor	30	\N	\N	\N	\N	152	37	46	f
179	Actualizacin SQL MII QAS: Subida de sistema	5	\N	\N	\N	\N	153	37	46	f
180	Actualizacin EDELPA-SQL2 MII PRD: Bajada de sistema	5	\N	\N	\N	\N	240	37	47	f
181	Actualizacin EDELPA-SQL2 MII PRD: Actualizacion OS	30	\N	\N	\N	\N	241	37	47	f
182	Actualizacin EDELPA-SQL2 MII PRD: Reinicio Servidor	30	\N	\N	\N	\N	242	37	47	f
183	Actualizacin EDELPA-SQL2 MII PRD: Subida de sistema	5	\N	\N	\N	\N	243	37	47	f
184	Actualizacin EDELPA-SAP MII PRD: Bajada de sistema	5	\N	\N	\N	\N	250	37	48	f
185	Actualizacin EDELPA-SAP MII PRD: Actualizacio OS	30	\N	\N	\N	\N	251	37	48	f
186	Actualizacin EDELPA-SAP MII PRD: Actualizacin OS	30	\N	\N	\N	\N	251	37	48	f
187	Actualizacin EDELPA-SAP MII PRD: Reinicio Servidor	30	\N	\N	\N	\N	252	37	48	f
188	Actualizacin EDELPA-SAP MII PRD: Subida de sistema	5	\N	\N	\N	\N	253	37	48	f
189	Actualizacin SMP / SMJ: Bajada de sistema	5	\N	\N	\N	\N	260	37	49	f
190	Actualizacin SMP / SMJ: Actualizacin OS	30	\N	\N	\N	\N	261	37	49	f
191	Actualizacin SMP / SMJ: Reinicio SErvidor	30	\N	\N	\N	\N	262	37	49	f
192	Actualizacin SMP / SMJ: Subida de sistema	5	\N	\N	\N	\N	263	37	49	f
193	Actualizacin MII QAS: Bajada de sistema	5	\N	\N	\N	\N	130	34	50	f
194	Actualizacin MII QAS: Actualizacin Kernel SAP	15	\N	\N	\N	\N	131	34	50	f
195	Actualizacin MII QAS: Subida de sistema	5	\N	\N	\N	\N	132	34	50	f
196	Actualizacin MII QAS: Pruebas tcnicas	5	\N	\N	\N	\N	133	34	50	f
197	Actualizacin SQL MII QAS: Bajada de sistema	5	\N	\N	\N	\N	140	34	46	f
198	Actualizacin SQL MII QAS: Actualizacin Kernel SAP	15	\N	\N	\N	\N	141	34	46	f
199	Actualizacin SQL MII QAS: Subida de sistema	5	\N	\N	\N	\N	142	34	46	f
200	Actualizacin SQL MII QAS: Pruebas tcnicas	5	\N	\N	\N	\N	143	34	46	f
201	Actualizacin MII PRD: Bajada de sistema	5	\N	\N	\N	\N	230	34	51	f
202	Actualizacin MII PRD: Actualizacin Kernel SAP	15	\N	\N	\N	\N	231	34	51	f
203	Actualizacin MII PRD: Subida de sistema	5	\N	\N	\N	\N	232	34	51	f
204	Actualizacin MII PRD: Pruebas tcnicas	5	\N	\N	\N	\N	233	34	51	f
205	Actualizacin EDELPA-SQL2 MII PRD: Bajada de sistema	5	\N	\N	\N	\N	240	34	47	f
206	Actualizacin EDELPA-SQL2 MII PRD: Actualizacin Kernel SAP	15	\N	\N	\N	\N	241	34	47	f
207	Actualizacin EDELPA-SQL2 MII PRD: Subida de sistema	5	\N	\N	\N	\N	242	34	47	f
208	Actualizacin EDELPA-SQL2 MII PRD: Pruebas tcnicas	5	\N	\N	\N	\N	243	34	47	f
209	Actualizacin EDELPA-SAP SQL MII PRD: Bajada de sistema	5	\N	\N	\N	\N	250	34	48	f
210	Actualizacin EDELPA-SAP SQL MII PRD: Actualizacion Kernel SAP	15	\N	\N	\N	\N	251	34	48	f
211	Actualizacin EDELPA-SAP SQL MII PRD: Subida de sistema	5	\N	\N	\N	\N	252	34	48	f
212	Actualizacin EDELPA-SAP SQL MII PRD: Pruebas tecnicas	5	\N	\N	\N	\N	253	34	48	f
213	Actualizacin SMP / SMJ: Bajada de sistema	5	\N	\N	\N	\N	260	34	49	f
214	Actualizacin SMP / SMJ: Actualizacion Kernel SAP	15	\N	\N	\N	\N	261	34	49	f
215	Actualizacin SMP / SMJ: Subida de sistema	5	\N	\N	\N	\N	262	34	49	f
216	Actualizacin SMP / SMJ: Pruebas tcnicas	5	\N	\N	\N	\N	263	34	49	f
217	Parchado DB MII QAS: Bajada de sistema	10	\N	\N	\N	\N	120	38	50	f
218	Parchado DB MII QAS: Parchado	30	\N	\N	\N	\N	121	38	50	f
219	Parchado DB MII QAS: Subida sistema	10	\N	\N	\N	\N	122	38	50	f
220	Parchado DB MII QAS: Pruebas tcnicas	10	\N	\N	\N	\N	123	38	50	f
221	Parchado DB SQL MII QAS: Bajada de sistema	10	\N	\N	\N	\N	130	38	46	f
222	Parchado DB SQL MII QAS: Parchado	30	\N	\N	\N	\N	131	38	46	f
223	Parchado DB SQL MII QAS: Subida de sistema	10	\N	\N	\N	\N	132	38	46	f
224	Parchado DB SQL MII QAS: Pruebas tecnicas	10	\N	\N	\N	\N	133	38	46	f
225	Parchado DB MII PRD: Bajada de sistema	10	\N	\N	\N	\N	220	38	51	f
226	Parchado DB MII PRD: Parchado	30	\N	\N	\N	\N	221	38	51	f
227	Parchado DB MII PRD: Subida de sistema	10	\N	\N	\N	\N	222	38	51	f
228	Parchado DB MII PRD: Pruebas tecnicas	10	\N	\N	\N	\N	223	38	51	f
229	Parchado DB EDELPA-SQL2: Bajada de sistema	10	\N	\N	\N	\N	230	38	47	f
230	Parchado DB EDELPA-SQL2: Parchado	30	\N	\N	\N	\N	231	38	47	f
231	Parchado DB EDELPA-SQL2: Subida de sistema	10	\N	\N	\N	\N	232	38	47	f
232	Parchado DB EDELPA-SQL2: Pruebas tecnicas	10	\N	\N	\N	\N	233	38	47	f
233	Parchado DB SQL MII PRD SAP: Bajada de sistema	10	\N	\N	\N	\N	240	38	48	f
234	Parchado DB SQL MII PRD SAP: Parchado	30	\N	\N	\N	\N	241	38	48	f
235	Parchado DB SQL MII PRD SAP: Subida de sistema	10	\N	\N	\N	\N	242	38	48	f
236	Parchado DB SQL MII PRD SAP: Pruebas tecnicas	10	\N	\N	\N	\N	243	38	48	f
237	Parchado DB SMP / SMJ: Bajada de sistema	10	\N	\N	\N	\N	250	38	49	f
239	Parchado DB SMP / SMJ: Subida de sistema	10	\N	\N	\N	\N	252	38	49	f
238	Parchado DB SMP / SMJ: Parchado	30	\N	\N	\N	\N	251	38	49	f
240	Parchado DB SMP / SMJ: Pruebas tcnicas	10	\N	\N	\N	\N	253	38	49	f
241	Actualizacin PID: Actualizacin ST-PI	30	\N	\N	\N	\N	30	35	52	f
242	Actualizacin PID: Actualizacin ST-A/PI	30	\N	\N	\N	\N	31	35	52	f
243	Actualizacin PID: Actualizacin ST-PI	30	\N	\N	\N	\N	270	35	53	f
244	Actualizacin PID: Actualizacin ST-A/PI	30	\N	\N	\N	\N	271	35	53	f
245	Actualizacin PID: Bajada de sistema	5	\N	\N	\N	\N	50	34	52	f
246	Actualizacin PID: Actualizacin Kernel SAP	15	\N	\N	\N	\N	51	34	52	f
247	Actualizacin PID: Subida de sistema	5	\N	\N	\N	\N	52	34	51	f
248	Actualizacin PID: Pruebas tcnicas	5	\N	\N	\N	\N	53	34	52	f
249	Actualizacin PIP: Bajada de sistema	5	\N	\N	\N	\N	270	34	53	f
250	Actualizacin PIP: Actualizacion Kernel SAP	15	\N	\N	\N	\N	271	34	53	f
251	Actualizacin PIP: Subida de sistema	5	\N	\N	\N	\N	272	34	53	f
252	Actualizacin PIP: Pruebas tecnicas	5	\N	\N	\N	\N	273	34	53	f
253	Actualizacin PID: Bajada del sistema	5	\N	\N	\N	\N	50	37	52	f
254	Actualizacin PID: Actualizacin OS	30	\N	\N	\N	\N	51	37	52	f
255	Actualizacin PID: Reinicio de servidor	30	\N	\N	\N	\N	52	37	52	f
256	Actualizacin PID: Subida del sistema	5	\N	\N	\N	\N	53	37	52	f
257	Actualizacin PIP: Bajada del sistema	5	\N	\N	\N	\N	270	37	53	f
259	Actualizacin PIP: Reinicio de servidor	30	\N	\N	\N	\N	272	37	53	f
260	Actualizacin PIP: Subida del sistema	5	\N	\N	\N	\N	273	37	52	f
258	Actualizacin PIP: Actualizacin OS	30	\N	\N	\N	\N	271	37	53	f
261	Parchado DB PID: Bajada de sistema	10	\N	\N	\N	\N	50	38	52	f
262	Parchado DB PID: Parchado	30	\N	\N	\N	\N	51	38	52	f
263	Parchado DB PID: Subida de sistema	10	\N	\N	\N	\N	52	38	52	f
264	Parchado DB PID: Pruebas tecnicas	10	\N	\N	\N	\N	53	38	52	f
265	Parchado DB PIP: Bajada de sistema	10	\N	\N	\N	\N	270	38	53	f
266	Parchado DB PIP: Parchado	30	\N	\N	\N	\N	271	38	53	f
267	Parchado DB PIP: Subida de sistema	10	\N	\N	\N	\N	272	38	53	f
268	Parchado DB PIP: Pruebas tecncias	10	\N	\N	\N	\N	273	38	53	f
269	Actualizacin BWD/4HANA: Actualizacin ST-PI	30	\N	\N	\N	\N	60	35	54	f
270	Actualizacin BWD/4HANA: Actualizacin ST-A/PI	30	\N	\N	\N	\N	61	35	54	f
271	Actualizacin BWP/4HANA: Actualizacin ST-PI	30	\N	\N	\N	\N	200	35	55	f
272	Actualizacin BWP/4HANA: Actualizacin ST-A/PI	30	\N	\N	\N	\N	201	35	55	f
273	Actualizacin SAP CLOUD CONNECTOR: Actualizacin ST-PI	30	\N	\N	\N	\N	210	35	56	f
274	Actualizacin SAP CLOUD CONNECTOR: Actualizacin ST-A/PI	30	\N	\N	\N	\N	211	35	56	f
275	Actualizacin BWD/4HANA: Bajada del sistema	5	\N	\N	\N	\N	20	34	54	f
276	Actualizacin BWD/4HANA: Actualizacin Kernel SAP	15	\N	\N	\N	\N	21	34	54	f
277	Actualizacin BWD/4HANA: Subida del sistema	5	\N	\N	\N	\N	22	34	54	f
278	Actualizacin BWD/4HANA: Pruebas tecnicas	5	\N	\N	\N	\N	23	34	54	f
279	Actualizacin BWP/4HANA: Bajada del sistema	5	\N	\N	\N	\N	220	34	55	f
280	Actualizacin BWP/4HANA: Actualizacin Kernel SAP	15	\N	\N	\N	\N	221	34	55	f
281	Actualizacin BWP/4HANA: Subida del sistema	5	\N	\N	\N	\N	222	34	55	f
282	Actualizacin BWP/4HANA: Pruebas tcnicas	5	\N	\N	\N	\N	223	34	55	f
283	Actualizacin SAP CLOUD CONNECTOR: bajada del sistema	5	\N	\N	\N	\N	230	34	56	f
284	Actualizacin SAP CLOUD CONNECTOR: Actualizacin Kernel SAP	15	\N	\N	\N	\N	231	34	56	f
285	Actualizacin SAP CLOUD CONNECTOR: Subida del sistema	5	\N	\N	\N	\N	232	34	56	f
286	Actualizacin SAP CLOUD CONNECTOR: Pruebas tecnicas	5	\N	\N	\N	\N	233	34	56	f
287	Actualizacin SAP BWD/4HANA: Bajada del sistema	5	\N	\N	\N	\N	30	37	54	f
288	Actualizacin SAP BWD/4HANA: Actualizacion OS	30	\N	\N	\N	\N	31	37	54	f
289	Actualizacin SAP BWD/4HANA: Reinicio servidor	30	\N	\N	\N	\N	32	37	54	f
290	Actualizacin SAP BWD/4HANA: Subida del sistema	5	\N	\N	\N	\N	33	37	54	f
291	Actualizacin SAP BWP/4HANA: Bajada del sistema	5	\N	\N	\N	\N	240	37	55	f
292	Actualizacin SAP BWP/4HANA: Actualizacin OS	30	\N	\N	\N	\N	241	37	55	f
293	Actualizacin SAP BWP/4HANA: Reinicio servidor	30	\N	\N	\N	\N	242	37	55	f
294	Actualizacin SAP BWP/4HANA: Subida del sistema	5	\N	\N	\N	\N	243	37	55	f
295	Actualizacin SAP CLOUD CONNECTOR: Bajada de sistema	5	\N	\N	\N	\N	250	37	56	f
296	Actualizacin SAP CLOUD CONNECTOR: Actualizacin OS	30	\N	\N	\N	\N	251	37	56	f
297	Actualizacin SAP CLOUD CONNECTOR: Reinicio Servidor	30	\N	\N	\N	\N	252	37	56	f
298	Actualizacin SAP CLOUD CONNECTOR: Subida de sistema	5	\N	\N	\N	\N	253	37	56	f
299	Parchado DB BWD/4HANA: Bajada del sistema	10	\N	\N	\N	\N	60	38	54	f
300	Parchado DB BWD/4HANA: Parchado	30	\N	\N	\N	\N	61	38	54	f
301	Parchado DB BWD/4HANA: Subida  del sistema	10	\N	\N	\N	\N	62	38	54	f
302	Parchado DB BWD/4HANA: Pruebas tecnicas	10	\N	\N	\N	\N	63	38	56	f
303	Parchado DB BWP/4HANA: Bajada del sistema	10	\N	\N	\N	\N	270	38	55	f
304	Parchado DB BWD/4HANA: Parchado	30	\N	\N	\N	\N	271	38	55	f
305	Parchado DB BWD/4HANA: Subida del sistema	10	\N	\N	\N	\N	272	38	55	f
306	Parchado DB BWD/4HANA: Pruebas tcnicas	10	\N	\N	\N	\N	273	38	55	f
307	Parchado DB SAP CLOUD CONNECTOR: Bajada del sistema	10	\N	\N	\N	\N	280	38	56	f
308	Parchado DB SAP CLOUD CONNECTOR: Parchado	30	\N	\N	\N	\N	281	38	56	f
309	Parchado DB SAP CLOUD CONNECTOR: Subida del sistema	10	\N	\N	\N	\N	282	38	56	f
310	Parchado DB SAP CLOUD CONNECTOR: Pruebas tecnicas	10	\N	\N	\N	\N	283	38	56	f
311	Actualizacin DEV: Actualizacin ST-PI	30	\N	\N	\N	\N	20	35	57	f
312	Actualizacin DEV: Actualizacin ST-A/PI	30	\N	\N	\N	\N	21	35	57	f
315	Actualizacin QAS: Actualizacin ST-PI	30	\N	\N	\N	\N	110	35	58	f
316	Actualizacin QAS: Actualizacin ST-A/PI	30	\N	\N	\N	\N	111	35	58	f
317	Actualizacin PRD: Actualizacin ST-PI	30	\N	\N	\N	\N	210	35	59	f
318	Actualizacin PRD: Actualizacin ST-A/PI	30	\N	\N	\N	\N	211	35	59	f
313	Actualizacin DEV WebDispatcher: Actualizacin ST-PI	30	\N	\N	\N	\N	22	35	60	f
314	Actualizacin DEV WebDispatcher: Actualizacin ST-A/PI	30	\N	\N	\N	\N	23	35	60	f
319	Parchado DB DEV: Bajada del sistema	10	\N	\N	\N	\N	30	38	57	f
320	Parchado DB DEV: Parchado	30	\N	\N	\N	\N	31	38	57	f
321	Parchado DB DEV: Subida del sistema	10	\N	\N	\N	\N	32	38	57	f
322	Parchado DB DEV: Pruebas tecnicas	10	\N	\N	\N	\N	33	38	57	f
323	Parchado DB DEV WebDispatcher: Bajada de sistema	10	\N	\N	\N	\N	40	38	60	f
324	Parchado DB DEV WebDispatcher: Parchado	30	\N	\N	\N	\N	41	38	60	f
325	Parchado DB DEV WebDispatcher: Subida de sistema	10	\N	\N	\N	\N	42	38	60	f
326	Parchado DB DEV WebDispatcher: Pruebas tecnicas	10	\N	\N	\N	\N	43	38	60	f
327	Parchado DB QAS: Bajada de sistema	10	\N	\N	\N	\N	120	38	58	f
328	Parchado DB QAS: Parchado	30	\N	\N	\N	\N	121	38	58	f
329	Parchado DB QAS: Subida de sistema	10	\N	\N	\N	\N	122	38	58	f
330	Parchado DB QAS: Pruebas tcnicas	10	\N	\N	\N	\N	10	38	58	f
331	Parchado DB PRD: Bajada de sistema	10	\N	\N	\N	\N	220	38	59	f
332	Parchado DB PRD: Parchado	30	\N	\N	\N	\N	221	38	59	f
333	Parchado DB PRD: Subida de sistema	10	\N	\N	\N	\N	222	38	59	f
334	Parchado DB PRD: Pruebas tcnicas	10	\N	\N	\N	\N	223	38	59	f
335	Actualizacin DEV: Bajada del sistema	5	\N	\N	\N	\N	50	37	57	f
336	Actualizacin DEV: Actualizacin OS	30	\N	\N	\N	\N	51	37	57	f
337	Actualizacin DEV: Reinicio Servidor	30	\N	\N	\N	\N	52	37	57	f
338	Actualizacin DEV: Subida del sistema	5	\N	\N	\N	\N	53	37	57	f
339	Actualizacin DEV WebDispatcher: Bajada del sistema	5	\N	\N	\N	\N	60	37	60	f
340	Actualizacin DEV WebDispatcher: Actualizacin OS	30	\N	\N	\N	\N	61	37	60	f
341	Actualizacin DEV WebDispatcher: Reinicio servidor	30	\N	\N	\N	\N	62	37	60	f
342	Actualizacin DEV WebDispatcher: Subida de sistema	5	\N	\N	\N	\N	63	37	60	f
343	Actualizacin QAS: Bajada de sistema	5	\N	\N	\N	\N	140	37	58	f
344	Actualizacin QAS: Actualizacion OS	30	\N	\N	\N	\N	141	37	58	f
345	Actualizacin QAS: Reinicio servidor	30	\N	\N	\N	\N	142	37	58	f
346	Actualizacin QAS: Subida de sistema	5	\N	\N	\N	\N	143	37	58	f
347	Actualizacin PRD: Bajada de sistema	5	\N	\N	\N	\N	240	37	59	f
348	Actualizacin PRD: Actualizacin OS	30	\N	\N	\N	\N	241	37	59	f
349	Actualizacin PRD: Reinicio servidor	30	\N	\N	\N	\N	242	37	59	f
350	Actualizacin PRD: Subida de sistema	5	\N	\N	\N	\N	243	37	59	f
351	Actualizacin DEV: Bajada de sistema	5	\N	\N	\N	\N	60	34	57	f
352	Actualizacin DEV: Actualizacin Kernel SAP	15	\N	\N	\N	\N	61	34	57	f
353	Actualizacin DEV: subidade sistema	5	\N	\N	\N	\N	62	34	57	f
354	Actualizacin DEV: Pruebas tecnicas	5	\N	\N	\N	\N	63	34	57	f
355	Actualizacin DEV WebDispatcher: Bajada de sistema	5	\N	\N	\N	\N	70	34	60	f
356	Actualizacin DEV WebDispatcher: Actualizacin Kernel SAP	15	\N	\N	\N	\N	71	34	60	f
357	Actualizacin DEV WebDispatcher: Subida de sistema	5	\N	\N	\N	\N	72	34	60	f
358	Actualizacin DEV WebDispatcher: Pruebas tcnicas	5	\N	\N	\N	\N	73	34	60	f
359	Actualizacin QAS: Bajada de sistema	5	\N	\N	\N	\N	170	34	58	f
360	Actualizacin QAS: Actualizacin Kernel SAP	15	\N	\N	\N	\N	171	34	58	f
361	Actualizacin QAS: Subida de sistema	5	\N	\N	\N	\N	172	34	58	f
362	Actualizacin QAS: Pruebas tecnicas	5	\N	\N	\N	\N	173	34	58	f
363	Actualizacin PRD: Bajada de sistema	5	\N	\N	\N	\N	270	34	59	f
364	Actualizacin PRD: Actualizacin Kernel SAP	15	\N	\N	\N	\N	271	34	59	f
365	Actualizacin PRD: Subida de sistema	5	\N	\N	\N	\N	272	34	59	f
366	Actualizacin PRD: Pruebas tecnicas	5	\N	\N	\N	\N	273	34	59	f
93	Actualizacin SAP PRD: Bajada de sistema	5	\N	\N	\N	\N	210	34	42	f
1	PRE-REQUISITOS: Descarga de medios	30	\N	\N	\N	\N	1	35	61	t
13	Revisin y/o aplicacin de nota: Revisar nota 010203	30	\N	\N	\N	\N	1	36	61	t
129	Pre-requisitos: Descarga de medios	30	\N	\N	\N	\N	1	38	61	t
367	Actualizacin DEV: Actualizacin ST-PI	30	\N	\N	\N	\N	10	35	73	f
368	Actualizacin DEV: Actualizacin ST-A/PI	30	\N	\N	\N	\N	11	35	73	f
372	Actualizacin PRD: Actualizacin ST-A/PI	30	\N	\N	\N	\N	211	35	75	f
369	Actualizacin QAS: Actualizacin ST-PI	30	\N	\N	\N	\N	110	35	74	f
370	Actualizacin QAS: Actualizacin ST-A/PI	30	\N	\N	\N	\N	111	35	74	f
371	Actualizacin PRD: Actualizacin ST-PI	30	\N	\N	\N	\N	210	35	75	f
373	Actualizacin SBX: Actualizacin ST-PI	30	\N	\N	\N	\N	20	35	76	f
374	Actualizacin DEV: Actualizacin ST-A/PI	30	\N	\N	\N	\N	21	35	76	f
375	Actualizacin BWD: Actualizacin ST-PI	30	\N	\N	\N	\N	25	35	64	f
376	Actualizacin BWD: Actualizacin ST-A/PI	30	\N	\N	\N	\N	26	35	64	f
377	Actualizacin BWP: Actualizacin ST-PI	30	\N	\N	\N	\N	225	35	65	f
378	Actualizacin BWP: Actualizacin ST-A/PI	30	\N	\N	\N	\N	226	35	65	f
379	Actualizacin EPD: Actualizacin ST-PI	30	\N	\N	\N	\N	30	35	66	f
380	Actualizacin EPD: Actualizacin ST-A/PI	30	\N	\N	\N	\N	31	35	66	f
381	Actualizacin EPP: Actualizacin ST-PI	30	\N	\N	\N	\N	230	35	67	f
382	Actualizacin EPP: Actualizacin ST-A/PI	30	\N	\N	\N	\N	231	35	65	f
383	Actualizacin SMA: Actualizacin ST-PI	30	\N	\N	\N	\N	240	35	68	f
384	Actualizacin SMA: Actualizacin ST-A/PI	30	\N	\N	\N	\N	241	35	68	f
385	Actualizacin MID: Actualizacin ST-PI	30	\N	\N	\N	\N	60	35	70	f
386	Actualizacin MID: Actualizacin ST-A/PI	30	\N	\N	\N	\N	61	35	70	f
387	Actualizacin MIP: Actualizacin ST-A/PI	30	\N	\N	\N	\N	260	35	71	f
388	Actualizacin MIP: Actualizacin ST-PI	30	\N	\N	\N	\N	259	35	71	f
389	Actualizacin ADP: Actualizacin ST-PI	30	\N	\N	\N	\N	265	35	72	f
390	Actualizacin ADP: Actualizacin ST-A/PI	30	\N	\N	\N	\N	266	35	72	f
391	Actualizacin WDP: Actualizacin ST-PI	30	\N	\N	\N	\N	267	35	69	f
392	Actualizacin WDP: Actualizacin ST-A/PI	30	\N	\N	\N	\N	268	35	72	f
393	Actualizacin SAP SDI-WDP: Actualizacin ST-PI	30	\N	\N	\N	\N	215	35	77	f
394	Actualizacin SAP SDI-WDP: Actualizacin ST-A/PI	30	\N	\N	\N	\N	216	35	77	f
395	Actualizacin SAP Router: Actualizacin ST-PI	30	\N	\N	\N	\N	217	35	78	f
396	Actualizacin SAP Router: Actualizacin ST-A/PI	30	\N	\N	\N	\N	218	35	78	f
397	Actualizacin BOE PRD: Actualizacin ST-PI	30	\N	\N	\N	\N	220	35	79	f
398	Actualizacin BOE PRD: Actualizacin ST-PI	30	\N	\N	\N	\N	221	35	79	f
399	Actualizacin BOE 4.3 PRD: Actualizacin ST-PI	30	\N	\N	\N	\N	222	35	80	f
400	Actualizacin BOE 4.3 PRD: Actualizacin ST-A/PI	30	\N	\N	\N	\N	223	35	80	f
401	Actualizacin BWP: Actualizacin ST-PI	30	\N	\N	\N	\N	230	35	81	f
403	Actualizacin BWD: Actualizacin ST-PI	30	\N	\N	\N	\N	25	35	82	f
404	Actualizacin BWD: Actualizacin ST-A/PI	30	\N	\N	\N	\N	26	35	82	f
402	Actualizacin BWP: Actualizacin ST-PI	30	\N	\N	\N	\N	231	35	81	f
405	Actualizacin SDI DEV: Actualizacin ST-PI	30	\N	\N	\N	\N	40	35	83	f
406	Actualizacin SDI DEV: Actualizacin ST-A/PI	30	\N	\N	\N	\N	41	35	83	f
407	Actualizacin SAP CRM: Actualizacin ST-PI	30	\N	\N	\N	\N	50	35	1	f
408	Actualizacin SAP CRM: Actualizacin ST-A/PI	30	\N	\N	\N	\N	52	35	1	f
409	Actualizacin SMA: Actualizacin ST-PI	30	\N	\N	\N	\N	260	35	2	f
410	Actualizacin SMA: Actualizacin ST-A/PI	30	\N	\N	\N	\N	261	35	2	f
411	Actualizacin Cloudendure PRD: Actualizacin ST-PI	30	\N	\N	\N	\N	270	35	84	f
412	Actualizacin Cloudendure PRD: Actualizacin ST-A/PI	30	\N	\N	\N	\N	271	35	84	f
413	Actualizacin Platform Cockpit: Actualizacin ST-A/PI	30	\N	\N	\N	\N	200	35	85	f
414	Actualizacin Platform Cockpit: Actualizacin ST-A/PI	30	\N	\N	\N	\N	201	35	85	f
415	Actualizacin SAP Cloud Connector QAS : Actualizacin ST-PI	30	\N	\N	\N	\N	120	35	86	f
416	Actualizacin SAP Cloud Connector QAS : Actualizacin ST-A/PI	30	\N	\N	\N	\N	121	35	86	f
417	Actualizacin SAP Cloud Connector PRD : Actualizacin ST-PI	30	\N	\N	\N	\N	230	35	87	f
418	Actualizacin SAP Cloud Connector PRD : Actualizacin ST-A/PI	30	\N	\N	\N	\N	231	35	87	f
419	Actualizacin Blucomunidades : Actualizacin ST-PI	30	\N	\N	\N	\N	265	35	88	f
421	Actualizacin Blucomunidades : Actualizacin ST-PI	30	\N	\N	\N	\N	245	35	89	f
422	Actualizacin Blucomunidades : Actualizacin ST-A/PI	30	\N	\N	\N	\N	246	35	89	f
420	Actualizacin Blucomunidades : Actualizacin ST-A/PI	30	\N	\N	\N	\N	266	35	88	f
423	Actualizacin Blucontrol : Actualizacin ST-PI	30	\N	\N	\N	\N	270	35	90	f
424	Actualizacin Blucontrol : Actualizacin ST-A/PI	30	\N	\N	\N	\N	272	35	90	f
425	Actualizacin Blucontrol : Actualizacin ST-PI	30	\N	\N	\N	\N	150	35	91	f
426	Actualizacin Blucontrol : Actualizacin ST-A/PI	30	\N	\N	\N	\N	151	35	91	f
427	Actualizacin Bluharina : Actualizacin ST-A/PI	30	\N	\N	\N	\N	280	35	92	f
428	Actualizacin Bluharina : Actualizacin ST-PI	30	\N	\N	\N	\N	279	35	92	f
429	Actualizacin Bluharina : Actualizacin ST-PI	30	\N	\N	\N	\N	180	35	91	f
430	Actualizacin Bluharina : Actualizacin ST-A/PI	30	\N	\N	\N	\N	181	35	93	f
431	Actualizacin SAP HANA SDI : Actualizacin ST-A/PI	30	\N	\N	\N	\N	131	35	95	f
432	Actualizacin SAP HANA SDI : Actualizacin ST-PI	30	\N	\N	\N	\N	130	35	95	f
433	Actualizacin SAP HANA SDI : Actualizacin ST-PI	30	\N	\N	\N	\N	250	35	94	f
434	Actualizacin SAP HANA SDI : Actualizacin ST-A/PI	30	\N	\N	\N	\N	251	35	94	f
435	Actualizacin DB SAP : Actualizacin ST-PI	30	\N	\N	\N	\N	210	35	99	f
436	Actualizacin DB SAP : Actualizacin ST-PI	30	\N	\N	\N	\N	211	35	99	f
438	Actualizacin Sistemas Carsol : Actualizacin ST-A/PI	30	\N	\N	\N	\N	216	35	101	f
437	Actualizacin Sistemas Carsol : Actualizacin ST-PI	30	\N	\N	\N	\N	215	35	101	f
439	Actualizacin Facturacion Carsol : Actualizacin ST-PI	30	\N	\N	\N	\N	220	35	102	f
440	Actualizacin Facturacion Carsol : Actualizacin ST-A/PI	30	\N	\N	\N	\N	221	35	102	f
441	Actualizacin Domain Controller PRD1 : Actualizacin ST-PI	30	\N	\N	\N	\N	223	35	103	f
442	Actualizacin Domain Controller PRD1 : Actualizacin ST-A/PI	30	\N	\N	\N	\N	224	35	103	f
443	Actualizacin Domain Controller PRD2 : Actualizacin ST-PI	30	\N	\N	\N	\N	230	35	104	f
444	Actualizacin Domain Controller PRD2 : Actualizacin ST-PI	30	\N	\N	\N	\N	231	35	104	f
445	Actualizacin SRV-SAPPROD : Actualizacin ST-PI	30	\N	\N	\N	\N	280	35	107	f
446	Actualizacin SRV-SAPPROD : Actualizacin ST-A/PI	30	\N	\N	\N	\N	281	35	107	f
447	Actualizacin Carsol Peru: Actualizacin ST-PI	30	\N	\N	\N	\N	290	35	106	f
448	Actualizacin Carsol Peru: Actualizacin ST-A/PI	30	\N	\N	\N	\N	291	35	106	f
449	Actualizacin SRV-WS-SAP: Actualizacin ST-PI	30	\N	\N	\N	\N	285	35	108	f
450	Actualizacin SRV-WS-SAP: Actualizacin ST-A/PI	30	\N	\N	\N	\N	286	35	108	f
451	Actualizacin SRV-GOGLOBAL: Actualizacin ST-PI	30	\N	\N	\N	\N	287	35	109	f
452	Actualizacin SRV-GOGLOBAL: Actualizacin ST-A/PI	30	\N	\N	\N	\N	288	35	109	f
453	Actualizacin vitafoods_sap_webdispatcher: Actualizacin ST-PI	30	\N	\N	\N	\N	210	35	110	f
454	Actualizacin vitafoods_sap_webdispatcher: Actualizacin ST-A/PI	30	\N	\N	\N	\N	211	35	110	f
455	Actualizacin vitafoods_webserver: Actualizacin ST-PI	30	\N	\N	\N	\N	220	35	111	f
456	Actualizacin vitafoods_webserver: Actualizacin ST-A/PI	30	\N	\N	\N	\N	221	35	111	f
461	Actualizacin QAS: Bajada de Sistema	5	\N	\N	\N	\N	110	37	74	f
462	Actualizacin QAS: Actualizacin OS	30	\N	\N	\N	\N	111	37	74	f
464	Actualizacin QAS: Subida de Sistema	5	\N	\N	\N	\N	113	37	74	f
463	Actualizacin QAS: Reinicio servidor	30	\N	\N	\N	\N	112	37	74	f
465	Actualizacin PRD: Bajada de Sistema	5	\N	\N	\N	\N	210	37	75	f
466	Actualizacin PRD: Actualizacin OS	30	\N	\N	\N	\N	211	37	75	f
468	Actualizacin PRD: Subida de Sistema	5	\N	\N	\N	\N	213	37	75	f
467	Actualizacin PRD: Reinicio servidor	30	\N	\N	\N	\N	212	37	75	f
457	Actualizacin DEV: Bajada de sistema	5	\N	\N	\N	\N	10	37	73	f
458	Actualizacin DEV: Actualizacin OS	30	\N	\N	\N	\N	11	37	73	f
459	Actualizacin DEV: Reinicio Servidor	30	\N	\N	\N	\N	12	37	73	f
460	Actualizacin DEV: Subida Sistema	5	\N	\N	\N	\N	13	37	73	f
469	Actualizacin SBX: Bajada de Sistema	5	\N	\N	\N	\N	20	37	76	f
471	Actualizacin QAS: Reinicio servidor	30	\N	\N	\N	\N	22	37	76	f
470	Actualizacin SBX: Actualizacin OS	30	\N	\N	\N	\N	21	37	76	f
472	Actualizacin SBX: Subida de Sistema	5	\N	\N	\N	\N	23	37	75	f
473	Actualizacin BWD: Bajada de Sistema	5	\N	\N	\N	\N	30	37	64	f
474	Actualizacin BWD: Actualizacin OS	30	\N	\N	\N	\N	31	37	64	f
475	Actualizacin QAS: Reinicio servidor	30	\N	\N	\N	\N	32	37	64	f
476	Actualizacin BWD: Subida de Sistema	5	\N	\N	\N	\N	33	37	64	f
477	Actualizacin BWP: Bajada de Sistema	5	\N	\N	\N	\N	230	37	65	f
478	Actualizacin BWP: Actualizacin OS	30	\N	\N	\N	\N	231	37	65	f
479	Actualizacin BWP: Reinicio servidor	30	\N	\N	\N	\N	232	37	65	f
480	Actualizacin BWP: Subida de Sistema	5	\N	\N	\N	\N	233	37	65	f
481	Actualizacin EPD: Bajada de Sistema	5	\N	\N	\N	\N	40	37	66	f
482	Actualizacin EPD: Actualizacin OS	30	\N	\N	\N	\N	41	37	66	f
483	Actualizacin EPD: Reinicio servidor	30	\N	\N	\N	\N	42	37	66	f
484	Actualizacin EPD: Subida de Sistema	5	\N	\N	\N	\N	43	37	64	f
485	Actualizacin EPP: Bajada de Sistema	5	\N	\N	\N	\N	240	37	67	f
486	Actualizacin EPP: Actualizacin OS	30	\N	\N	\N	\N	241	37	67	f
487	Actualizacin EPP: Reinicio servidor	30	\N	\N	\N	\N	242	37	67	f
488	Actualizacin EPP: Subida de Sistema	5	\N	\N	\N	\N	243	37	67	f
489	Actualizacin SMA: Bajada de Sistema	5	\N	\N	\N	\N	250	37	68	f
490	Actualizacin SMA: Actualizacin OS	30	\N	\N	\N	\N	251	37	68	f
491	Actualizacin SMA: Reinicio servidor	30	\N	\N	\N	\N	252	37	68	f
492	Actualizacin SMA: Subida de Sistema	5	\N	\N	\N	\N	253	37	68	f
493	Actualizacin MID: Bajada de Sistema	5	\N	\N	\N	\N	20	37	70	f
494	Actualizacin MID: Actualizacin OS	30	\N	\N	\N	\N	21	37	70	f
495	Actualizacin MID: Reinicio servidor	30	\N	\N	\N	\N	22	37	70	f
496	Actualizacin MID: Subida de Sistema	5	\N	\N	\N	\N	23	37	70	f
497	Actualizacin MIP: Bajada de Sistema	5	\N	\N	\N	\N	220	37	71	f
498	Actualizacin MIP: Actualizacin OS	30	\N	\N	\N	\N	221	37	71	f
499	Actualizacin MIP: Reinicio servidor	30	\N	\N	\N	\N	222	37	71	f
500	Actualizacin MIP: Subida de Sistema	5	\N	\N	\N	\N	223	37	71	f
501	Actualizacin ADP: Bajada de Sistema	5	\N	\N	\N	\N	230	37	72	f
502	Actualizacin ADP: Actualizacin OS	30	\N	\N	\N	\N	231	37	72	f
503	Actualizacin ADP: Reinicio servidor	30	\N	\N	\N	\N	232	37	72	f
504	Actualizacin ADP: Subida de Sistema	5	\N	\N	\N	\N	233	37	72	f
505	Actualizacin WDP: Bajada de Sistema	5	\N	\N	\N	\N	250	37	69	f
506	Actualizacin WDP: Actualizacin OS	30	\N	\N	\N	\N	251	37	69	f
507	Actualizacin WDP: Reinicio servidor	30	\N	\N	\N	\N	252	37	69	f
508	Actualizacin WDP: Subida de Sistema	5	\N	\N	\N	\N	253	37	69	f
509	Actualizacin SDI-WDP-PRD: Bajada de Sistema	5	\N	\N	\N	\N	220	37	77	f
510	Actualizacin SDI-WDP-PRD: Actualizacin OS	30	\N	\N	\N	\N	221	37	77	f
511	Actualizacin SDI-WDP-PRD: Reinicio servidor	30	\N	\N	\N	\N	222	37	77	f
512	Actualizacin SDI-WDP-PRD: Subida de Sistema	5	\N	\N	\N	\N	223	37	77	f
513	Actualizacin ROUTER PRD: Bajada de Sistema	5	\N	\N	\N	\N	225	37	78	f
514	Actualizacin ROUTER PRD: Actualizacin OS	30	\N	\N	\N	\N	226	37	78	f
515	Actualizacin ROUTER PRD: Reinicio servidor	30	\N	\N	\N	\N	227	37	78	f
516	Actualizacin ROUTER PRD: Subida de Sistema	5	\N	\N	\N	\N	228	37	78	f
521	Actualizacin BOE 4.3 PRD: Bajada de Sistema	5	\N	\N	\N	\N	235	37	80	f
522	Actualizacin BOE 4.3 PRD: Actualizacin OS	30	\N	\N	\N	\N	236	37	80	f
523	Actualizacin BOE 4.3 PRD: Reinicio servidor	30	\N	\N	\N	\N	237	37	80	f
524	Actualizacin BOE 4.3 PRD: Subida de Sistema	5	\N	\N	\N	\N	238	37	80	f
517	Actualizacin BOE 4.2 PRD: Bajada de Sistema	5	\N	\N	\N	\N	230	37	79	f
518	Actualizacin BOE 4.2 PRD: Actualizacin OS	30	\N	\N	\N	\N	231	37	79	f
519	Actualizacin BOE 4.2 PRD: Reinicio servidor	30	\N	\N	\N	\N	232	37	79	f
520	Actualizacin BOE 4.2 PRD: Subida de Sistema	5	\N	\N	\N	\N	233	37	79	f
525	Actualizacin BWP: Bajada de Sistema	5	\N	\N	\N	\N	260	37	81	f
526	Actualizacin BWP: Actualizacin OS	30	\N	\N	\N	\N	251	37	81	f
527	Actualizacin BWP: Reinicio servidor	30	\N	\N	\N	\N	252	37	81	f
528	Actualizacin BWP: Subida de Sistema	5	\N	\N	\N	\N	253	37	81	f
529	Actualizacin BWD: Bajada de Sistema	5	\N	\N	\N	\N	30	37	82	f
530	Actualizacin BWD: Actualizacin OS	30	\N	\N	\N	\N	31	37	82	f
531	Actualizacin BWD: Reinicio servidor	30	\N	\N	\N	\N	32	37	82	f
532	Actualizacin BWD: Subida de Sistema	5	\N	\N	\N	\N	33	37	82	f
533	Actualizacin SDI DEV: Bajada de Sistema	5	\N	\N	\N	\N	40	37	83	f
534	Actualizacin SDID EV: Actualizacin OS	30	\N	\N	\N	\N	41	37	83	f
828	Parchado DB BWP: Pruebas tcnicas	10	\N	\N	\N	\N	243	38	81	f
535	Actualizacin SDI  DEV: Reinicio servidor	30	\N	\N	\N	\N	42	37	83	f
536	Actualizacin SDI DEV: Subida de Sistema	5	\N	\N	\N	\N	43	37	83	f
537	Actualizacin CloudEndure: Bajada de Sistema	5	\N	\N	\N	\N	255	37	84	f
538	Actualizacin CloudEndure: Actualizacin OS	30	\N	\N	\N	\N	256	37	84	f
539	Actualizacin Cloudendure: Reinicio servidor	30	\N	\N	\N	\N	257	37	84	f
540	Actualizacin CloudEndure: Subida de Sistema	5	\N	\N	\N	\N	258	37	84	f
541	Actualizacin Platform Cockpit: Bajada de Sistema	5	\N	\N	\N	\N	220	37	85	f
542	Actualizacin  Platform Cockpit: Actualizacin OS	30	\N	\N	\N	\N	221	37	85	f
543	Actualizacin  Platform Cockpit: Reinicio servidor	30	\N	\N	\N	\N	222	37	85	f
544	Actualizacin  Platform Cockpit: Subida de Sistema	5	\N	\N	\N	\N	223	37	85	f
545	Actualizacin Cloud Connector QAS: Bajada de Sistema	5	\N	\N	\N	\N	110	37	86	f
546	Actualizacin  Cloud Connector QAS: Actualizacin OS	30	\N	\N	\N	\N	111	37	86	f
547	Actualizacin  Cloud Connector QAS: Reinicio servidor	30	\N	\N	\N	\N	112	37	86	f
548	Actualizacin  Cloud Connector QAS: Subida de Sistema	5	\N	\N	\N	\N	113	37	86	f
549	Actualizacin  Cloud Connector PRD: Bajada de Sistema	5	\N	\N	\N	\N	230	37	87	f
550	Actualizacin  Cloud Connector PRD: Actualizacin OS	30	\N	\N	\N	\N	231	37	87	f
551	Actualizacin  Cloud Connector PRD: Reinicio servidor	30	\N	\N	\N	\N	232	37	87	f
552	Actualizacin  Cloud Connector PRD: Subida de Sistema	5	\N	\N	\N	\N	233	37	87	f
553	Actualizacin  Blucomunidades PRD: Bajada de Sistema	5	\N	\N	\N	\N	240	37	88	f
555	Actualizacin  Blucomunidades PRD: Reinicio servidor	30	\N	\N	\N	\N	242	37	88	f
554	Actualizacin  Blucomunidades PRD:  Actualizacin OS	30	\N	\N	\N	\N	241	37	88	f
556	Actualizacin  Blucomunidades PRD: Subida de Sistema	5	\N	\N	\N	\N	243	37	88	f
557	Actualizacin  Blucomunidades DEV: Bajada de Sistema	5	\N	\N	\N	\N	120	37	89	f
558	Actualizacin  Blucomunidades DEV: Actualizacin OS	30	\N	\N	\N	\N	121	37	89	f
559	Actualizacin  Blucomunidades DEV: Reinicio servidor	30	\N	\N	\N	\N	122	37	89	f
560	Actualizacin  Blucomunidades DEV: Subida de Sistema	5	\N	\N	\N	\N	123	37	89	f
561	Actualizacin  Blucontrol PRD: Bajada de Sistema	5	\N	\N	\N	\N	250	37	90	f
562	Actualizacin  Blucontrol PRD: Actualizacin OS	30	\N	\N	\N	\N	251	37	90	f
563	Actualizacin  Blucontrol PRD: Reinicio servidor	30	\N	\N	\N	\N	252	37	90	f
564	Actualizacin  Blucontrol PRD: Subida de Sistema	5	\N	\N	\N	\N	253	37	90	f
565	Actualizacin  Blucontrol DEV: Bajada de Sistema	5	\N	\N	\N	\N	130	37	91	f
566	Actualizacin  Blucontrol DEV: Actualizacin OS	30	\N	\N	\N	\N	131	37	91	f
567	Actualizacin  Blucontrol DEV: Reinicio servidor	30	\N	\N	\N	\N	132	37	91	f
568	Actualizacin Blucontrol DEV: Subida de Sistema	5	\N	\N	\N	\N	133	37	91	f
569	Actualizacin  Bluharina PRD: Bajada de Sistema	5	\N	\N	\N	\N	255	37	92	f
570	Actualizacin  Bluharina PRD: Actualizacin OS	30	\N	\N	\N	\N	256	37	92	f
571	Actualizacin  Bluharina PRD: Reinicio servidor	30	\N	\N	\N	\N	257	37	92	f
572	Actualizacin Bluharina PRD: Subida de Sistema	5	\N	\N	\N	\N	258	37	92	f
573	Actualizacin  Bluharina DEV: Bajada de Sistema	5	\N	\N	\N	\N	135	37	93	f
576	Actualizacin Bluharina DEV: Subida de Sistema	5	\N	\N	\N	\N	138	37	93	f
574	Actualizacin  Bluharina DEV: Actualizacin OS	30	\N	\N	\N	\N	136	37	93	f
575	Actualizacin  Bluharina DEV: Reinicio servidor	30	\N	\N	\N	\N	137	37	93	f
577	Actualizacin  SDI PRD: Bajada de Sistema	5	\N	\N	\N	\N	250	37	94	f
578	Actualizacin  SDI PRD: Actualizacin OS	30	\N	\N	\N	\N	251	37	94	f
579	Actualizacin  SDI PRD: Reinicio servidor	30	\N	\N	\N	\N	252	37	94	f
580	Actualizacin SDI PRD: Subida de Sistema	5	\N	\N	\N	\N	253	37	94	f
581	Actualizacin  SDI QAS: Bajada de Sistema	5	\N	\N	\N	\N	150	37	95	f
582	Actualizacin  SDI QAS: Actualizacin OS	30	\N	\N	\N	\N	151	37	95	f
583	Actualizacin  SDI QAS: Reinicio servidor	30	\N	\N	\N	\N	152	37	95	f
584	Actualizacin SDI QAS: Subida de Sistema	5	\N	\N	\N	\N	153	37	95	f
585	Actualizacin  Domain Controller Bajada de Sistema	5	\N	\N	\N	\N	220	37	98	f
586	Actualizacin  Domain Controller Actualizacin OS	30	\N	\N	\N	\N	221	37	98	f
587	Actualizacin  Domain Controller Reinicio servidor	30	\N	\N	\N	\N	222	37	98	f
588	Actualizacin Domain Controller Subida de Sistema	5	\N	\N	\N	\N	223	37	98	f
589	Actualizacin  DB SAP Bajada de Sistema	5	\N	\N	\N	\N	220	37	99	f
590	Actualizacin  DB SAP Actualizacin OS	30	\N	\N	\N	\N	221	37	99	f
591	Actualizacin  DB SAP Reinicio servidor	30	\N	\N	\N	\N	222	37	99	f
592	Actualizacin DB SAP Subida de Sistema	5	\N	\N	\N	\N	223	37	99	f
593	Actualizacin  Servidor de Respaldo: Bajada de Sistema	5	\N	\N	\N	\N	225	37	100	f
594	Actualizacin  Servidor de Respaldo: Actualizacin OS	30	\N	\N	\N	\N	226	37	100	f
595	Actualizacin  Servidor de Respaldo: Reinicio servidor	30	\N	\N	\N	\N	227	37	100	f
596	Actualizacin Servidor de Respaldo: Subida de Sistema	5	\N	\N	\N	\N	228	37	100	f
597	Actualizacin  Sistemas Carsol: Bajada de Sistema	5	\N	\N	\N	\N	230	37	101	f
598	Actualizacin  Sistemas Carsol: Actualizacin OS	30	\N	\N	\N	\N	231	37	101	f
599	Actualizacin  Sistemas Carsol: Reinicio servidor	30	\N	\N	\N	\N	232	37	101	f
600	Actualizacin Sistemas Carsol: Subida de Sistema	5	\N	\N	\N	\N	233	37	101	f
601	Actualizacin  Servidor de Facturacin Carsol: Bajada de Sistema	5	\N	\N	\N	\N	235	37	102	f
602	Actualizacin  Servidor de Facturacin Carsol: Actualizacin OS	30	\N	\N	\N	\N	236	37	102	f
603	Actualizacin  Servidor de Facturacin Carsol: Reinicio servidor	30	\N	\N	\N	\N	237	37	102	f
604	Actualizacin Servidor de Facturacin Carsol: Subida de Sistema	5	\N	\N	\N	\N	238	37	102	f
605	Actualizacin  Domain Controller PRD 1: Bajada de Sistema	5	\N	\N	\N	\N	240	37	103	f
606	Actualizacin  Domain Controller PRD 1: Actualizacin OS	30	\N	\N	\N	\N	241	37	103	f
608	Actualizacin Domain Controller PRD 1: Subida de Sistema	5	\N	\N	\N	\N	243	37	103	f
607	Actualizacin  Domain Controller PRD 1: Reinicio servidor	30	\N	\N	\N	\N	242	37	103	f
609	Actualizacin  Domain Controller PRD 2: Bajada de Sistema	5	\N	\N	\N	\N	245	37	104	f
610	Actualizacin  Domain Controller PRD 2: Actualizacin OS	30	\N	\N	\N	\N	246	37	104	f
611	Actualizacin  Domain Controller PRD 2: Reinicio servidor	30	\N	\N	\N	\N	247	37	104	f
612	Actualizacin Domain Controller PRD 2: Subida de Sistema	5	\N	\N	\N	\N	248	37	104	f
613	Actualizacin Servidor Clickview RDP: Bajada de Sistema	5	\N	\N	\N	\N	250	37	105	f
614	Actualizacin  Servidor Clickview RDP: Actualizacin OS	30	\N	\N	\N	\N	251	37	105	f
615	Actualizacin  Servidor Clickview RDP: Reinicio servidor	30	\N	\N	\N	\N	252	37	105	f
616	Actualizacin Servidor Clickview RDP: Subida de Sistema	5	\N	\N	\N	\N	253	37	105	f
617	Actualizacin SRV-SAPPROD: Bajada de Sistema	5	\N	\N	\N	\N	255	37	106	f
618	Actualizacin  Sistema Carsol Per: Actualizacin OS	30	\N	\N	\N	\N	256	37	106	f
619	Actualizacin  Sistema Carsol Per: Reinicio servidor	30	\N	\N	\N	\N	257	37	106	f
620	Actualizacin Sistema Carsol Per: Subida de Sistema	5	\N	\N	\N	\N	258	37	106	f
621	Actualizacin SRV-SAPPROD: Bajada de Sistema	5	\N	\N	\N	\N	220	37	107	f
622	Actualizacin  SRV-SAPPROD: Actualizacin OS	30	\N	\N	\N	\N	221	37	107	f
623	Actualizacin  SRV-SAPPROD: Reinicio servidor	30	\N	\N	\N	\N	222	37	107	f
624	Actualizacin SRV-SAPPROD: Subida de Sistema	5	\N	\N	\N	\N	223	37	107	f
625	Actualizacin  SRV-WS-SAP: Bajada de Sistema	5	\N	\N	\N	\N	225	37	108	f
626	Actualizacin  SRV-WS-SAP: Actualizacin OS	30	\N	\N	\N	\N	226	37	108	f
627	Actualizacin  SRV-WS-SAP: Reinicio servidor	30	\N	\N	\N	\N	227	37	108	f
628	Actualizacin SRV-WS-SAP: Subida de Sistema	5	\N	\N	\N	\N	228	37	108	f
629	Actualizacin SRV-GOGLOBAL: Bajada de Sistema	5	\N	\N	\N	\N	230	37	108	f
630	Actualizacin  SRV-GOGLOBAL: Actualizacin OS	30	\N	\N	\N	\N	231	37	109	f
631	Actualizacin  SRV-GOGLOBAL: Reinicio servidor	30	\N	\N	\N	\N	232	37	109	f
632	Actualizacin SRV-GOGLOBAL: Subida de Sistema	5	\N	\N	\N	\N	233	37	109	f
633	Actualizacin  SAP DEV: Bajada de Sistema	5	\N	\N	\N	\N	20	34	73	f
634	Actualizacin  SAP DEV: Actualizacin Kernel SAP	15	\N	\N	\N	\N	21	34	73	f
635	Actualizacin SAP DEV: Subida de Sistema	5	\N	\N	\N	\N	22	34	73	f
636	Actualizacin  SAP DEV: Pruebas tcnicas	5	\N	\N	\N	\N	23	34	73	f
637	Actualizacin SAP QAS: Bajada de Sistema	5	\N	\N	\N	\N	120	34	74	f
638	Actualizacin  SAP QAS: Actualizacin Kernel SAP	15	\N	\N	\N	\N	121	34	74	f
639	Actualizacin SAP QAS: Subida de Sistema	5	\N	\N	\N	\N	122	34	74	f
640	Actualizacin  SAP QAS: Pruebas tcnicas	5	\N	\N	\N	\N	123	34	74	f
642	Actualizacin  SAP PRD: Actualizacin Kernel SAP	15	\N	\N	\N	\N	221	34	75	f
643	Actualizacin SAP PRD: Subida de Sistema	5	\N	\N	\N	\N	222	34	75	f
644	Actualizacin  SAP PRD: Pruebas tcnicas	5	\N	\N	\N	\N	223	34	75	f
645	Actualizacin  SAP SBX: Bajada de Sistema	5	\N	\N	\N	\N	25	34	76	f
646	Actualizacin  SAP SBX: Actualizacin Kernel SAP	15	\N	\N	\N	\N	26	34	76	f
647	Actualizacin SAP SBX: Subida de Sistema	5	\N	\N	\N	\N	27	34	76	f
648	Actualizacin  SAP SBX: Pruebas tcnicas	5	\N	\N	\N	\N	28	34	76	f
649	Actualizacin SAP BWD: Bajada de Sistema	5	\N	\N	\N	\N	30	34	64	f
650	Actualizacin  SAP BWD: Actualizacin Kernel SAP	15	\N	\N	\N	\N	31	34	64	f
651	Actualizacin SAP BWD:: Subida de Sistema	5	\N	\N	\N	\N	32	34	64	f
652	Actualizacin  SAP BWD: Pruebas tcnicas	5	\N	\N	\N	\N	33	34	64	f
653	Actualizacin SAP BWP: Bajada de Sistema	5	\N	\N	\N	\N	240	34	65	f
654	Actualizacin  SAP BWP: Actualizacin Kernel SAP	15	\N	\N	\N	\N	241	34	65	f
655	Actualizacin SAP BWP: Subida de Sistema	5	\N	\N	\N	\N	242	34	65	f
656	Actualizacin  SAP BWP: Pruebas tcnicas	5	\N	\N	\N	\N	223	34	65	f
657	Actualizacin  SAP EPD: Bajada de Sistema	5	\N	\N	\N	\N	35	34	66	f
658	Actualizacin  SAP EPD: Actualizacin Kernel SAP	15	\N	\N	\N	\N	36	34	66	f
659	Actualizacin SAP EPD: Subida de Sistema	5	\N	\N	\N	\N	37	34	66	f
660	Actualizacin  SAP EPD: Pruebas tcnicas	5	\N	\N	\N	\N	38	34	66	f
661	Actualizacin SAP EPP: Bajada de Sistema	5	\N	\N	\N	\N	230	34	67	f
662	Actualizacin  SAP EPP: Actualizacin Kernel SAP	15	\N	\N	\N	\N	231	34	67	f
663	Actualizacin SAP EPP: Subida de Sistema	5	\N	\N	\N	\N	232	34	67	f
664	Actualizacin  SAP EPP: Pruebas tcnicas	5	\N	\N	\N	\N	233	34	67	f
665	Actualizacin SAP SMA: Bajada de Sistema	5	\N	\N	\N	\N	235	34	68	f
666	Actualizacin  SAP SMA: Actualizacin Kernel SAP	15	\N	\N	\N	\N	236	34	68	f
667	Actualizacin SAP SMA: Subida de Sistema	5	\N	\N	\N	\N	237	34	68	f
668	Actualizacin  SAP SMA: Pruebas tcnicas	5	\N	\N	\N	\N	238	34	68	f
669	Actualizacin  SAP MID: Bajada de Sistema	5	\N	\N	\N	\N	50	34	70	f
670	Actualizacin  SAP MID: Actualizacin Kernel SAP	15	\N	\N	\N	\N	51	34	70	f
671	Actualizacin SAP MID: Subida de Sistema	5	\N	\N	\N	\N	52	34	70	f
672	Actualizacin  SAP MID: Pruebas tcnicas	5	\N	\N	\N	\N	53	34	70	f
641	Actualizacin SAP PRD: Bajada de Sistema	5	\N	\N	\N	\N	220	34	75	f
673	Actualizacin SAP MIP: Bajada de Sistema	5	\N	\N	\N	\N	240	34	71	f
674	Actualizacin  SAP MIP: Actualizacin Kernel SAP	5	\N	\N	\N	\N	241	34	71	f
675	Actualizacin SAP MIP: Subida de Sistema	5	\N	\N	\N	\N	242	34	71	f
676	Actualizacin  SAP MIP: Pruebas tcnicas	5	\N	\N	\N	\N	243	34	72	f
677	Actualizacin SAP ADP: Bajada de Sistema	5	\N	\N	\N	\N	245	34	72	f
827	Parchado DB BWP: Subida de sistema	10	\N	\N	\N	\N	242	38	81	f
678	Actualizacin  SAP ADP: Actualizacin Kernel SAP	15	\N	\N	\N	\N	246	34	72	f
680	Actualizacin  SAP ADP: Pruebas tcnicas	5	\N	\N	\N	\N	248	34	72	f
681	Actualizacin  SAP WDP: Bajada de Sistema	5	\N	\N	\N	\N	250	34	69	f
682	Actualizacin  SAP WDP: Actualizacin Kernel SAP	15	\N	\N	\N	\N	251	34	69	f
683	Actualizacin SAP WDP: Subida de Sistema	5	\N	\N	\N	\N	252	34	69	f
684	Actualizacin  SAP WDP: Pruebas tcnicas	5	\N	\N	\N	\N	253	34	69	f
685	Actualizacin  SAP SDI WDP PRD: Bajada de Sistema	5	\N	\N	\N	\N	220	34	77	f
686	Actualizacin  SAP SDI WDP PRD: Actualizacin Kernel SAP	15	\N	\N	\N	\N	221	34	77	f
687	Actualizacin SAP SDI WDP PRD: Subida de Sistema	5	\N	\N	\N	\N	222	34	77	f
688	Actualizacin  SAP SDI WDP PRD: Pruebas tcnicas	5	\N	\N	\N	\N	223	34	77	f
689	Actualizacin SAP router: Bajada de Sistema	5	\N	\N	\N	\N	225	34	78	f
690	Actualizacin  SAP router: Actualizacin Kernel SAP	5	\N	\N	\N	\N	226	34	78	f
691	Actualizacin SAP router: Subida de Sistema	5	\N	\N	\N	\N	227	34	78	f
692	Actualizacin  SAP router: Pruebas tcnicas	5	\N	\N	\N	\N	228	34	78	f
693	Actualizacin SAP BOE 4.2 PRD: Bajada de Sistema	5	\N	\N	\N	\N	230	34	79	f
694	Actualizacin  SAP BOE 4.2 PRD: Actualizacin Kernel SAP	15	\N	\N	\N	\N	231	34	79	f
695	Actualizacin SAP BOE 4.2 PRD: Subida de Sistema	5	\N	\N	\N	\N	232	34	79	f
696	Actualizacin  SAP BOE 4.2 PRD: Pruebas tcnicas	5	\N	\N	\N	\N	233	34	79	f
697	Actualizacin SAP BOE 4.3 PRD: Bajada de Sistema	5	\N	\N	\N	\N	235	34	80	f
698	Actualizacin  SAP BOE 4.3 PRD: Actualizacin Kernel SAP	15	\N	\N	\N	\N	236	34	80	f
699	Actualizacin SAP BOE 4.3 PRD: Subida de Sistema	5	\N	\N	\N	\N	237	34	80	f
700	Actualizacin  SAP BOE 4.3 PRD: Pruebas tcnicas	5	\N	\N	\N	\N	238	34	80	f
701	Actualizacin SAP BWP: Bajada de Sistema	5	\N	\N	\N	\N	240	34	81	f
702	Actualizacin  SAP BWP: Actualizacin Kernel SAP	15	\N	\N	\N	\N	241	34	81	f
703	Actualizacin SAP BWP: Subida de Sistema	5	\N	\N	\N	\N	242	34	81	f
704	Actualizacin  SAP BWP: Pruebas tcnicas	5	\N	\N	\N	\N	243	34	81	f
679	Actualizacin SAP ADP: Subida de Sistema	5	\N	\N	\N	\N	247	34	72	f
705	Actualizacin SAP SDI DEV: Bajada de Sistema	5	\N	\N	\N	\N	55	34	83	f
706	Actualizacin  SAP SDI DEV: Actualizacin Kernel SAP	15	\N	\N	\N	\N	56	34	83	f
707	Actualizacin SAP SDI DEV: Subida de Sistema	5	\N	\N	\N	\N	57	34	83	f
708	Actualizacin  SAP SDI DEV: Pruebas tcnicas	5	\N	\N	\N	\N	58	34	83	f
709	Actualizacin  SAP Platform Cockpit: Bajada de Sistema	5	\N	\N	\N	\N	230	34	85	f
710	Actualizacin  SAP Platform Cockpit: Actualizacin Kernel SAP	15	\N	\N	\N	\N	231	34	85	f
711	Actualizacin SAP Platform Cockpit: Subida de Sistema	5	\N	\N	\N	\N	232	34	85	f
712	Actualizacin  SAP Platform Cockpit: Pruebas tcnicas	5	\N	\N	\N	\N	233	34	85	f
713	Actualizacin SAP Cloud Connector QAS: Bajada de Sistema	5	\N	\N	\N	\N	110	34	86	f
714	Actualizacin  SAP Cloud Connector QAS: Actualizacin Kernel SAP	15	\N	\N	\N	\N	111	34	86	f
715	Actualizacin SAP Cloud Connector QAS: Subida de Sistema	5	\N	\N	\N	\N	112	34	86	f
716	Actualizacin  SAP Cloud Connector QAS: Pruebas tcnicas	5	\N	\N	\N	\N	113	34	86	f
717	Actualizacin SAP Cloud Connector PRD: Bajada de Sistema	5	\N	\N	\N	\N	240	34	87	f
718	Actualizacin  SAP Cloud Connector PRD: Actualizacin Kernel SAP	15	\N	\N	\N	\N	241	34	87	f
719	Actualizacin SAP Cloud Connector PRD: Subida de Sistema	5	\N	\N	\N	\N	242	34	87	f
720	Actualizacin  SAP Cloud Connector PRD: Pruebas tcnicas	5	\N	\N	\N	\N	243	34	87	f
722	Actualizacin  SAP HANA SDI QAS: Actualizacin Kernel SAP	15	\N	\N	\N	\N	116	34	95	f
721	Actualizacin SAP HANA SDI QAS: Bajada de Sistema	5	\N	\N	\N	\N	115	34	95	f
723	Actualizacin SAP HANA SDI QAS: Subida de Sistema	5	\N	\N	\N	\N	117	34	95	f
724	Actualizacin  SAP HANA SDI QAS: Pruebas tcnicas	5	\N	\N	\N	\N	118	34	95	f
725	Actualizacin SAP HANA SDI PRD: Bajada de Sistema	5	\N	\N	\N	\N	280	34	94	f
726	Actualizacin  SAP HANA SDI PRD: Actualizacin Kernel SAP	15	\N	\N	\N	\N	281	34	94	f
727	Actualizacin SAP HANA SDI PRD: Subida de Sistema	5	\N	\N	\N	\N	282	34	94	f
728	Actualizacin  SAP HANA SDI QAS: Pruebas tcnicas	5	\N	\N	\N	\N	283	34	94	f
729	Actualizacin  Domain Controller: Bajada de Sistema	5	\N	\N	\N	\N	220	34	98	f
730	Actualizacin  Domain Controller Actualizacin Kernel SAP	15	\N	\N	\N	\N	221	34	98	f
731	Actualizacin Domain Controller: Subida de Sistema	5	\N	\N	\N	\N	222	34	98	f
732	Actualizacin  Domain Controller: Pruebas tcnicas	5	\N	\N	\N	\N	223	34	98	f
733	Actualizacin DB SAP: Bajada de Sistema	5	\N	\N	\N	\N	225	34	99	f
734	Actualizacin  DB SAP: Actualizacin Kernel SAP	15	\N	\N	\N	\N	226	34	99	f
735	Actualizacin DB SAP: Subida de Sistema	5	\N	\N	\N	\N	227	34	99	f
736	Actualizacin  DB SAP: Pruebas tcnicas	5	\N	\N	\N	\N	228	34	99	f
737	Actualizacin  Servidor de Respaldo: Bajada de Sistema	5	\N	\N	\N	\N	230	34	100	f
738	Actualizacin  Servidor de Respaldo: Actualizacin Kernel SAP	15	\N	\N	\N	\N	231	34	100	f
739	Actualizacin Servidor de Respaldo: Subida de Sistema	5	\N	\N	\N	\N	232	34	100	f
740	Actualizacin  Servidor de Respaldo: Pruebas tcnicas	5	\N	\N	\N	\N	233	34	100	f
741	Actualizacin Sistemas Carsol: Bajada de Sistema	5	\N	\N	\N	\N	235	34	101	f
742	Actualizacin  Sistemas Carsol: Actualizacin Kernel SAP	15	\N	\N	\N	\N	236	34	101	f
743	Actualizacin Sistemas Carsol: Subida de Sistema	5	\N	\N	\N	\N	237	34	100	f
744	Actualizacin  Sistemas Carsol: Pruebas tcnicas	5	\N	\N	\N	\N	238	34	102	f
745	Actualizacin Sistemas Carsol Facturacin: Bajada de Sistema	5	\N	\N	\N	\N	240	34	102	f
746	Actualizacin  Sistemas Carsol Facturacin: Actualizacin Kernel SAP	5	\N	\N	\N	\N	241	34	102	f
747	Actualizacin Sistemas Carsol Facturacin: Subida de Sistema	5	\N	\N	\N	\N	242	34	102	f
748	Actualizacin  Sistemas Carsol Facturacin: Pruebas tcnicas	5	\N	\N	\N	\N	243	34	102	f
749	Actualizacin Sistema Carsol Per: Bajada de Sistema	5	\N	\N	\N	\N	260	34	106	f
750	Actualizacin  Sistema Carsol Per: Actualizacin Kernel SAP	15	\N	\N	\N	\N	261	34	106	f
751	Actualizacin Sistema Carsol Per: Subida de Sistema	5	\N	\N	\N	\N	262	34	106	f
752	Actualizacin  Sistema Carsol Per: Pruebas tcnicas	5	\N	\N	\N	\N	263	34	106	f
753	Actualizacin SRV-SAPPROD: Bajada de Sistema	5	\N	\N	\N	\N	220	34	107	f
754	Actualizacin  SRV-SAPPROD: Actualizacin Kernel SAP	15	\N	\N	\N	\N	221	34	107	f
755	Actualizacin SRV-SAPPROD: Subida de Sistema	5	\N	\N	\N	\N	222	34	108	f
756	Actualizacin  SRV-SAPPROD: Pruebas tcnicas	5	\N	\N	\N	\N	223	34	107	f
757	Actualizacin SRV-WS-SAP: Bajada de Sistema	5	\N	\N	\N	\N	225	34	108	f
758	Actualizacin  SRV-WS-SAP: Actualizacin Kernel SAP	15	\N	\N	\N	\N	226	34	108	f
759	Actualizacin SRV-WS-SAP: Subida de Sistema	5	\N	\N	\N	\N	227	34	108	f
760	Actualizacin  SRV-WS-SAP: Pruebas tcnicas	5	\N	\N	\N	\N	228	34	108	f
761	Actualizacin  SRV-GOGLOBAL: Bajada de Sistema	5	\N	\N	\N	\N	230	34	109	f
762	Actualizacin  SRV-GOGLOBAL: Actualizacin Kernel SAP	15	\N	\N	\N	\N	231	34	109	f
763	Actualizacin SRV-GOGLOBAL: Subida de Sistema	5	\N	\N	\N	\N	232	34	109	f
764	Actualizacin  SRV-GOGLOBAL: Pruebas tcnicas	5	\N	\N	\N	\N	233	34	109	f
765	Parchado DB DEV: Bajada de sistema	10	\N	\N	\N	\N	10	38	73	f
766	Parchado DB DEV: Parchado	30	\N	\N	\N	\N	11	38	73	f
767	Parchado DB DEV: Subida de sistema	10	\N	\N	\N	\N	12	38	73	f
768	Parchado DB DEV: Pruebas tcnicas	10	\N	\N	\N	\N	13	38	73	f
769	Parchado DB QAS: Bajada de sistema	10	\N	\N	\N	\N	110	38	74	f
770	Parchado DB QAS: Parchado	30	\N	\N	\N	\N	111	38	74	f
771	Parchado DB QAS: Subida de sistema	10	\N	\N	\N	\N	112	38	74	f
772	Parchado DB QAS: Pruebas tcnicas	10	\N	\N	\N	\N	113	38	74	f
777	Parchado DB SBX: Bajada de sistema	10	\N	\N	\N	\N	15	38	76	f
778	Parchado DB SBX: Parchado	30	\N	\N	\N	\N	16	38	76	f
779	Parchado DB SBX: Subida de sistema	10	\N	\N	\N	\N	17	38	76	f
780	Parchado DB SBX: Pruebas tcnicas	10	\N	\N	\N	\N	18	38	76	f
773	Parchado DB PRD: Bajada de sistema	10	\N	\N	\N	\N	290	38	75	f
774	Parchado DB PRD: Parchado	30	\N	\N	\N	\N	291	38	75	f
775	Parchado DB PRD: Subida de sistema	10	\N	\N	\N	\N	292	38	75	f
776	Parchado DB PRD: Pruebas tcnicas	10	\N	\N	\N	\N	293	38	75	f
781	Parchado DB BWD: Bajada de sistema	10	\N	\N	\N	\N	20	38	64	f
782	Parchado DB BWD: Parchado	30	\N	\N	\N	\N	21	38	64	f
783	Parchado DB BWD: Subida de sistema	10	\N	\N	\N	\N	22	38	64	f
784	Parchado DB BWD: Pruebas tcnicas	23	\N	\N	\N	\N	23	38	64	f
785	Parchado DB BWP: Bajada de sistema	10	\N	\N	\N	\N	210	38	65	f
786	Parchado DB BWP: Parchado	30	\N	\N	\N	\N	211	38	65	f
787	Parchado DB BWP: Subida de sistema	10	\N	\N	\N	\N	212	38	65	f
788	Parchado DB BWP: Pruebas tcnicas	10	\N	\N	\N	\N	213	38	65	f
789	Parchado DB EPD: Bajada de sistema	10	\N	\N	\N	\N	25	38	66	f
790	Parchado DB EPD: Parchado	30	\N	\N	\N	\N	26	38	66	f
791	Parchado DB EPD: Subida de sistema	10	\N	\N	\N	\N	27	38	66	f
792	Parchado DB EPD: Pruebas tcnicas	10	\N	\N	\N	\N	28	38	66	f
795	Parchado DB EPP: Subida de sistema	10	\N	\N	\N	\N	217	38	67	f
796	Parchado DB EPP: Pruebas tcnicas	10	\N	\N	\N	\N	218	38	67	f
793	Parchado DB EPP: Bajada de sistema	10	\N	\N	\N	\N	215	38	67	f
794	Parchado DB EPP: Parchado	30	\N	\N	\N	\N	216	38	67	f
797	Parchado DB SMA: Bajada de sistema	10	\N	\N	\N	\N	230	38	68	f
798	Parchado DB SMA: Parchado	30	\N	\N	\N	\N	231	38	68	f
800	Parchado DB SMA: Pruebas tcnicas	10	\N	\N	\N	\N	233	38	68	f
799	Parchado DB SMA: Subida de sistema	10	\N	\N	\N	\N	232	38	68	f
801	Parchado DB MID: Bajada de sistema	10	\N	\N	\N	\N	30	38	70	f
802	Parchado DB MID: Parchado	30	\N	\N	\N	\N	31	38	70	f
803	Parchado DB MID: Subida de sistema	10	\N	\N	\N	\N	32	38	70	f
804	Parchado DB MID: Pruebas tcnicas	10	\N	\N	\N	\N	33	38	70	f
805	Parchado DB MIP: Bajada de sistema	10	\N	\N	\N	\N	230	38	71	f
806	Parchado DB MIP: Parchado	30	\N	\N	\N	\N	231	38	71	f
807	Parchado DB MIP: Subida de sistema	10	\N	\N	\N	\N	232	38	71	f
808	Parchado DB MIP: Pruebas tcnicas	10	\N	\N	\N	\N	233	38	71	f
809	Parchado DB ADP: Bajada de sistema	10	\N	\N	\N	\N	235	38	72	f
810	Parchado DB ADP: Parchado	30	\N	\N	\N	\N	236	38	72	f
811	Parchado DB ADP: Subida de sistema	10	\N	\N	\N	\N	237	38	72	f
812	Parchado DB ADP: Pruebas tcnicas	10	\N	\N	\N	\N	238	38	72	f
813	Parchado DB SAP SDI-WDP: Bajada de sistema	10	\N	\N	\N	\N	220	38	77	f
814	Parchado DB SAP SDI-WDP: Parchado	30	\N	\N	\N	\N	221	38	77	f
815	Parchado DB SAP SDI-WDP: Subida de sistema	10	\N	\N	\N	\N	222	38	77	f
816	Parchado DB SAP SDI-WDP: Pruebas tcnicas	10	\N	\N	\N	\N	223	38	77	f
817	Parchado DB BOE 4.2 PRD: router: Bajada de sistema	10	\N	\N	\N	\N	230	38	79	f
818	Parchado DB BOE 4.2 PRD: Parchado	30	\N	\N	\N	\N	231	38	79	f
819	Parchado DB BOE 4.2 PRD: Subida de sistema	10	\N	\N	\N	\N	232	38	79	f
820	Parchado DB BOE 4.2 PRD: Pruebas tcnicas	10	\N	\N	\N	\N	233	38	79	f
821	Parchado DB BOE 4.3 PRD: Bajada de sistema	10	\N	\N	\N	\N	235	38	80	f
822	Parchado DB DB BOE 4.3 PRD: Parchado	30	\N	\N	\N	\N	236	38	80	f
823	Parchado DB DB BOE 4.3 PRD: Subida de sistema	10	\N	\N	\N	\N	237	38	80	f
824	Parchado DB DB BOE 4.3 PRD: Pruebas tcnicas	10	\N	\N	\N	\N	238	38	80	f
825	Parchado DB BWP: Bajada de sistema	10	\N	\N	\N	\N	240	38	81	f
826	Parchado DB BWP: Parchado	30	\N	\N	\N	\N	241	38	81	f
829	Parchado DB BWD:  Bajada de sistema	10	\N	\N	\N	\N	40	38	82	f
830	Parchado DB BWD: Parchado	30	\N	\N	\N	\N	41	38	82	f
831	Parchado DB BWD: Subida de sistema	10	\N	\N	\N	\N	43	38	82	f
832	Parchado DB BWD: Pruebas tcnicas	10	\N	\N	\N	\N	43	38	82	f
833	Parchado DB SAP SDI DEV: Bajada de sistema	10	\N	\N	\N	\N	45	38	83	f
834	Parchado DB SAP SDI DEV: Parchado	30	\N	\N	\N	\N	46	38	83	f
835	Parchado DB SAP SDI DEV: Subida de sistema	10	\N	\N	\N	\N	47	37	83	f
836	Parchado DB SAP SDI DEV: Pruebas tcnicas	10	\N	\N	\N	\N	48	38	83	f
837	Parchado DB CloudEndure PRD: Bajada de sistema	10	\N	\N	\N	\N	245	38	84	f
838	Parchado DB CloudEndure PRD: Parchado	30	\N	\N	\N	\N	246	38	84	f
839	Parchado DB CloudEndure PRD: Subida de sistema	10	\N	\N	\N	\N	247	38	84	f
840	Parchado DB CloudEndure PRD: Pruebas tcnicas	10	\N	\N	\N	\N	248	38	84	f
841	Parchado DB SAP HANA SDI QAS: Bajada de sistema	10	\N	\N	\N	\N	130	38	95	f
842	Parchado DB SAP HANA SDI QAS: Parchado	30	\N	\N	\N	\N	131	38	95	f
843	Parchado DB SAP HANA SDI QAS: Subida de sistema	10	\N	\N	\N	\N	132	38	95	f
844	Parchado DB SAP HANA SDI QAS: Pruebas tcnicas	10	\N	\N	\N	\N	133	38	95	f
845	Parchado DB SAP HANA SDI PRD: Bajada de sistema	10	\N	\N	\N	\N	250	38	94	f
846	Parchado DB SAP HANA SDI PRD: Parchado	30	\N	\N	\N	\N	251	38	94	f
847	Parchado DB SAP HANA SDI PRD: Subida de sistema	10	\N	\N	\N	\N	252	38	94	f
848	Parchado DB SAP HANA SDI PRD: Pruebas tcnicas	10	\N	\N	\N	\N	253	38	94	f
849	Parchado DB SAP : Bajada de sistema	10	\N	\N	\N	\N	230	38	99	f
850	Parchado DB SAP : Parchado	30	\N	\N	\N	\N	231	38	99	f
851	Parchado DB SAP : Subida de sistema	10	\N	\N	\N	\N	232	38	99	f
852	Parchado DB SAP : Pruebas tcnicas	10	\N	\N	\N	\N	233	38	99	f
853	Parchado DB Servidor de Respaldo: Bajada de sistema	10	\N	\N	\N	\N	235	38	100	f
854	Parchado DB Servidor de Respaldo: Parchado	30	\N	\N	\N	\N	236	38	100	f
855	Parchado DB Servidor de Respaldo: Subida de sistema	10	\N	\N	\N	\N	237	38	100	f
856	Parchado DB Servidor de Respaldo: Pruebas tcnicas	10	\N	\N	\N	\N	238	38	100	f
857	Parchado DB Sistemas Carsol: Bajada de sistema	10	\N	\N	\N	\N	240	38	101	f
858	Parchado DB Sistemas Carsol: Parchado	30	\N	\N	\N	\N	241	38	101	f
859	Parchado DB Sistemas Carsol: Subida de sistema	10	\N	\N	\N	\N	242	38	101	f
860	Parchado DB Sistemas Carsol: Pruebas tcnicas	10	\N	\N	\N	\N	243	38	101	f
861	Parchado DB Facturacin Carsol: Bajada de sistema	10	\N	\N	\N	\N	245	38	102	f
862	Parchado DB Facturacin Carsol: Parchado	30	\N	\N	\N	\N	246	38	102	f
863	Parchado DB Facturacin Carsol: Subida de sistema	10	\N	\N	\N	\N	247	38	102	f
864	Parchado DB Facturacin Carsol: Pruebas tcnicas	10	\N	\N	\N	\N	248	38	102	f
865	Parchado DB Sistema Carsol Per : Bajada de sistema	10	\N	\N	\N	\N	255	38	106	f
866	Parchado DB Sistema Carsol Per : Parchado	30	\N	\N	\N	\N	256	38	106	f
867	Parchado DB Sistema Carsol Per : Subida de sistema	10	\N	\N	\N	\N	257	38	106	f
868	Parchado DB Sistema Carsol Per : Pruebas tcnicas	10	\N	\N	\N	\N	258	38	106	f
869	Parchado DB SRV-SAPPROD: Bajada de sistema	10	\N	\N	\N	\N	230	38	107	f
870	Parchado DB SRV-SAPPROD: Parchado	30	\N	\N	\N	\N	231	38	107	f
871	Parchado DB SRV-SAPPROD: Subida de sistema	10	\N	\N	\N	\N	232	38	107	f
872	Parchado DB SRV-SAPPROD: Pruebas tcnicas	10	\N	\N	\N	\N	233	38	107	f
873	Parchado DB SRV-WS-SAP: Bajada de sistema	10	\N	\N	\N	\N	235	38	108	f
874	Parchado DB SRV-WS-SAP: Parchado	30	\N	\N	\N	\N	237	38	108	f
875	Parchado DB SRV-WS-SAP: Subida de sistema	10	\N	\N	\N	\N	237	38	108	f
876	Parchado DB SRV-WS-SAP: Pruebas tcnicas	10	\N	\N	\N	\N	238	38	108	f
877	Parchado DB SRV-GOGLOBAL Bajada de sistema	10	\N	\N	\N	\N	240	38	109	f
878	Parchado DB SRV-GOGLOBAL Parchado	30	\N	\N	\N	\N	241	38	109	f
879	Parchado DB SRV-GOGLOBAL Subida de sistema	10	\N	\N	\N	\N	242	38	109	f
880	Parchado DB SRV-GOGLOBAL Pruebas tcnicas	10	\N	\N	\N	\N	243	38	109	f
881	Parchado DB SAP BWD: Bajada de sistema	10	\N	\N	\N	\N	40	38	112	f
882	Parchado DB SAP BWD: Parchado	30	\N	\N	\N	\N	41	38	112	f
883	Parchado DB SAP BWD: Subida de sistema	10	\N	\N	\N	\N	42	38	112	f
884	Parchado DB SAP BWD: Pruebas tcnicas	10	\N	\N	\N	\N	43	38	112	f
885	Parchado DB SAP EPD: Bajada de sistema	10	\N	\N	\N	\N	45	38	113	f
886	Parchado DB SAP EPD: Parchado	30	\N	\N	\N	\N	46	38	113	f
887	Parchado DB SAP EPD: Subida de sistema	10	\N	\N	\N	\N	47	38	113	f
888	Parchado DB SAP EPD: Pruebas tcnicas	10	\N	\N	\N	\N	48	38	113	f
889	Parchado DB SAP EPQ: Bajada de sistema	10	\N	\N	\N	\N	140	38	114	f
890	Parchado DB SAP EPQ: Parchado	30	\N	\N	\N	\N	141	38	114	f
891	Parchado DB SAP EPQ: Subida de sistema	10	\N	\N	\N	\N	142	38	114	f
892	Parchado DB SAP EPQ: Pruebas tcnicas	10	\N	\N	\N	\N	143	38	114	f
893	Parchado DB SAP POD: Bajada de sistema	10	\N	\N	\N	\N	50	38	115	f
894	Parchado DB SAP POD: Parchado	30	\N	\N	\N	\N	51	38	115	f
895	Parchado DB SAP POD: Subida de sistema	10	\N	\N	\N	\N	52	38	115	f
896	Parchado DB SAP POD: Pruebas tcnicas	10	\N	\N	\N	\N	53	38	115	f
897	Parchado DB SAP TRX DEV: Bajada de sistema	10	\N	\N	\N	\N	55	38	116	f
898	Parchado DB SAP TRX DEV: Parchado	30	\N	\N	\N	\N	56	38	116	f
899	Parchado DB SAP TRX DEV: Subida de sistema	10	\N	\N	\N	\N	57	38	116	f
900	Parchado DB SAP TRX DEV: Pruebas tcnicas	10	\N	\N	\N	\N	58	38	117	f
901	Parchado DB SAP ERP EHP4: Bajada de sistema	10	\N	\N	\N	\N	145	38	117	f
902	Parchado DB SAP ERP EHP4: Parchado	30	\N	\N	\N	\N	146	38	117	f
903	Parchado DB SAP ERP EHP4: Subida de sistema	10	\N	\N	\N	\N	147	38	117	f
904	Parchado DB SAP ERP EHP4: Pruebas tcnicas	10	\N	\N	\N	\N	148	38	117	f
905	Parchado DB SAP BWP: Bajada de sistema	10	\N	\N	\N	\N	240	38	119	f
906	Parchado DB SAP BWP: Parchado	30	\N	\N	\N	\N	241	38	119	f
907	Parchado DB SAP BWP: Subida de sistema	10	\N	\N	\N	\N	242	38	119	f
908	Parchado DB SAP BWP: Pruebas tcnicas	10	\N	\N	\N	\N	243	38	119	f
909	Parchado DB NODO 1 BD INP: Bajada de sistema	10	\N	\N	\N	\N	245	38	120	f
910	Parchado DB NODO 1 BD INP: Parchado	30	\N	\N	\N	\N	246	38	120	f
911	Parchado DB NODO 1 BD INP: Subida de sistema	10	\N	\N	\N	\N	247	38	120	f
912	Parchado DB NODO 1 BD INP: Pruebas tcnicas	10	\N	\N	\N	\N	248	38	120	f
913	Parchado DB NODO 2 BD INP: Bajada de sistema	10	\N	\N	\N	\N	250	38	121	f
914	Parchado DB NODO 2 BD INP: Parchado	30	\N	\N	\N	\N	251	38	121	f
915	Parchado DB NODO 2 BD INP: Pruebas tcnicas	10	\N	\N	\N	\N	253	38	121	f
916	Parchado DB SAP ERP EHP8 INP APP1: Bajada de sistema	10	\N	\N	\N	\N	255	38	122	f
917	Parchado DB SAP ERP EHP8 INP APP1: Parchado	30	\N	\N	\N	\N	256	38	122	f
918	Parchado DB SAP ERP EHP8 INP APP1: Subida de sistema	10	\N	\N	\N	\N	257	38	122	f
919	Parchado DB SAP ERP EHP8 INP APP1: Pruebas tcnicas	10	\N	\N	\N	\N	258	38	123	f
920	Parchado DB SAP ERP EHP8 INP APP2: Bajada de sistema	10	\N	\N	\N	\N	260	38	123	f
921	Parchado DB SAP ERP EHP8 INP APP2: Parchado	30	\N	\N	\N	\N	261	38	123	f
922	Parchado DB SAP ERP EHP8 INP APP2: Subida de sistema	10	\N	\N	\N	\N	262	38	123	f
923	Parchado DB SAP ERP EHP8 INP APP2: Pruebas tcnicas	10	\N	\N	\N	\N	263	38	123	f
924	Parchado DB SAP ERP EHP8 INP APP3: Bajada de sistema	10	\N	\N	\N	\N	265	38	124	f
925	Parchado DB SAP ERP EHP8 INP APP3: Parchado	30	\N	\N	\N	\N	266	38	124	f
926	Parchado DB SAP ERP EHP8 INP APP3: Subida de sistema	10	\N	\N	\N	\N	167	38	124	f
927	Parchado DB SAP ERP EHP8 INP APP3: Pruebas tcnicas	10	\N	\N	\N	\N	268	38	124	f
928	Parchado DB SAP ERP EHP8 INP Central: Bajada de sistema	10	\N	\N	\N	\N	270	38	125	f
929	Parchado DB SAP ERP EHP8 INP Central: Parchado	30	\N	\N	\N	\N	271	38	125	f
930	Parchado DB SAP ERP EHP8 INP Central: Subida de sistema	10	\N	\N	\N	\N	272	38	125	f
931	Parchado DB SAP ERP EHP8 INP Central: Pruebas tcnicas	10	\N	\N	\N	\N	273	38	125	f
932	Parchado DB EPP: Bajada de sistema	10	\N	\N	\N	\N	275	38	126	f
933	Parchado DB EPP: Parchado	30	\N	\N	\N	\N	276	38	126	f
934	Parchado DB EPP: Subida de sistema	10	\N	\N	\N	\N	277	38	127	f
935	Parchado DB EPP: Pruebas tcnicas	10	\N	\N	\N	\N	278	38	126	f
936	Parchado DB POP: Bajada de sistema	10	\N	\N	\N	\N	280	38	127	f
937	Parchado DB POP: Parchado	30	\N	\N	\N	\N	281	38	127	f
938	Parchado DB POP: Subida de sistema	10	\N	\N	\N	\N	282	38	127	f
939	Parchado DB POP: Pruebas tcnicas	10	\N	\N	\N	\N	283	37	127	f
940	Parchado DB SAP TRX PRD: Bajada de sistema	10	\N	\N	\N	\N	285	38	129	f
941	Parchado DB SAP TRX PRD: Parchado	30	\N	\N	\N	\N	286	38	129	f
942	Parchado DB SAP TRX: Subida de sistema	10	\N	\N	\N	\N	287	38	129	f
943	Parchado DB SAP TRX: Pruebas tcnicas	10	\N	\N	\N	\N	288	38	129	f
944	Parchado DB SML: Bajada de sistema	10	\N	\N	\N	\N	290	38	130	f
945	Parchado DB SML: Parchado	30	\N	\N	\N	\N	291	38	130	f
946	Parchado DB SML:  Subida de sistema	10	\N	\N	\N	\N	292	38	130	f
947	Parchado DB SML: Pruebas tcnicas	10	\N	\N	\N	\N	293	38	131	f
948	Parchado DB Servidor Respaldo: Bajada de sistema	10	\N	\N	\N	\N	295	37	131	f
949	Parchado DB Servidor Respaldo: Parchado	30	\N	\N	\N	\N	296	38	131	f
950	Parchado DB Servidor Respaldo: Subida de sistema	10	\N	\N	\N	\N	297	38	131	f
951	Parchado DB Servidor Respaldo: Pruebas tcnicas	10	\N	\N	\N	\N	298	38	131	f
953	Actualizacin SAP BWD: Actualizacin Kernel SAP	15	\N	\N	\N	\N	31	34	112	f
954	Actualizacin SAP BWD: Subida de sistema	5	\N	\N	\N	\N	32	34	112	f
956	Actualizacin SAP EPD: Bajada de sistema	5	\N	\N	\N	\N	35	34	113	f
957	Actualizacin SAP EPD: Actualizacin Kernel SAP	15	\N	\N	\N	\N	36	34	113	f
958	Actualizacin SAP EPD: Subida de sistema	5	\N	\N	\N	\N	37	34	113	f
959	Actualizacin SAP EPD: Pruebas tcnicas	5	\N	\N	\N	\N	38	34	114	f
960	Actualizacin SAP EPQ: Bajada de sistema	5	\N	\N	\N	\N	130	34	114	f
961	Actualizacin SAP EPQ: Actualizacin Kernel SAP	15	\N	\N	\N	\N	131	34	114	f
962	Actualizacin SAP EPQ: Subida de sistema	5	\N	\N	\N	\N	132	34	114	f
963	Actualizacin SAP EPQ: Pruebas tcnicas	5	\N	\N	\N	\N	133	34	114	f
952	Actualizacin SAP BWD: Bajada de sistema	5	\N	\N	\N	\N	30	34	112	f
955	Actualizacin SAP BWD: Pruebas tcnicas	5	\N	\N	\N	\N	33	34	112	f
964	Actualizacin SAP POD: Bajada de sistema	5	\N	\N	\N	\N	40	34	115	f
965	Actualizacin SAP POD: Actualizacin Kernel SAP	15	\N	\N	\N	\N	41	34	115	f
966	Actualizacin SAP POD: Subida de sistema	5	\N	\N	\N	\N	42	34	115	f
967	Actualizacin SAP POD: Pruebas tcnicas	5	\N	\N	\N	\N	43	34	115	f
968	Actualizacin SAP TRX DEV: Bajada de sistema	5	\N	\N	\N	\N	45	34	116	f
969	Actualizacin SAP TRX DEV: Actualizacin Kernel SAP	15	\N	\N	\N	\N	46	34	116	f
970	Actualizacin SAP TRX DEV: Subida de sistema	5	\N	\N	\N	\N	47	34	116	f
971	Actualizacin SAP TRX DEV: Pruebas tcnicas	5	\N	\N	\N	\N	48	34	116	f
972	Actualizacin SAP ERP EHP4: Bajada de sistema	5	\N	\N	\N	\N	135	34	117	f
973	Actualizacin SAP ERP EHP4Actualizacin Kernel SAP	15	\N	\N	\N	\N	136	34	117	f
974	Actualizacin SAP ERP EHP4: Subida de sistema	5	\N	\N	\N	\N	137	34	117	f
975	Actualizacin SAP ERP EHP4: Pruebas tcnicas	5	\N	\N	\N	\N	138	34	117	f
976	Actualizacin SAP BWP: Bajada de sistema	5	\N	\N	\N	\N	230	34	119	f
977	Actualizacin SAP BWP: Actualizacin Kernel SAP	15	\N	\N	\N	\N	231	34	119	f
978	Actualizacin SAP BWP: Subida de sistema	5	\N	\N	\N	\N	232	34	119	f
979	Actualizacin SAP BWP: Pruebas tcnicas	5	\N	\N	\N	\N	233	34	119	f
980	Actualizacin NODO 1 BD INP: Bajada de sistema	5	\N	\N	\N	\N	235	34	120	f
981	Actualizacin NODO 1 BD INP: Actualizacin Kernel SAP	15	\N	\N	\N	\N	236	34	120	f
982	Actualizacin NODO 1 BD INP: Subida de sistema	5	\N	\N	\N	\N	237	34	120	f
983	Actualizacin NODO 1 BD INP: Pruebas tcnicas	5	\N	\N	\N	\N	238	34	120	f
984	Actualizacin NODO 2 BD INP: Bajada de sistema	5	\N	\N	\N	\N	240	34	121	f
985	Actualizacin NODO 2 BD INPActualizacin Kernel SAP	15	\N	\N	\N	\N	241	34	121	f
986	Actualizacin NODO 2 BD INP: Subida de sistema	5	\N	\N	\N	\N	242	34	121	f
987	Actualizacin NODO 2 BD INP: Pruebas tcnicas	5	\N	\N	\N	\N	243	34	121	f
988	Actualizacin SAP ERP EHP8 INP APP1: Bajada de sistema	5	\N	\N	\N	\N	245	34	122	f
989	Actualizacin SAP ERP EHP8 INP APP1: Actualizacin Kernel SAP	15	\N	\N	\N	\N	246	34	122	f
990	Actualizacin SAP ERP EHP8 INP APP1: Subida de sistema	5	\N	\N	\N	\N	247	34	122	f
991	Actualizacin SAP ERP EHP8 INP APP1: Pruebas tcnicas	5	\N	\N	\N	\N	248	34	122	f
992	Actualizacin SAP ERP EHP8 INP APP2: Bajada de sistema	5	\N	\N	\N	\N	250	34	123	f
993	Actualizacin SAP ERP EHP8 INP APP2: Actualizacin Kernel SAP	15	\N	\N	\N	\N	251	34	123	f
994	Actualizacin SAP ERP EHP8 INP APP2: Subida de sistema	5	\N	\N	\N	\N	252	34	123	f
995	Actualizacin SAP ERP EHP8 INP APP2: Pruebas tcnicas	5	\N	\N	\N	\N	253	34	123	f
996	Actualizacin SAP ERP EHP8 INP APP3: Bajada de sistema	5	\N	\N	\N	\N	255	34	124	f
997	Actualizacin SAP ERP EHP8 INP APP3Actualizacin Kernel SAP	15	\N	\N	\N	\N	256	34	124	f
998	Actualizacin SAP ERP EHP8 INP APP3: Subida de sistema	5	\N	\N	\N	\N	257	34	124	f
999	Actualizacin SAP ERP EHP8 INP APP3: Pruebas tcnicas	5	\N	\N	\N	\N	258	34	124	f
1000	Actualizacin SAP ERP EHP8 INP Central: Bajada de sistema	5	\N	\N	\N	\N	260	34	125	f
1001	Actualizacin SAP ERP EHP8 INP CentralActualizacin Kernel SAP	15	\N	\N	\N	\N	261	34	125	f
1002	Actualizacin SAP ERP EHP8 INP Central: Subida de sistema	5	\N	\N	\N	\N	262	34	125	f
1003	Actualizacin SAP ERP EHP8 INP Central: Pruebas tcnicas	5	\N	\N	\N	\N	263	34	125	f
1004	Actualizacin EPP: Bajada de sistema	5	\N	\N	\N	\N	265	34	126	f
1005	Actualizacin EPP: Actualizacin Kernel SAP	15	\N	\N	\N	\N	266	34	126	f
1006	Actualizacin EPP: Subida de sistema	5	\N	\N	\N	\N	267	34	126	f
1007	Actualizacin  POP: Bajada de sistema	5	\N	\N	\N	\N	270	34	127	f
1008	Actualizacin  POP: Actualizacin Kernel SAP	15	\N	\N	\N	\N	271	34	127	f
1009	Actualizacin  POP: Subida de sistema	5	\N	\N	\N	\N	272	34	127	f
1010	Actualizacin  POP: Pruebas tcnicas	5	\N	\N	\N	\N	273	34	127	f
1011	Actualizacin  SAP TRX: Bajada de sistema	5	\N	\N	\N	\N	275	34	129	f
1012	Actualizacin  SAP TRXActualizacin Kernel SAP	15	\N	\N	\N	\N	276	34	129	f
1013	Actualizacin  SAP TRX: Subida de sistema	5	\N	\N	\N	\N	277	34	129	f
1014	Actualizacin  SAP TRX: Pruebas tcnicas	5	\N	\N	\N	\N	278	34	129	f
1015	Actualizacin  SML: Bajada de sistema	5	\N	\N	\N	\N	280	34	130	f
1016	Actualizacin  SML: Actualizacin Kernel SAP	15	\N	\N	\N	\N	281	34	130	f
1017	Actualizacin  SML:  Subida de sistema	5	\N	\N	\N	\N	282	34	130	f
1018	Actualizacin  SML: Pruebas tcnicas	5	\N	\N	\N	\N	283	34	130	f
1019	Actualizacin  Servidor Respaldo: Bajada de sistema	5	\N	\N	\N	\N	285	34	131	f
1020	Actualizacin  Servidor RespaldoActualizacin Kernel SAP	5	\N	\N	\N	\N	286	34	131	f
1021	Actualizacin  Servidor Respaldo: Subida de sistema	5	\N	\N	\N	\N	287	34	131	f
1022	Actualizacin  Servidor Respaldo: Pruebas tcnicas	5	\N	\N	\N	\N	288	34	131	f
1023	Actualizacin  SAP BWD: Bajada de sistema	5	\N	\N	\N	\N	40	37	112	f
1024	Actualizacin  SAP BWD: Actualizacin OS	30	\N	\N	\N	\N	41	37	112	f
1025	Actualizacin  SAP BWD: Reinicio Servidor	30	\N	\N	\N	\N	42	37	112	f
1026	Actualizacin  SAP BWD: Subida de sistema	5	\N	\N	\N	\N	43	37	112	f
1027	Actualizacin  SAP EPD: Bajada de sistema	5	\N	\N	\N	\N	45	37	113	f
1028	Actualizacin  SAP EPD: Actualizacin OS	30	\N	\N	\N	\N	46	37	113	f
1029	Actualizacin  SAP EPD: Reinicio Servidor	30	\N	\N	\N	\N	47	37	113	f
1030	Actualizacin  SAP EPD: Subida de sistema	5	\N	\N	\N	\N	48	37	113	f
1031	Actualizacin  SAP EPQ: Bajada de sistema	5	\N	\N	\N	\N	140	37	114	f
1032	Actualizacin  SAP EPQ: Actualizacin OS	30	\N	\N	\N	\N	141	37	115	f
1033	Actualizacin  SAP EPQ: Reinicio Servidor	30	\N	\N	\N	\N	142	34	114	f
1034	Actualizacin  SAP EPQ: Subida de sistema	5	\N	\N	\N	\N	143	37	114	f
1035	Actualizacin  SAP POD: Bajada de sistema	5	\N	\N	\N	\N	50	37	115	f
1036	Actualizacin  SAP POD: Actualizacin OS	30	\N	\N	\N	\N	51	37	115	f
1037	Actualizacin  SAP POD: Reinicio Servidor	30	\N	\N	\N	\N	52	37	115	f
1038	Actualizacin  SAP POD: Subida de sistema	5	\N	\N	\N	\N	53	37	115	f
1039	Actualizacin  SAP POD: Subida de sistema	5	\N	\N	\N	\N	53	37	115	f
1040	Actualizacin  SAP TRX DEV: Bajada de sistema	5	\N	\N	\N	\N	55	34	116	f
1041	Actualizacin  SAP TRX DEVActualizacin OS	30	\N	\N	\N	\N	56	37	116	f
1042	Actualizacin  SAP TRX DEV: Reinicio Servidor	30	\N	\N	\N	\N	57	37	116	f
1043	Actualizacin  SAP TRX DEV: Subida de sistema	5	\N	\N	\N	\N	58	34	115	f
1044	Actualizacin  SAP ERP EHP4: Bajada de sistema	5	\N	\N	\N	\N	145	37	117	f
1045	Actualizacin  SAP ERP EHP4Actualizacin OS	30	\N	\N	\N	\N	146	37	117	f
1046	Actualizacin  SAP ERP EHP4: Reinicio Servidor	30	\N	\N	\N	\N	147	37	117	f
1047	Actualizacin  SAP ERP EHP4: Subida de sistema	5	\N	\N	\N	\N	148	37	117	f
1048	Actualizacin  SAP BWP: Bajada de sistema	5	\N	\N	\N	\N	230	37	119	f
1049	Actualizacin  SAP BWPActualizacin OS	30	\N	\N	\N	\N	231	37	119	f
1050	Actualizacin  SAP BWP: Reinicio Servidor	30	\N	\N	\N	\N	232	37	119	f
1051	Actualizacin  SAP BWP: Subida de sistema	5	\N	\N	\N	\N	233	37	119	f
1052	Actualizacin  NODO 1 BD INP: Bajada de sistema	5	\N	\N	\N	\N	235	37	120	f
1053	Actualizacin  NODO 1 BD INPActualizacin OS	30	\N	\N	\N	\N	236	37	121	f
1054	Actualizacin  NODO 1 BD INP: Reinicio Servidor	30	\N	\N	\N	\N	237	37	120	f
1055	Actualizacin  NODO 1 BD INP: Subida de sistema	5	\N	\N	\N	\N	238	37	120	f
1056	Actualizacin  NODO 2 BD INP: Bajada de sistema	5	\N	\N	\N	\N	240	37	121	f
1057	Actualizacin  NODO 2 BD INPActualizacin OS	30	\N	\N	\N	\N	241	37	121	f
1058	Actualizacin  NODO 2 BD INP: Reinicio Servidor	30	\N	\N	\N	\N	242	37	121	f
1059	Actualizacin  NODO 2 BD INP: Subida de sistema	5	\N	\N	\N	\N	243	37	121	f
1060	Actualizacin  SAP ERP EHP8 INP APP1: Bajada de sistema	5	\N	\N	\N	\N	245	37	122	f
1061	Actualizacin  SAP ERP EHP8 INP APP1Actualizacin OS	30	\N	\N	\N	\N	246	37	122	f
1062	Actualizacin  SAP ERP EHP8 INP APP1: Subida de sistema	30	\N	\N	\N	\N	247	37	122	f
1063	Actualizacin  SAP ERP EHP8 INP APP1: Reinicio Servidor	5	\N	\N	\N	\N	248	37	122	f
1064	Actualizacin  SAP ERP EHP8 INP APP2: Bajada de sistema	5	\N	\N	\N	\N	250	37	123	f
1065	Actualizacin  SAP ERP EHP8 INP APP2Actualizacin OS	30	\N	\N	\N	\N	251	37	123	f
1066	Actualizacin  SAP ERP EHP8 INP APP2: Reinicio Servidor	30	\N	\N	\N	\N	252	37	123	f
1067	Actualizacin  SAP ERP EHP8 INP APP2: Subida de sistema	5	\N	\N	\N	\N	253	37	123	f
1068	Actualizacin  SAP ERP EHP8 INP APP3: Bajada de sistema	5	\N	\N	\N	\N	255	37	124	f
1069	Actualizacin  SAP ERP EHP8 INP APP3Actualizacin OS	30	\N	\N	\N	\N	256	37	124	f
1071	Actualizacin  SAP ERP EHP8 INP APP3: Reinicio Servidor	30	\N	\N	\N	\N	257	37	124	f
1070	Actualizacin  SAP ERP EHP8 INP APP3: Subida de sistema	5	\N	\N	\N	\N	258	37	124	f
1072	Actualizacin  SAP ERP EHP8 INP Central: Bajada de sistema	5	\N	\N	\N	\N	260	37	125	f
1073	Actualizacin  SAP ERP EHP8 INP CentralActualizacin OS	30	\N	\N	\N	\N	261	37	125	f
1074	Actualizacin  SAP ERP EHP8 INP Central: Reinicio Servidor	30	\N	\N	\N	\N	262	37	125	f
1075	Actualizacin  SAP ERP EHP8 INP Central: Subida de sistema	5	\N	\N	\N	\N	263	37	125	f
1076	Actualizacin  EPP: Bajada de sistema	5	\N	\N	\N	\N	265	37	126	f
1077	Actualizacin  EPP: Actualizacin OS	30	\N	\N	\N	\N	266	37	126	f
1078	Actualizacin  EPP: Reinicio Servidor	30	\N	\N	\N	\N	267	37	126	f
1079	Actualizacin  EPP: Subida de sistema	5	\N	\N	\N	\N	268	37	126	f
1080	Actualizacin  POP: Bajada de sistema	5	\N	\N	\N	\N	270	37	127	f
1082	Actualizacin  POP: Reinicio Servidor	30	\N	\N	\N	\N	272	37	127	f
1081	Actualizacin  POP: Actualizacin OS	30	\N	\N	\N	\N	271	37	127	f
1083	Actualizacin  POP: Subida de sistema	5	\N	\N	\N	\N	273	37	127	f
1084	Actualizacin  SAP TRX PRD : Bajada de sistema	5	\N	\N	\N	\N	275	37	129	f
1085	Actualizacin  SAP TRX PRD: Actualizacin OS	30	\N	\N	\N	\N	276	37	130	f
1086	Actualizacin  SAP TRX: Reinicio Servidor	30	\N	\N	\N	\N	277	37	129	f
1087	Actualizacin  SAP TRX: Subida de sistema	5	\N	\N	\N	\N	278	37	130	f
1088	Actualizacin  SML: Bajada de sistema	5	\N	\N	\N	\N	280	37	130	f
1089	Actualizacin  SML: Actualizacin OS	30	\N	\N	\N	\N	281	37	131	f
1090	Actualizacin  SML: Reinicio Servidor	30	\N	\N	\N	\N	282	37	130	f
1091	Actualizacin  SML:  Subida de sistema	5	\N	\N	\N	\N	283	37	130	f
1092	Actualizacin  Servidor Respaldo: Bajada de sistema	5	\N	\N	\N	\N	285	37	131	f
1093	Actualizacin  Servidor Respaldo: Actualizacin OS	30	\N	\N	\N	\N	286	37	131	f
1094	Actualizacin  Servidor Respaldo: Reinicio Servidor	30	\N	\N	\N	\N	287	37	131	f
1095	Actualizacin  Servidor Respaldo: Subida de sistema	5	\N	\N	\N	\N	288	37	131	f
\.


--
-- Data for Name: rfc_modulo_datosrfcestandar; Type: TABLE DATA; Schema: public; Owner: postgres
--

COPY public.rfc_modulo_datosrfcestandar (id, "datos_nombreRFC", datos_nombre_servicio, datos_tipo_plan, datos_objetivos, datos_alcances, datos_confirmacion_cliente, "datos_request_FK_id") FROM stdin;
5	Parchado Base de datos	Servicio Administracin SAP  Request For Change	1	<p>Se encuentran disponibles parches de base de datos para su aplicaci&oacute;n, se proceder&aacute; con la actualizaci&oacute;n. Esto involucra a todos los sistemas SAP.</p>	<p>A continuaci&oacute;n se detalla el alcance de las actividades a realizar:</p>\r\n\r\n<p>&bull; Descarga de medios</p>\r\n\r\n<p>&bull; Bajada de sistema</p>\r\n\r\n<p>&bull; Aplicaci&oacute;n Parches</p>\r\n\r\n<p>&bull; Subida de sistema</p>\r\n\r\n<p>&bull; Pruebas t&eacute;cnicas</p>\r\n\r\n<p>En:</p>	f	38
4	Actualizacion Kernel SAP	Servicio Administracin SAP  Request For  Change	1	<p>Aplicar las actualizaciones disponibles (KB) en cada servidor. Adicionalmente actualizar Kernel SAP Kernel SAP: *Instalar ultimo disponible</p>	<p>A continuaci&oacute;n se detalla el alcance de las actividades a realizar:</p>\r\n\r\n<p>&bull; Descarga de medios</p>\r\n\r\n<p>&bull; Actualizaci&oacute;n de Kernel</p>\r\n\r\n<p>&bull; Aplicaci&oacute;n actualizaciones Windows (KB)</p>\r\n\r\n<p>&bull; Reinicio Servidor</p>\r\n\r\n<p>En:</p>	f	34
3	Actualizacin OS	Servicio Administracin SAP  Request For Change	1	<p>Aplicar las actualizaciones disponibles (KB) en cada servidor</p>	<p>A continuaci&oacute;n se detalla el alcance de las actividades a realizar:</p>\r\n\r\n<p>&bull; Descarga de medios</p>\r\n\r\n<p>&bull; Actualizaci&oacute;n de OS</p>\r\n\r\n<p>&bull; Aplicaci&oacute;n actualizaciones Windows (KB)</p>\r\n\r\n<p>&bull; Reinicio Servidor</p>\r\n\r\n<p>En:</p>\r\n\r\n<p>&nbsp;</p>	f	37
2	Cambio hora invierno	Servicio Administracin SAP  Request For Change	1	<p>- Debido al decreto N&ordm; 1286 el d&iacute;a 3 de abril del 2021 se proceder&aacute; con el cambio horario correspondiente a invierno el cual contempla retrasar 1 hora. Para esto deben ser aplicadas las correcciones a nivel de Sistema Operativo y SAP (Nota 2765672). -Se deja sentado en este documento que en caso de alg&uacute;n problema durante el cambio que se podr&iacute;a al reiniciar SAP, OS o apertura de mandante.</p>	<p>A continuaci&oacute;n se detalla el alcance de las actividades a realizar:</p>\r\n\r\n<p>1. Revisi&oacute;n y/o aplicaci&oacute;n de nota Revisi&oacute;n y aplicaci&oacute;n de nota 2765672.</p>\r\n\r\n<p>2. Bajada de sistema:</p>\r\n\r\n<p>3. Monitoreo</p>\r\n\r\n<p>De:</p>\r\n\r\n<p>&nbsp;</p>	f	36
1	Actualizacion ST y ST-A/PI	Actualizacion ST y ST-A/PI	1	<p>Actualizar los componentes ST-PI y ST-A/PI seg&uacute;n versi&oacute;n indicada a continuaci&oacute;n.</p>	<p>Actualizar componente de:</p>	f	35
\.


--
-- Data for Name: rfc_modulo_datosseverityestandar; Type: TABLE DATA; Schema: public; Owner: postgres
--

COPY public.rfc_modulo_datosseverityestandar (id, est_nombre_severity, est_fecha_disponibilidad, est_severities, est_demora_plan, est_traspasar_app_criticas, est_perdida_performance, est_equipamiento_paso, "est_resquest_FK_id") FROM stdin;
1	Severity para Actualizaicon ST y St-A/pi	2021-04-13	1	240	f	f	f	35
2	Severity para Cambio de horario Invierno	2021-04-13	3	60	f	f	f	36
3	Severity para Actualizacion OS	2021-04-13	3	15	f	f	f	37
4	Severity para Actualizacion Kernel	2021-04-14	3	15	f	f	f	34
5	Severity para Parchado de BD	2021-04-14	3	30	f	f	f	38
\.


--
-- Data for Name: rfc_modulo_datostareasestandar; Type: TABLE DATA; Schema: public; Owner: postgres
--

COPY public.rfc_modulo_datostareasestandar (id, est_nombre_tarea, "est_request_FK_id") FROM stdin;
1	Tarea retorno para ACtualizacion ST	35
2	Tarea retorno 2 para Actualizacion st	35
3	Tarea retorno 1 para cambio horario invierno	36
4	Tarea retorno 2 para cambio horario invierno	36
5	Tarea retorno 1 para cambio actualizacion OS	37
6	Tarea retorno 2 para cambio actualizacion OS	37
8	Tarea para parchado de BD	38
\.


--
-- Data for Name: rfc_modulo_estadoactividad; Type: TABLE DATA; Schema: public; Owner: postgres
--

COPY public.rfc_modulo_estadoactividad (id, nombre_estado) FROM stdin;
1	Pendiente
2	Resuelta
3	Testeando
\.


--
-- Data for Name: rfc_modulo_estadorfc; Type: TABLE DATA; Schema: public; Owner: postgres
--

COPY public.rfc_modulo_estadorfc (id, "nombre_estado_RFC") FROM stdin;
1	En proceso
2	Completado
\.


--
-- Data for Name: rfc_modulo_historicocambio; Type: TABLE DATA; Schema: public; Owner: postgres
--

COPY public.rfc_modulo_historicocambio (id, nombre_historico, numero_version, fecha_inicio, hora_historico, "RFC_FK_id", "estado_RFC_FK_id") FROM stdin;
4	Creacion de documento	1	2021-03-24 00:00:00+00	00:00:00	2	1
5	Confirmacion del cliente	2	2021-03-24 00:00:00+00	17:43:23.805493	2	1
6	Modificacion Actividades	3	2021-03-24 00:00:00+00	17:44:00.202816	2	1
7	Creacion de documento	1	2021-03-25 00:00:00+00	00:00:00	3	1
8	Confirmacion del cliente	2	2021-03-25 00:00:00+00	15:27:03.482334	3	1
9	RFC Completado.	3	2021-03-25 00:00:00+00	15:27:31.632776	3	2
10	Modificacion Actividades	4	2021-03-31 00:00:00+00	20:08:23.097682	2	1
11	Modificacion Actividades	5	2021-04-01 00:00:00+00	13:42:40.406212	2	1
34	Creacion de documento	1	2021-04-13 00:00:00+00	15:09:00.367349	42	1
50	Creacion de documento	1	2021-04-26 00:00:00+00	17:23:37.717541	67	1
51	Creacion de documento	1	2021-04-26 00:00:00+00	17:24:05.712999	68	1
54	Creacion de documento	1	2021-04-26 00:00:00+00	17:29:12.090235	74	1
55	Modificacion para confirmacion	2	2021-04-26 00:00:00+00	17:37:55.317544	74	1
56	Creacion de documento	1	2021-04-26 00:00:00+00	17:56:11.901044	75	1
57	Modificacion para confirmacion	2	2021-04-26 00:00:00+00	17:59:54.533391	75	1
58	Creacion de documento	1	2021-04-26 00:00:00+00	18:13:33.419652	76	1
59	Modificacion para confirmacion	2	2021-04-26 00:00:00+00	18:19:57.008739	76	1
60	Confirmacion del cliente	3	2021-04-26 00:00:00+00	18:24:23.390535	76	1
61	Modificacion Actividades	4	2021-04-26 00:00:00+00	18:25:07.521963	76	1
62	Modificacion Actividades	5	2021-04-26 00:00:00+00	18:26:06.207352	76	1
63	RFC Completado.	6	2021-04-26 00:00:00+00	18:28:54.628527	76	2
64	Creacion de documento	1	2021-04-26 00:00:00+00	00:00:00	77	1
65	Creacion de documento	1	2021-04-26 00:00:00+00	22:00:34.263512	81	1
66	Creacion de documento	1	2021-04-26 00:00:00+00	22:01:02.987428	82	1
67	Creacion de documento	1	2021-04-26 00:00:00+00	22:08:26.933765	83	1
68	Creacion de documento	1	2021-04-26 00:00:00+00	22:08:55.992051	84	1
70	Creacion de documento	1	2021-04-26 00:00:00+00	23:33:13.449671	86	1
71	Modificacion para confirmacion	2	2021-04-26 00:00:00+00	23:33:18.740761	86	1
72	Modificacion para confirmacion	3	2021-04-26 00:00:00+00	23:33:38.448274	86	1
73	Modificacion para confirmacion	4	2021-04-26 00:00:00+00	23:34:05.641402	86	1
74	Confirmacion del cliente	5	2021-04-26 00:00:00+00	23:34:13.691824	86	1
75	Modificacion Actividades	6	2021-04-26 00:00:00+00	23:34:28.369763	86	1
76	RFC Completado.	7	2021-04-26 00:00:00+00	23:34:43.902041	86	2
77	Creacion de documento	1	2021-04-26 00:00:00+00	00:00:00	87	1
78	Modificacion Actividades	2	2021-04-26 00:00:00+00	23:40:52.887269	87	1
79	Modificacion Actividades	3	2021-04-26 00:00:00+00	23:40:59.902336	87	1
80	Modificacion Actividades	4	2021-04-26 00:00:00+00	23:41:06.17448	87	1
81	Creacion de documento	1	2021-04-27 00:00:00+00	00:08:46.654821	88	1
82	Modificacion para confirmacion	2	2021-04-27 00:00:00+00	00:08:58.776767	88	1
83	Confirmacion del cliente	3	2021-04-27 00:00:00+00	00:09:08.676439	88	1
84	Modificacion Actividades	4	2021-04-27 00:00:00+00	00:09:21.641252	88	1
85	Modificacion Actividades	5	2021-04-27 00:00:00+00	00:09:38.164387	88	1
86	Modificacion Actividades	6	2021-04-27 00:00:00+00	00:09:51.648957	88	1
87	RFC Completado.	7	2021-04-27 00:00:00+00	00:10:09.676907	88	2
91	Creacion de documento	1	2021-04-27 00:00:00+00	12:32:56.737549	92	1
92	Modificacion para confirmacion	2	2021-04-27 00:00:00+00	12:33:31.882287	92	1
93	Confirmacion del cliente	3	2021-04-27 00:00:00+00	12:33:47.169547	92	1
94	Modificacion Actividades	4	2021-04-27 00:00:00+00	12:33:57.572198	92	1
95	Modificacion Actividades	5	2021-04-27 00:00:00+00	12:34:11.091348	92	1
96	Creacion de documento	1	2021-04-27 00:00:00+00	18:50:04.78417	93	1
97	Modificacion para confirmacion	2	2021-04-27 00:00:00+00	18:50:09.847773	93	1
101	Creacion de documento	1	2021-04-29 00:00:00+00	18:50:37.311185	97	1
102	Modificacion para confirmacion	2	2021-04-29 00:00:00+00	18:51:50.886529	97	1
103	Confirmacion del cliente	3	2021-04-29 00:00:00+00	18:52:19.372583	97	1
104	Modificacion Actividades	4	2021-04-29 00:00:00+00	18:52:38.086744	97	1
105	Modificacion Actividades	5	2021-04-29 00:00:00+00	18:52:56.582801	97	1
106	Creacion de documento	1	2021-04-29 00:00:00+00	19:17:45.38982	98	1
107	Modificacion para confirmacion	2	2021-04-29 00:00:00+00	19:25:43.719385	98	1
108	Confirmacion del cliente	3	2021-04-29 00:00:00+00	19:29:40.174818	98	1
109	Modificacion Actividades	4	2021-04-29 00:00:00+00	19:30:38.914063	98	1
110	RFC Completado.	5	2021-04-29 00:00:00+00	19:31:50.194004	98	2
111	Creacion de documento	1	2021-04-29 00:00:00+00	00:00:00	99	1
112	Confirmacion del cliente	2	2021-04-29 00:00:00+00	19:50:36.994727	99	1
114	Creacion de documento	1	2021-04-29 00:00:00+00	20:17:32.867603	104	1
115	Modificacion para confirmacion	2	2021-04-29 00:00:00+00	20:18:38.497853	104	1
116	Confirmacion del cliente	3	2021-04-29 00:00:00+00	20:22:25.136356	104	1
117	Modificacion Actividades	4	2021-04-29 00:00:00+00	20:22:55.265543	104	1
118	RFC Completado.	5	2021-04-29 00:00:00+00	20:23:26.835083	104	2
119	Creacion de documento	1	2021-04-29 00:00:00+00	21:07:14.971844	105	1
120	Modificacion para confirmacion	2	2021-04-29 00:00:00+00	21:09:01.920204	105	1
121	Confirmacion del cliente	3	2021-04-29 00:00:00+00	21:12:53.105535	105	1
122	Creacion de documento	1	2021-04-30 00:00:00+00	13:47:49.366726	106	1
123	Modificacion para confirmacion	2	2021-04-30 00:00:00+00	13:47:52.915196	106	1
124	Creacion de documento	1	2021-05-03 00:00:00+00	00:00:00	107	1
125	Creacion de documento	1	2021-05-03 00:00:00+00	00:00:00	108	1
126	Modificacion para confirmacion	2	2021-05-04 00:00:00+00	16:10:39.633853	107	1
127	Modificacion para confirmacion	2	2021-05-05 00:00:00+00	15:33:08.533465	108	1
128	Modificacion para confirmacion	3	2021-05-05 00:00:00+00	15:38:43.272978	108	1
129	Creacion de documento	1	2021-05-06 00:00:00+00	14:26:06.825056	109	1
130	Modificacion para confirmacion	2	2021-05-06 00:00:00+00	14:26:57.8462	109	1
133	Creacion de documento	1	2021-05-14 00:00:00+00	20:56:46.706502	133	1
134	Creacion de documento	1	2021-05-14 00:00:00+00	20:57:13.489527	134	1
135	Creacion de documento	1	2021-05-14 00:00:00+00	20:59:47.976706	135	1
136	Creacion de documento	1	2021-05-14 00:00:00+00	21:01:45.566656	136	1
139	Creacion de documento	1	2021-05-17 00:00:00+00	00:00:00	139	1
140	Creacion de documento	1	2021-05-17 00:00:00+00	19:57:53.520445	140	1
141	Modificacion para confirmacion	2	2021-05-17 00:00:00+00	20:13:16.917409	140	1
144	Creacion de documento	1	2021-05-18 00:00:00+00	00:00:00	143	1
145	Creacion de documento	1	2021-05-25 00:00:00+00	00:00:00	144	1
146	Creacion de documento	1	2021-05-25 00:00:00+00	00:00:00	145	1
147	Creacion de documento	1	2021-05-25 00:00:00+00	00:00:00	146	1
148	Creacion de documento	1	2021-05-25 00:00:00+00	00:00:00	147	1
149	Creacion de documento	1	2021-05-26 00:00:00+00	00:00:00	148	1
150	Creacion de documento	1	2021-05-26 00:00:00+00	00:00:00	149	1
151	Creacion de documento	1	2021-06-07 00:00:00+00	20:59:01.480966	153	1
152	Modificacion para confirmacion	2	2021-06-07 00:00:00+00	20:59:54.569682	153	1
153	Modificacion para confirmacion	3	2021-06-07 00:00:00+00	23:53:58.612266	153	1
154	Modificacion para confirmacion	4	2021-06-08 00:00:00+00	12:39:03.38828	153	1
155	Confirmacion del cliente	5	2021-06-08 00:00:00+00	13:55:50.406551	153	1
156	Creacion de documento	1	2021-06-08 00:00:00+00	00:00:00	154	1
157	Confirmacion del cliente	2	2021-06-08 00:00:00+00	16:38:18.433382	154	1
158	Modificacion Actividades	3	2021-06-08 00:00:00+00	16:38:46.470671	154	1
159	RFC Completado.	4	2021-06-08 00:00:00+00	17:29:02.42069	154	2
160	Creacion de documento	1	2021-06-08 00:00:00+00	17:29:44.116264	155	1
161	Modificacion para confirmacion	2	2021-06-08 00:00:00+00	17:29:52.408287	155	1
162	Creacion de documento	1	2021-06-08 00:00:00+00	00:00:00	156	1
163	Confirmacion del cliente	2	2021-06-08 00:00:00+00	17:35:09.539255	156	1
164	Modificacion para confirmacion	3	2021-06-08 00:00:00+00	17:38:35.318665	155	1
165	Creacion de documento	1	2021-06-08 00:00:00+00	17:51:14.475732	157	1
166	Modificacion para confirmacion	2	2021-06-08 00:00:00+00	18:28:01.380975	157	1
168	Creacion de documento	1	2021-06-08 00:00:00+00	00:00:00	159	1
169	Creacion de documento	1	2021-06-08 00:00:00+00	00:00:00	160	1
170	Confirmacion del cliente	2	2021-06-08 00:00:00+00	19:14:11.484433	160	1
173	Creacion de documento	1	2022-01-05 03:00:00+00	00:00:00	166	1
174	Creacion de documento	1	2022-01-28 03:00:00+00	16:15:56.021368	175	1
\.


--
-- Data for Name: rfc_modulo_historicocambio_actividadXestado; Type: TABLE DATA; Schema: public; Owner: postgres
--

COPY public."rfc_modulo_historicocambio_actividadXestado" (id, historicocambio_id, actividadesrfc_id) FROM stdin;
675	144	642
676	144	643
677	144	644
678	144	645
5	4	4
6	4	5
7	6	4
8	7	6
9	9	6
10	10	5
11	11	4
34	34	34
35	34	35
36	34	36
37	34	37
38	34	38
39	34	39
40	34	40
679	144	646
681	146	648
683	148	650
289	54	296
290	54	297
291	54	298
292	54	299
293	54	300
294	54	301
295	54	302
296	56	303
297	56	304
298	56	305
299	56	306
300	56	307
685	150	652
303	56	310
304	56	311
305	58	312
306	58	313
307	58	314
308	58	315
309	58	316
310	58	317
311	58	318
312	62	312
313	62	313
314	62	314
315	62	315
316	62	316
317	62	317
318	62	318
319	63	318
320	64	319
321	64	320
322	64	321
323	64	322
324	64	323
325	65	324
326	65	325
327	65	326
328	65	327
261	50	268
262	50	269
263	50	270
264	50	271
265	50	272
266	50	273
267	50	274
268	51	275
269	51	276
270	51	277
271	51	278
272	51	279
273	51	280
274	51	281
329	65	328
330	65	329
331	65	330
332	66	331
333	66	332
334	66	333
335	66	334
336	66	335
337	66	336
338	66	337
339	67	338
340	67	339
341	67	340
342	67	341
343	67	342
344	67	343
345	67	344
346	68	345
347	68	346
348	68	347
349	68	348
350	68	349
351	68	350
352	68	351
475	101	449
476	101	450
477	101	451
478	101	452
360	70	359
361	70	360
362	70	361
363	70	362
364	70	363
365	70	364
366	70	365
367	75	359
368	75	360
369	75	361
370	75	362
371	75	363
372	75	364
373	75	365
374	76	365
375	77	366
376	79	366
377	80	366
378	81	367
379	81	368
380	81	369
381	81	370
382	81	371
383	81	372
384	81	373
385	84	367
386	84	368
387	84	369
388	85	370
389	85	371
390	86	372
391	86	373
392	87	370
393	87	371
394	87	372
395	87	373
479	101	453
480	101	454
481	101	455
482	104	449
483	104	450
484	104	451
485	105	452
486	105	453
487	105	454
488	106	456
489	106	457
490	106	458
491	106	459
492	106	460
493	106	461
494	106	462
495	109	456
496	109	457
497	109	458
498	110	459
499	110	460
417	91	395
418	91	396
419	91	397
420	91	398
421	91	399
422	91	400
423	91	401
424	94	395
425	94	396
426	95	397
427	95	398
428	96	402
429	96	403
430	96	404
431	96	405
432	96	406
433	96	407
434	96	408
500	110	461
501	110	462
502	111	463
503	111	464
504	111	465
505	111	466
680	145	647
682	147	649
684	149	651
686	151	653
518	114	479
519	114	480
520	114	481
521	114	482
522	114	483
523	114	484
524	114	485
525	117	479
526	117	480
527	117	481
528	118	482
529	118	483
530	118	484
531	118	485
532	119	486
533	119	487
534	119	488
535	119	489
536	119	490
537	119	491
538	119	492
539	122	493
540	122	494
541	122	495
542	122	496
543	122	497
544	122	498
545	122	499
546	124	500
547	124	501
548	124	502
549	125	503
550	125	504
551	125	505
552	129	506
553	129	507
554	129	508
555	129	509
556	129	510
557	129	511
558	129	512
562	133	529
563	133	530
564	133	531
565	133	532
566	133	533
567	133	534
568	133	535
569	133	536
570	133	537
571	133	538
572	133	539
573	134	540
574	134	541
575	134	542
576	134	543
577	134	544
578	134	545
579	134	546
580	135	547
581	135	548
582	135	549
583	135	550
584	135	551
585	135	552
586	135	553
587	135	554
588	135	555
589	135	556
590	135	557
591	136	558
592	136	559
593	136	560
594	136	561
595	136	562
596	136	563
597	136	564
598	136	565
599	136	566
600	136	567
601	136	568
602	136	569
687	151	654
688	151	655
689	151	656
690	151	657
691	151	658
692	151	659
693	151	660
694	151	661
695	151	662
696	151	663
697	151	664
698	151	665
699	156	666
700	156	667
701	158	666
702	159	667
703	160	668
704	160	669
705	160	670
706	160	671
707	160	672
708	160	673
709	160	674
710	162	675
711	165	676
712	165	677
713	165	678
714	165	679
715	165	680
716	165	681
717	165	682
636	139	603
637	140	604
638	140	605
639	140	606
640	140	607
641	140	608
642	140	609
643	140	610
644	140	611
645	140	612
646	140	613
647	140	614
648	140	615
725	168	690
726	169	691
775	173	740
776	174	741
777	174	742
778	174	743
\.


--
-- Data for Name: rfc_modulo_requestfor; Type: TABLE DATA; Schema: public; Owner: postgres
--

COPY public.rfc_modulo_requestfor (id, nombre_clasificacion, es_estandar) FROM stdin;
34	Actualizacion SAP Kernel	t
35	Actualizacin ST-PI y ST-A/PI	t
37	Actualizacion OS	t
38	Parchado Base de datos	t
1	Actualizar CR-CONTENT JAVA	f
39	Ajuste Parametros de Instancia SAP ERP PRD	f
41	Bloqueo Masivo Usuarios	f
36	Cambio Hora invierno	t
42	Ejemplo 1	f
\.


--
-- Data for Name: rfc_modulo_retorno; Type: TABLE DATA; Schema: public; Owner: postgres
--

COPY public.rfc_modulo_retorno (id, tarea_retorno) FROM stdin;
\.


--
-- Data for Name: rfc_modulo_rfc; Type: TABLE DATA; Schema: public; Owner: ubuntu
--

COPY public.rfc_modulo_rfc (id, confirmacion_cliente, "nombre_RFC", nombre_servicio, tipo_plan, objetivos, alcances, clasificacion, fecha_creacion, autor_id, "cliente_FK_id", "estadoRFC_FK_id", "request_for_FK_id", "retorno_FK_id", "serverity_FK_id", "supervisor_SAP_id", supervisor_cliente_id, confirmacion_supervisor) FROM stdin;
42	f	Actualizacion ST y ST-A/PI	Actualizacion ST y ST-A/PI	1	Actualizar los componentes ST-PI y ST-A/PI segn versin indicada a continuacin.	Actualizar componente\r\n ERP DEV\r\n ERP QAS\r\n ERP PRD\r\n BW DEV\r\n BWP PRD\r\n SOLMAN PRD	1	2021-04-13 00:00:00+00	34	34	1	35	\N	43	38	35	\N
84	f	Actualizacion ST y ST-A/PI	Actualizacion ST y ST-A/PI	1	Actualizar los componentes ST-PI y ST-A/PI segn versin indicada a continuacin.	Actualizar componente\r\n ERP DEV\r\n ERP QAS\r\n ERP PRD\r\n BW DEV\r\n BWP PRD\r\n SOLMAN PRD	1	2021-04-26 00:00:00+00	2	34	1	35	\N	88	38	35	\N
99	t	TEST1	servicio test	1	<p>Objetivos Cliente</p>	<p>Alcances de ejemplo</p>	2	2021-04-29 00:00:00+00	2	34	1	1	\N	111	38	35	\N
47	f	Actualizacion ST y ST-A/PI	Actualizacion ST y ST-A/PI	1	Actualizar los componentes ST-PI y ST-A/PI segn versin indicada a continuacin.	Actualizar componente\r\n ERP DEV\r\n ERP QAS\r\n ERP PRD\r\n BW DEV\r\n BWP PRD\r\n SOLMAN PRD	1	2021-04-14 00:00:00+00	34	34	1	35	\N	48	38	35	\N
87	t	test1	test1	1	<p>asd</p>	<p>asd</p>	2	2021-04-26 00:00:00+00	2	39	1	1	\N	94	38	49	\N
3	t	Teste rapido	TEsteo rapido	1	a	s	1	2021-03-25 00:00:00+00	2	1	2	1	\N	3	2	3	\N
45	\N			\N			\N	2021-04-14 00:00:00+00	\N	\N	\N	35	\N	\N	\N	\N	\N
2	t	Test desde Desrrollo	Servicio test	1	a	s	1	2021-03-24 00:00:00+00	2	1	1	1	\N	2	2	3	\N
34	\N			\N			\N	2021-04-13 00:00:00+00	\N	\N	\N	35	\N	\N	\N	\N	\N
36	\N			\N			\N	2021-04-13 00:00:00+00	\N	\N	\N	35	\N	\N	\N	\N	\N
37	\N			\N			\N	2021-04-13 00:00:00+00	\N	\N	\N	35	\N	\N	\N	\N	\N
143	f	test 1	testeo borrrado dinamico	2	<p>testeo</p>	<p>test</p>	2	2021-05-18 00:00:00+00	34	34	1	1	\N	145	57	35	\N
68	f	Actualizacion ST y ST-A/PI	Actualizacion ST y ST-A/PI	1	Actualizar los componentes ST-PI y ST-A/PI segn versin indicada a continuacin.	Actualizar componente\r\n ERP DEV\r\n ERP QAS\r\n ERP PRD\r\n BW DEV\r\n BWP PRD\r\n SOLMAN PRD	1	2021-04-26 00:00:00+00	34	39	1	35	\N	69	38	49	\N
67	f	Actualizacion ST y ST-A/PI	Actualizacion ST y ST-A/PI	1	Actualizar los componentes ST-PI y ST-A/PI segn versin indicada a continuacin.	Actualizar componente\r\n ERP DEV\r\n ERP QAS\r\n ERP PRD\r\n BW DEV\r\n BWP PRD\r\n SOLMAN PRD	1	2021-04-26 00:00:00+00	34	39	1	35	\N	68	38	49	\N
69	\N			\N			\N	2021-04-26 00:00:00+00	\N	\N	\N	35	\N	\N	\N	\N	\N
70	\N			\N			\N	2021-04-26 00:00:00+00	\N	\N	\N	35	\N	\N	\N	\N	\N
71	\N			\N			\N	2021-04-26 00:00:00+00	\N	\N	\N	35	\N	\N	\N	\N	\N
48	f	Actualizacion ST y ST-A/PI	Actualizacion ST y ST-A/PI	1	Actualizar los componentes ST-PI y ST-A/PI segn versin indicada a continuacin.	Actualizar componente\r\n ERP DEV\r\n ERP QAS\r\n ERP PRD\r\n BW DEV\r\n BWP PRD\r\n SOLMAN PRD	1	2021-04-14 00:00:00+00	34	34	1	35	\N	49	38	35	\N
49	f	Actualizacion ST y ST-A/PI	Actualizacion ST y ST-A/PI	1	Actualizar los componentes ST-PI y ST-A/PI segn versin indicada a continuacin.	Actualizar componente\r\n ERP DEV\r\n ERP QAS\r\n ERP PRD\r\n BW DEV\r\n BWP PRD\r\n SOLMAN PRD	1	2021-04-14 00:00:00+00	34	34	1	35	\N	50	38	35	\N
52	f	Actualizacion ST y ST-A/PI	Actualizacion ST y ST-A/PI	1	Actualizar los componentes ST-PI y ST-A/PI segn versin indicada a continuacin.	Actualizar componente\r\n ERP DEV\r\n ERP QAS\r\n ERP PRD\r\n BW DEV\r\n BWP PRD\r\n SOLMAN PRD	1	2021-04-14 00:00:00+00	34	34	1	35	\N	53	38	35	\N
50	f	Actualizacion ST y ST-A/PI	Actualizacion ST y ST-A/PI	1	Actualizar los componentes ST-PI y ST-A/PI segn versin indicada a continuacin.	Actualizar componente\r\n ERP DEV\r\n ERP QAS\r\n ERP PRD\r\n BW DEV\r\n BWP PRD\r\n SOLMAN PRD	1	2021-04-14 00:00:00+00	34	34	1	35	\N	51	38	35	\N
51	f	Actualizacion ST y ST-A/PI	Actualizacion ST y ST-A/PI	1	Actualizar los componentes ST-PI y ST-A/PI segn versin indicada a continuacin.	Actualizar componente\r\n ERP DEV\r\n ERP QAS\r\n ERP PRD\r\n BW DEV\r\n BWP PRD\r\n SOLMAN PRD	1	2021-04-14 00:00:00+00	34	34	1	35	\N	52	38	35	\N
53	f	Actualizacion ST y ST-A/PI	Actualizacion ST y ST-A/PI	1	Actualizar los componentes ST-PI y ST-A/PI segn versin indicada a continuacin.	Actualizar componente\r\n ERP DEV\r\n ERP QAS\r\n ERP PRD\r\n BW DEV\r\n BWP PRD\r\n SOLMAN PRD	1	2021-04-14 00:00:00+00	34	34	1	35	\N	54	38	35	\N
74	f	Actualizacion ST y ST-A/PI	Actualizacion ST y ST-A/PI	1	<p>Actualizar los componentes ST-PI y ST-A/PI seg&uacute;n versi&oacute;n indicada a continuaci&oacute;n.</p>\r\n\r\n<p>&nbsp;</p>\r\n\r\n<p><img src="https://rfc-prod.s3.amazonaws.com/media/static/assets/img/2021/04/26/imagen.png?X-Amz-Algorithm=AWS4-HMAC-SHA256&amp;X-Amz-Credential=AKIAVZ5MTAG6C2QCAZOH%2F20210426%2Fus-east-1%2Fs3%2Faws4_request&amp;X-Amz-Date=20210426T173311Z&amp;X-Amz-Expires=3600&amp;X-Amz-SignedHeaders=host&amp;X-Amz-Signature=68010e98f79a1702395efdc59a0d1b86fc7b687f50ffb2ddc8fd03c396354290" style="height:233px; width:795px" /></p>	<p>Actualizar componente &bull; ERP DEV &bull; ERP QAS &bull; ERP PRD</p>	1	2021-04-26 00:00:00+00	34	39	1	35	\N	76	38	49	\N
54	f	Actualizacion ST y ST-A/PI	Actualizacion ST y ST-A/PI	1	Actualizar los componentes ST-PI y ST-A/PI segn versin indicada a continuacin.	Actualizar componente\r\n ERP DEV\r\n ERP QAS\r\n ERP PRD\r\n BW DEV\r\n BWP PRD\r\n SOLMAN PRD	1	2021-04-14 00:00:00+00	34	34	1	35	\N	55	38	35	\N
77	f	Bloqueo Usuarios	Administracin SAP	2	<p>prueb<strong>aapruebaapruebaapruebaaprueba</strong>a</p>\r\n\r\n<p>&nbsp;</p>\r\n\r\n<h1><em>we</em>w<u>ew</u></h1>\r\n\r\n<p>&nbsp;</p>\r\n\r\n<p>&nbsp;</p>	<ul>\r\n\t<li>bla bla bawewe</li>\r\n</ul>\r\n\r\n<p><strong>wewe</strong></p>\r\n\r\n<p><em>wewewew</em></p>\r\n\r\n<p><u>vasdasfg</u></p>	2	2021-04-26 00:00:00+00	34	35	1	41	\N	81	38	39	\N
78	\N			\N			\N	2021-04-26 00:00:00+00	\N	\N	\N	35	\N	\N	\N	\N	\N
79	\N			\N			\N	2021-04-26 00:00:00+00	\N	\N	\N	35	\N	\N	\N	\N	\N
76	t	Actualizacion ST y ST-A/PI	Actualizacion ST y ST-A/PI	1	<p>Actualizar los componentes ST-PI y ST-A/PI seg&uacute;n versi&oacute;n indicada a continuaci&oacute;n.</p>	<p>Actualizar componente &bull; ERP DEV &bull; ERP QAS &bull; ERP PRD &bull; BW DEV &bull; BWP PRD &bull; SOLMAN PRD</p>	1	2021-04-26 00:00:00+00	34	35	2	35	\N	80	38	39	\N
80	\N			\N			\N	2021-04-26 00:00:00+00	\N	\N	\N	35	\N	\N	\N	\N	\N
81	f	Actualizacion ST y ST-A/PI	Actualizacion ST y ST-A/PI	1	Actualizar los componentes ST-PI y ST-A/PI segn versin indicada a continuacin.	Actualizar componente\r\n ERP DEV\r\n ERP QAS\r\n ERP PRD\r\n BW DEV\r\n BWP PRD\r\n SOLMAN PRD	1	2021-04-26 00:00:00+00	2	39	1	35	\N	85	38	49	\N
82	f	Actualizacion ST y ST-A/PI	Actualizacion ST y ST-A/PI	1	Actualizar los componentes ST-PI y ST-A/PI segn versin indicada a continuacin.	Actualizar componente\r\n ERP DEV\r\n ERP QAS\r\n ERP PRD\r\n BW DEV\r\n BWP PRD\r\n SOLMAN PRD	1	2021-04-26 00:00:00+00	2	39	1	35	\N	86	38	49	\N
83	f	Actualizacion ST y ST-A/PI	Actualizacion ST y ST-A/PI	1	Actualizar los componentes ST-PI y ST-A/PI segn versin indicada a continuacin.	Actualizar componente\r\n ERP DEV\r\n ERP QAS\r\n ERP PRD\r\n BW DEV\r\n BWP PRD\r\n SOLMAN PRD	1	2021-04-26 00:00:00+00	2	39	1	35	\N	87	38	49	\N
148	f	asd	asdasdasd	1	<p>asd</p>	<p>asd</p>	2	2021-05-26 00:00:00+00	34	41	1	1	\N	150	38	58	\N
160	t	Ejemplo 1	ejemplo 1	1	<p>onjetivos ejemplo</p>	<p>Alcances ejemplo</p>	2	2021-06-08 00:00:00+00	34	34	1	1	\N	169	38	35	t
161	\N			\N			\N	2021-07-12 00:00:00+00	\N	\N	\N	37	\N	\N	\N	\N	\N
75	f	Actualizacion ST y ST-A/PI	Actualizacion ST y ST-A/PI	1	<p>Actualizar los componentes ST-PI y ST-A/PI seg&uacute;n versi&oacute;n indicada a continuaci&oacute;n.</p>\r\n\r\n<p>&nbsp;</p>\r\n\r\n<p><img src="https://rfc-prod.s3.amazonaws.com/media/static/assets/img/2021/04/26/imagen_Qbmr4hu.png?X-Amz-Algorithm=AWS4-HMAC-SHA256&amp;X-Amz-Credential=AKIAVZ5MTAG6C2QCAZOH%2F20210426%2Fus-east-1%2Fs3%2Faws4_request&amp;X-Amz-Date=20210426T175717Z&amp;X-Amz-Expires=3600&amp;X-Amz-SignedHeaders=host&amp;X-Amz-Signature=abd569bc505d4dd9c9ba2e9703600a7faf5454e1889e6ecd8af6fbafb0fb119f" style="height:233px; width:795px" /></p>\r\n\r\n<p><img src="https://rfc-prod.s3.amazonaws.com/media/static/assets/img/2021/04/21/fondoteams001_7vFEb3z.jpeg?X-Amz-Algorithm=AWS4-HMAC-SHA256&amp;X-Amz-Credential=AKIAVZ5MTAG6C2QCAZOH%2F20210426%2Fus-east-1%2Fs3%2Faws4_request&amp;X-Amz-Date=20210426T175639Z&amp;X-Amz-Expires=3600&amp;X-Amz-SignedHeaders=host&amp;X-Amz-Signature=93005f41d1838f5248fde44babf5f41f35695083b9a52dac4da940d1d7507db1" style="height:773px; width:1375px" /></p>	<p>Actualizar componente &bull; ERP DEV &bull; ERP QAS &bull; ERP PRD</p>\r\n\r\n<p>qwertyasdfg</p>\r\n\r\n<p>qwertyt1234</p>\r\n\r\n<p><img src="https://rfc-prod.s3.amazonaws.com/media/static/assets/img/2021/04/26/imagen_2vB2Uor.png?X-Amz-Algorithm=AWS4-HMAC-SHA256&amp;X-Amz-Credential=AKIAVZ5MTAG6C2QCAZOH%2F20210426%2Fus-east-1%2Fs3%2Faws4_request&amp;X-Amz-Date=20210426T175811Z&amp;X-Amz-Expires=3600&amp;X-Amz-SignedHeaders=host&amp;X-Amz-Signature=c68835e29d8590596d538e504937dd554e3e1d7c97f045a9b70e1afb013c4a69" style="height:161px; width:1036px" /></p>	1	2021-04-26 00:00:00+00	34	35	1	35	\N	78	38	39	\N
97	t	Actualizacion ST y ST-A/PI	Actualizacion ST y ST-A/PI	1	<p>Actualizar los componentes ST-PI y ST-A/PI seg&uacute;n versi&oacute;n indicada a continuaci&oacute;n.</p>	<p><img alt="" src="https://rfc-prod.s3.amazonaws.com/media/static/assets/img/2021/04/26/imagen_Qbmr4hu.png?X-Amz-Algorithm=AWS4-HMAC-SHA256&amp;X-Amz-Credential=AKIAVZ5MTAG6C2QCAZOH%2F20210427%2Fus-east-1%2Fs3%2Faws4_request&amp;X-Amz-Date=20210427T184919Z&amp;X-Amz-Expires=3600&amp;X-Amz-SignedHeaders=host&amp;X-Amz-Signature=6a923065bbac7f43efcd35453a8bd83234913b12876e77402f4a3f8b848039a7" style="height:44px; width:150px" /></p>\r\n\r\n<p>Actualizar componente de:</p>\r\n\r\n<p>SAP ERP 6.0 EHP 8 | AMBIENTE: DEV<br />\r\nSAP ERP 6.0 EHP 8 | AMBIENTE: PRD<br />\r\nSAP ERP 6.0 EHP 8 | AMBIENTE: QAS</p>	1	2021-04-29 00:00:00+00	2	34	1	35	\N	108	38	35	\N
98	t	Actualizacion ST y ST-A/PI	Actualizacion ST y ST-A/PI	1	<p>Actualizar los componentes ST-PI y ST-A/PI seg&uacute;n versi&oacute;n indicada a continuaci&oacute;n.</p>	<p><img alt="" src="https://rfc-prod.s3.amazonaws.com/media/static/assets/img/2021/04/26/imagen_Qbmr4hu.png?X-Amz-Algorithm=AWS4-HMAC-SHA256&amp;X-Amz-Credential=AKIAVZ5MTAG6C2QCAZOH%2F20210429%2Fus-east-1%2Fs3%2Faws4_request&amp;X-Amz-Date=20210429T192030Z&amp;X-Amz-Expires=3600&amp;X-Amz-SignedHeaders=host&amp;X-Amz-Signature=abe9f0cedbc89e36b16520376f40f6203154489964d84ef2afdcd237e36ef811" style="height:117px; width:400px" /></p>\r\n\r\n<p>Actualizar componente de:</p>\r\n\r\n<p>SAP ERP 6.0 EHP 8 | AMBIENTE: DEV<br />\r\nSAP ERP 6.0 EHP 8 | AMBIENTE: PRD<br />\r\nSAP ERP 6.0 EHP 8 | AMBIENTE: QAS</p>	1	2021-04-29 00:00:00+00	2	34	2	35	\N	110	38	35	\N
156	t	testeo 2	testeo 2	1	<p>asd</p>	<p>asd</p>	2	2021-06-08 00:00:00+00	34	34	1	1	\N	163	38	35	t
86	t	Actualizacion ST y ST-A/PI	Actualizacion ST y ST-A/PI	1	<p>Actualizar los componentes ST-PI y ST-A/PI seg&uacute;n versi&oacute;n indicada a continuaci&oacute;n.</p>	<p>Actualizar componente &bull; ERP DEV &bull; ERP QAS &bull; ERP PRD &bull; BW DEV &bull; BWP PRD &bull; SOLMAN PRD</p>	1	2021-04-26 00:00:00+00	2	39	2	35	\N	93	38	49	\N
101	f	Actualizacion ST y ST-A/PI	Actualizacion ST y ST-A/PI	1	<p>Actualizar los componentes ST-PI y ST-A/PI seg&uacute;n versi&oacute;n indicada a continuaci&oacute;n.</p>	<p>Actualizar componente de:</p>SAP ERP 6.0  |  AMBIENTE: DEV  <br> SAP ERP 6.0  |  AMBIENTE: QAS  <br> SAP ERP 6.0  |  AMBIENTE: PRD	1	2021-04-29 00:00:00+00	34	40	1	35	\N	113	38	50	\N
100	f	Actualizacion ST y ST-A/PI	Actualizacion ST y ST-A/PI	1	<p>Actualizar los componentes ST-PI y ST-A/PI seg&uacute;n versi&oacute;n indicada a continuaci&oacute;n.</p>	<p>Actualizar componente de:</p>SAP ERP 6.0  |  AMBIENTE: DEV  <br> SAP ERP 6.0  |  AMBIENTE: QAS  <br> SAP ERP 6.0  |  AMBIENTE: PRD	1	2021-04-29 00:00:00+00	34	40	1	35	\N	112	38	50	\N
102	f	Actualizacion Kernel SAP	Servicio Administracin SAP  Request For  Change	1	<p>Aplicar las actualizaciones disponibles (KB) en cada servidor. Adicionalmente actualizar Kernel SAP Kernel SAP: *Instalar ultimo disponible</p>	<p>A continuaci&oacute;n se detalla el alcance de las actividades a realizar:</p>\r\n\r\n<p>&bull; Descarga de medios</p>\r\n\r\n<p>&bull; Actualizaci&oacute;n de Kernel</p>\r\n\r\n<p>&bull; Aplicaci&oacute;n actualizaciones Windows (KB)</p>\r\n\r\n<p>&bull; Reinicio Servidor</p>\r\n\r\n<p>En:</p>SAP ERP 6.0  |  AMBIENTE: DEV  <br> SAP ERP 6.0  |  AMBIENTE: QAS  <br> SAP ERP 6.0  |  AMBIENTE: PRD	1	2021-04-29 00:00:00+00	34	1	1	34	\N	114	38	3	\N
105	t	Actualizacion ST y ST-A/PI	Actualizacion ST y ST-A/PI	1	<p>Actualizar los componentes ST-PI y ST-A/PI seg&uacute;n versi&oacute;n indicada a continuaci&oacute;n.</p>	<p>Actualizar componente de:</p>\r\n\r\n<p>SAP ERP 6.0 EHP 8 | AMBIENTE: DEV<br />\r\nSAP ERP 6.0 EHP 8 | AMBIENTE: PRD<br />\r\nSAP ERP 6.0 EHP 8 | AMBIENTE: QAS</p>\r\n\r\n<p>&nbsp;</p>	1	2021-04-29 00:00:00+00	2	34	1	35	\N	119	38	35	\N
92	t	Actualizacion ST y ST-A/PI	Actualizacion ST y ST-A/PI	1	<p>Actualizar los componentes ST-PI y ST-A/PI seg&uacute;n versi&oacute;n indicada a continuaci&oacute;n.</p>	<p>Actualizar componente de:</p>\r\n\r\n<p>SAP ERP 6.0 EHP 7 | AMBIENTE: DEV<br />\r\nSAP ERP 6.0 EHP 7 | AMBIENTE: QAS<br />\r\nSAP ERP 6.0 EHP 7 | AMBIENTE: PRD</p>	1	2021-04-27 00:00:00+00	2	39	1	35	\N	101	38	49	\N
88	t	Actualizacion ST y ST-A/PI	Actualizacion ST y ST-A/PI	1	<p>Actualizar los componentes ST-PI y ST-A/PI seg&uacute;n versi&oacute;n indicada a continuaci&oacute;n.</p>	<p>Actualizar componente &bull; ERP DEV &bull; ERP QAS &bull; ERP PRD &bull; BW DEV &bull; BWP PRD &bull; SOLMAN PRD</p>	1	2021-04-27 00:00:00+00	2	38	2	35	\N	96	38	47	\N
93	f	Actualizacion ST y ST-A/PI	Actualizacion ST y ST-A/PI	1	<p>Actualizar los componentes ST-PI y ST-A/PI seg&uacute;n versi&oacute;n indicada a continuaci&oacute;n.</p>	<p><img alt="" src="https://rfc-prod.s3.amazonaws.com/media/static/assets/img/2021/04/26/imagen_Qbmr4hu.png?X-Amz-Algorithm=AWS4-HMAC-SHA256&amp;X-Amz-Credential=AKIAVZ5MTAG6C2QCAZOH%2F20210427%2Fus-east-1%2Fs3%2Faws4_request&amp;X-Amz-Date=20210427T184919Z&amp;X-Amz-Expires=3600&amp;X-Amz-SignedHeaders=host&amp;X-Amz-Signature=6a923065bbac7f43efcd35453a8bd83234913b12876e77402f4a3f8b848039a7" style="height:44px; width:150px" /></p>\r\n\r\n<p>Actualizar componente de:</p>\r\n\r\n<p>SAP ERP 6.0 EHP 7 | AMBIENTE: DEV<br />\r\nSAP ERP 6.0 EHP 7 | AMBIENTE: QAS<br />\r\nSAP ERP 6.0 EHP 7 | AMBIENTE: PRD</p>	1	2021-04-27 00:00:00+00	2	39	1	35	\N	103	38	49	\N
139	f	asd	asd	2	<p>asd</p>	<p>asd</p>	2	2021-05-17 00:00:00+00	34	34	1	1	\N	139	53	35	\N
144	f	asd	asd	2	<p>asd</p>	<p>asd</p>	2	2021-05-25 00:00:00+00	34	41	1	1	\N	146	38	58	\N
149	f	asd	das	1	<p>ads</p>	<p>ads</p>	2	2021-05-26 00:00:00+00	34	41	1	39	\N	151	38	58	t
162	\N			\N			\N	2021-07-12 00:00:00+00	\N	\N	\N	37	\N	\N	\N	\N	\N
166	f	dfsdgs	Servicio 3.0	2	<p>asd</p>	<p>asd</p>	2	2022-01-05 03:00:00+00	2	68	1	1	\N	175	38	73	t
167	\N			\N			\N	2022-01-26 03:00:00+00	\N	\N	\N	34	\N	\N	\N	\N	\N
169	\N			\N			\N	2022-01-26 03:00:00+00	\N	\N	\N	34	\N	\N	\N	\N	\N
145	f	asd	asd	2	<p>Lorem ipsum dolor sit amet consectetur adipiscing elit auctor, sollicitudin dignissim ullamcorper odio nullam convallis primis a cum, ligula scelerisque rhoncus facilisis donec orci commodo. Diam commodo magnis curabitur pretium massa condimentum ad, mollis ridiculus urna lacinia cras nostra viverra lacus, leo tellus suscipit ullamcorper imperdiet augue. Tellus faucibus facilisis aptent parturient dignissim platea laoreet ornare ultricies, quis lacinia consequat habitant gravida malesuada risus cum dui facilisi, ullamcorper etiam purus sed nostra curae feugiat placerat. Praesent sem ac orci condimentum varius diam vel lectus laoreet augue consequat morbi potenti tristique, quam facilisi sed massa maecenas fusce sociosqu rhoncus vestibulum porttitor in nulla cubilia.</p>\r\n\r\n<p>Quis sapien tincidunt varius dictumst eu ultricies purus ut mauris facilisis rhoncus, pellentesque cum tempor pulvinar lacus fames dapibus malesuada maecenas mattis magna, morbi facilisi congue fringilla felis est turpis aliquam viverra aliquet. Nam tellus nascetur primis molestie quam condimentum auctor lacus pharetra, habitasse ultricies mauris natoque porta magnis consequat eu proin, ridiculus sodales est interdum hac tincidunt platea lobortis. Maecenas porttitor nullam donec semper torquent sem habitasse, rutrum augue velit mollis porta hendrerit risus, bibendum faucibus tincidunt facilisi in urna.</p>	<p>Lorem ipsum dolor sit amet consectetur adipiscing elit auctor, sollicitudin dignissim ullamcorper odio nullam convallis primis a cum, ligula scelerisque rhoncus facilisis donec orci commodo. Diam commodo magnis curabitur pretium massa condimentum ad, mollis ridiculus urna lacinia cras nostra viverra lacus, leo tellus suscipit ullamcorper imperdiet augue. Tellus faucibus facilisis aptent parturient dignissim platea laoreet ornare ultricies, quis lacinia consequat habitant gravida malesuada risus cum dui facilisi, ullamcorper etiam purus sed nostra curae feugiat placerat. Praesent sem ac orci condimentum varius diam vel lectus laoreet augue consequat morbi potenti tristique, quam facilisi sed massa maecenas fusce sociosqu rhoncus vestibulum porttitor in nulla cubilia.</p>\r\n\r\n<p>Quis sapien tincidunt varius dictumst eu ultricies purus ut mauris facilisis rhoncus, pellentesque cum tempor pulvinar lacus fames dapibus malesuada maecenas mattis magna, morbi facilisi congue fringilla felis est turpis aliquam viverra aliquet. Nam tellus nascetur primis molestie quam condimentum auctor lacus pharetra, habitasse ultricies mauris natoque porta magnis consequat eu proin, ridiculus sodales est interdum hac tincidunt platea lobortis. Maecenas porttitor nullam donec semper torquent sem habitasse, rutrum augue velit mollis porta hendrerit risus, bibendum faucibus tincidunt facilisi in urna.</p>	2	2021-05-25 00:00:00+00	34	41	1	1	\N	147	38	58	\N
157	f	Actualizacion ST y ST-A/PI	Actualizacion ST y ST-A/PI	1	<p>Actualizar los componentes ST-PI y ST-A/PI seg&uacute;n versi&oacute;n indicada a continuaci&oacute;n.</p>	<p>Actualizar componente de:</p>\r\n\r\n<p>SAP ERP 6.0 EHP 8 | AMBIENTE: DEV<br />\r\nSAP ERP 6.0 EHP 8 | AMBIENTE: PRD<br />\r\nSAP ERP 6.0 EHP 8 | AMBIENTE: QAS</p>	1	2021-06-08 00:00:00+00	34	34	1	35	\N	166	38	35	f
146	f	asdasdas	asddsa	2	<p>Lorem ipsum dolor sit amet consectetur adipiscing elit auctor, sollicitudin dignissim ullamcorper odio nullam convallis primis a cum, ligula scelerisque rhoncus facilisis donec orci commodo. Diam commodo magnis curabitur pretium massa condimentum ad, mollis ridiculus urna lacinia cras nostra viverra lacus, leo tellus suscipit ullamcorper imperdiet augue. Tellus faucibus facilisis aptent parturient dignissim platea laoreet ornare ultricies, quis lacinia consequat habitant gravida malesuada risus cum dui facilisi, ullamcorper etiam purus sed nostra curae feugiat placerat. Praesent sem ac orci condimentum varius diam vel lectus laoreet augue consequat morbi potenti tristique, quam facilisi sed massa maecenas fusce sociosqu rhoncus vestibulum porttitor in nulla cubilia.</p>\r\n\r\n<p>Quis sapien tincidunt varius dictumst eu ultricies purus ut mauris facilisis rhoncus, pellentesque cum tempor pulvinar lacus fames dapibus malesuada maecenas mattis magna, morbi facilisi congue fringilla felis est turpis aliquam viverra aliquet. Nam tellus nascetur primis molestie quam condimentum auctor lacus pharetra, habitasse ultricies mauris natoque porta magnis consequat eu proin, ridiculus sodales est interdum hac tincidunt platea lobortis. Maecenas porttitor nullam donec semper torquent sem habitasse, rutrum augue velit mollis porta hendrerit risus, bibendum faucibus tincidunt facilisi in urna.</p>\r\n\r\n<p>Lorem ipsum dolor sit amet consectetur adipiscing elit auctor, sollicitudin dignissim ullamcorper odio nullam convallis primis a cum, ligula scelerisque rhoncus facilisis donec orci commodo. Diam commodo magnis curabitur pretium massa condimentum ad, mollis ridiculus urna lacinia cras nostra viverra lacus, leo tellus suscipit ullamcorper imperdiet augue. Tellus faucibus facilisis aptent parturient dignissim platea laoreet ornare ultricies, quis lacinia consequat habitant gravida malesuada risus cum dui facilisi, ullamcorper etiam purus sed nostra curae feugiat placerat. Praesent sem ac orci condimentum varius diam vel lectus laoreet augue consequat morbi potenti tristique, quam facilisi sed massa maecenas fusce sociosqu rhoncus vestibulum porttitor in nulla cubilia.</p>\r\n\r\n<p>Quis sapien tincidunt varius dictumst eu ultricies purus ut mauris facilisis rhoncus, pellentesque cum tempor pulvinar lacus fames dapibus malesuada maecenas mattis magna, morbi facilisi congue fringilla felis est turpis aliquam viverra aliquet. Nam tellus nascetur primis molestie quam condimentum auctor lacus pharetra, habitasse ultricies mauris natoque porta magnis consequat eu proin, ridiculus sodales est interdum hac tincidunt platea lobortis. Maecenas porttitor nullam donec semper torquent sem habitasse, rutrum augue velit mollis porta hendrerit risus, bibendum faucibus tincidunt facilisi in urna.</p>\r\n\r\n<p>Lorem ipsum dolor sit amet consectetur adipiscing elit auctor, sollicitudin dignissim ullamcorper odio nullam convallis primis a cum, ligula scelerisque rhoncus facilisis donec orci commodo. Diam commodo magnis curabitur pretium massa condimentum ad, mollis ridiculus urna lacinia cras nostra viverra lacus, leo tellus suscipit ullamcorper imperdiet augue. Tellus faucibus facilisis aptent parturient dignissim platea laoreet ornare ultricies, quis lacinia consequat habitant gravida malesuada risus cum dui facilisi, ullamcorper etiam purus sed nostra curae feugiat placerat. Praesent sem ac orci condimentum varius diam vel lectus laoreet augue consequat morbi potenti tristique, quam facilisi sed massa maecenas fusce sociosqu rhoncus vestibulum porttitor in nulla cubilia.</p>\r\n\r\n<p>Quis sapien tincidunt varius dictumst eu ultricies purus ut mauris facilisis rhoncus, pellentesque cum tempor pulvinar lacus fames dapibus malesuada maecenas mattis magna, morbi facilisi congue fringilla felis est turpis aliquam viverra aliquet. Nam tellus nascetur primis molestie quam condimentum auctor lacus pharetra, habitasse ultricies mauris natoque porta magnis consequat eu proin, ridiculus sodales est interdum hac tincidunt platea lobortis. Maecenas porttitor nullam donec semper torquent sem habitasse, rutrum augue velit mollis porta hendrerit risus, bibendum faucibus tincidunt facilisi in urna.</p>\r\n\r\n<p>Lorem ipsum dolor sit amet consectetur adipiscing elit auctor, sollicitudin dignissim ullamcorper odio nullam convallis primis a cum, ligula scelerisque rhoncus facilisis donec orci commodo. Diam commodo magnis curabitur pretium massa condimentum ad, mollis ridiculus urna lacinia cras nostra viverra lacus, leo tellus suscipit ullamcorper imperdiet augue. Tellus faucibus facilisis aptent parturient dignissim platea laoreet ornare ultricies, quis lacinia consequat habitant gravida malesuada risus cum dui facilisi, ullamcorper etiam purus sed nostra curae feugiat placerat. Praesent sem ac orci condimentum varius diam vel lectus laoreet augue consequat morbi potenti tristique, quam facilisi sed massa maecenas fusce sociosqu rhoncus vestibulum porttitor in nulla cubilia.</p>\r\n\r\n<p>Quis sapien tincidunt varius dictumst eu ultricies purus ut mauris facilisis rhoncus, pellentesque cum tempor pulvinar lacus fames dapibus malesuada maecenas mattis magna, morbi facilisi congue fringilla felis est turpis aliquam viverra aliquet. Nam tellus nascetur primis molestie quam condimentum auctor lacus pharetra, habitasse ultricies mauris natoque porta magnis consequat eu proin, ridiculus sodales est interdum hac tincidunt platea lobortis. Maecenas porttitor nullam donec semper torquent sem habitasse, rutrum augue velit mollis porta hendrerit risus, bibendum faucibus tincidunt facilisi in urna.</p>	<p>Lorem ipsum dolor sit amet consectetur adipiscing elit auctor, sollicitudin dignissim ullamcorper odio nullam convallis primis a cum, ligula scelerisque rhoncus facilisis donec orci commodo. Diam commodo magnis curabitur pretium massa condimentum ad, mollis ridiculus urna lacinia cras nostra viverra lacus, leo tellus suscipit ullamcorper imperdiet augue. Tellus faucibus facilisis aptent parturient dignissim platea laoreet ornare ultricies, quis lacinia consequat habitant gravida malesuada risus cum dui facilisi, ullamcorper etiam purus sed nostra curae feugiat placerat. Praesent sem ac orci condimentum varius diam vel lectus laoreet augue consequat morbi potenti tristique, quam facilisi sed massa maecenas fusce sociosqu rhoncus vestibulum porttitor in nulla cubilia.</p>\r\n\r\n<p>Quis sapien tincidunt varius dictumst eu ultricies purus ut mauris facilisis rhoncus, pellentesque cum tempor pulvinar lacus fames dapibus malesuada maecenas mattis magna, morbi facilisi congue fringilla felis est turpis aliquam viverra aliquet. Nam tellus nascetur primis molestie quam condimentum auctor lacus pharetra, habitasse ultricies mauris natoque porta magnis consequat eu proin, ridiculus sodales est interdum hac tincidunt platea lobortis. Maecenas porttitor nullam donec semper torquent sem habitasse, rutrum augue velit mollis porta hendrerit risus, bibendum faucibus tincidunt facilisi in urna.</p>\r\n\r\n<p>Lorem ipsum dolor sit amet consectetur adipiscing elit auctor, sollicitudin dignissim ullamcorper odio nullam convallis primis a cum, ligula scelerisque rhoncus facilisis donec orci commodo. Diam commodo magnis curabitur pretium massa condimentum ad, mollis ridiculus urna lacinia cras nostra viverra lacus, leo tellus suscipit ullamcorper imperdiet augue. Tellus faucibus facilisis aptent parturient dignissim platea laoreet ornare ultricies, quis lacinia consequat habitant gravida malesuada risus cum dui facilisi, ullamcorper etiam purus sed nostra curae feugiat placerat. Praesent sem ac orci condimentum varius diam vel lectus laoreet augue consequat morbi potenti tristique, quam facilisi sed massa maecenas fusce sociosqu rhoncus vestibulum porttitor in nulla cubilia.</p>\r\n\r\n<p>Quis sapien tincidunt varius dictumst eu ultricies purus ut mauris facilisis rhoncus, pellentesque cum tempor pulvinar lacus fames dapibus malesuada maecenas mattis magna, morbi facilisi congue fringilla felis est turpis aliquam viverra aliquet. Nam tellus nascetur primis molestie quam condimentum auctor lacus pharetra, habitasse ultricies mauris natoque porta magnis consequat eu proin, ridiculus sodales est interdum hac tincidunt platea lobortis. Maecenas porttitor nullam donec semper torquent sem habitasse, rutrum augue velit mollis porta hendrerit risus, bibendum faucibus tincidunt facilisi in urna.</p>\r\n\r\n<p>Lorem ipsum dolor sit amet consectetur adipiscing elit auctor, sollicitudin dignissim ullamcorper odio nullam convallis primis a cum, ligula scelerisque rhoncus facilisis donec orci commodo. Diam commodo magnis curabitur pretium massa condimentum ad, mollis ridiculus urna lacinia cras nostra viverra lacus, leo tellus suscipit ullamcorper imperdiet augue. Tellus faucibus facilisis aptent parturient dignissim platea laoreet ornare ultricies, quis lacinia consequat habitant gravida malesuada risus cum dui facilisi, ullamcorper etiam purus sed nostra curae feugiat placerat. Praesent sem ac orci condimentum varius diam vel lectus laoreet augue consequat morbi potenti tristique, quam facilisi sed massa maecenas fusce sociosqu rhoncus vestibulum porttitor in nulla cubilia.</p>\r\n\r\n<p>Quis sapien tincidunt varius dictumst eu ultricies purus ut mauris facilisis rhoncus, pellentesque cum tempor pulvinar lacus fames dapibus malesuada maecenas mattis magna, morbi facilisi congue fringilla felis est turpis aliquam viverra aliquet. Nam tellus nascetur primis molestie quam condimentum auctor lacus pharetra, habitasse ultricies mauris natoque porta magnis consequat eu proin, ridiculus sodales est interdum hac tincidunt platea lobortis. Maecenas porttitor nullam donec semper torquent sem habitasse, rutrum augue velit mollis porta hendrerit risus, bibendum faucibus tincidunt facilisi in urna.</p>\r\n\r\n<p>Lorem ipsum dolor sit amet consectetur adipiscing elit auctor, sollicitudin dignissim ullamcorper odio nullam convallis primis a cum, ligula scelerisque rhoncus facilisis donec orci commodo. Diam commodo magnis curabitur pretium massa condimentum ad, mollis ridiculus urna lacinia cras nostra viverra lacus, leo tellus suscipit ullamcorper imperdiet augue. Tellus faucibus facilisis aptent parturient dignissim platea laoreet ornare ultricies, quis lacinia consequat habitant gravida malesuada risus cum dui facilisi, ullamcorper etiam purus sed nostra curae feugiat placerat. Praesent sem ac orci condimentum varius diam vel lectus laoreet augue consequat morbi potenti tristique, quam facilisi sed massa maecenas fusce sociosqu rhoncus vestibulum porttitor in nulla cubilia.</p>\r\n\r\n<p>Quis sapien tincidunt varius dictumst eu ultricies purus ut mauris facilisis rhoncus, pellentesque cum tempor pulvinar lacus fames dapibus malesuada maecenas mattis magna, morbi facilisi congue fringilla felis est turpis aliquam viverra aliquet. Nam tellus nascetur primis molestie quam condimentum auctor lacus pharetra, habitasse ultricies mauris natoque porta magnis consequat eu proin, ridiculus sodales est interdum hac tincidunt platea lobortis. Maecenas porttitor nullam donec semper torquent sem habitasse, rutrum augue velit mollis porta hendrerit risus, bibendum faucibus tincidunt facilisi in urna.</p>	2	2021-05-25 00:00:00+00	34	41	1	1	\N	148	38	58	\N
104	t	Actualizacion ST y ST-A/PI	Actualizacion ST y ST-A/PI	1	<p>Actualizar los componentes ST-PI y ST-A/PI seg&uacute;n versi&oacute;n indicada a continuaci&oacute;n.</p>	<p>Actualizar componente de:</p>\r\n\r\n<p>SAP ERP 6.0 EHP 8 | AMBIENTE: DEV<br />\r\nSAP ERP 6.0 EHP 8 | AMBIENTE: PRD<br />\r\nSAP ERP 6.0 EHP 8 | AMBIENTE: QAS</p>\r\n\r\n<p>&nbsp;</p>	1	2021-04-29 00:00:00+00	2	34	2	35	\N	117	38	35	\N
107	f	Ejemplo RFC	Servicio ejemplo	1	<p>Objetivos de ejemplo&nbsp;</p>\r\n\r\n<p><img alt="" src="https://rfc-prod.s3.amazonaws.com/media/static/assets/img/2021/04/26/imagen_Qbmr4hu.png?X-Amz-Algorithm=AWS4-HMAC-SHA256&amp;X-Amz-Credential=AKIAVZ5MTAG6C2QCAZOH%2F20210503%2Fus-east-1%2Fs3%2Faws4_request&amp;X-Amz-Date=20210503T190052Z&amp;X-Amz-Expires=3600&amp;X-Amz-SignedHeaders=host&amp;X-Amz-Signature=0c24051de979e75487765680804d795177d000b88262d7a609f993b30b7c5c3b" style="height:117px; width:400px" /></p>	<p>alcances de ejemplo</p>\r\n\r\n<p>evoluci&oacute;n</p>\r\n\r\n<p>ejemplo con acentos&nbsp; &oacute; &ntilde; &iacute; &iacute; &ntilde; &ntilde; &ntilde; &ntilde;</p>\r\n\r\n<p><img alt="" src="https://rfc-prod.s3.amazonaws.com/media/static/assets/img/2021/04/26/imagen_Qbmr4hu.png?X-Amz-Algorithm=AWS4-HMAC-SHA256&amp;X-Amz-Credential=AKIAVZ5MTAG6C2QCAZOH%2F20210504%2Fus-east-1%2Fs3%2Faws4_request&amp;X-Amz-Date=20210504T161002Z&amp;X-Amz-Expires=3600&amp;X-Amz-SignedHeaders=host&amp;X-Amz-Signature=2b0871d404a40e00f62f130c09f935167671de0cf4fdd5d5e462f054e0b1b599" style="height:59px; width:200px" /></p>	2	2021-05-03 00:00:00+00	34	34	1	1	\N	124	38	35	\N
106	f	Actualizacion ST y ST-A/PI	Actualizacion ST y ST-A/PI	1	<p>Actualizar los componentes ST-PI y ST-A/PI seg&uacute;n versi&oacute;n indicada a continuaci&oacute;n.</p>	<p>Actualizar componente de:</p>\r\n\r\n<p>SAP ERP 6.0 EHP 8 | AMBIENTE: DEV<br />\r\nSAP ERP 6.0 EHP 8 | AMBIENTE: PRD<br />\r\nSAP ERP 6.0 EHP 8 | AMBIENTE: QAS</p>	1	2021-04-30 00:00:00+00	2	34	1	35	\N	121	38	35	\N
147	f	sdadasdas	adsasdasd	1	<p>Lorem ipsum dolor sit amet consectetur adipiscing elit auctor, sollicitudin dignissim ullamcorper odio nullam convallis primis a cum, ligula scelerisque rhoncus facilisis donec orci commodo. Diam commodo magnis curabitur pretium massa condimentum ad, mollis ridiculus urna lacinia cras nostra viverra lacus, leo tellus suscipit ullamcorper imperdiet augue. Tellus faucibus facilisis aptent parturient dignissim platea laoreet ornare ultricies, quis lacinia consequat habitant gravida malesuada risus cum dui facilisi, ullamcorper etiam purus sed nostra curae feugiat placerat. Praesent sem ac orci condimentum varius diam vel lectus laoreet augue consequat morbi potenti tristique, quam facilisi sed massa maecenas fusce sociosqu rhoncus vestibulum porttitor in nulla cubilia.</p>\r\n\r\n<p>Quis sapien tincidunt varius dictumst eu ultricies purus ut mauris facilisis rhoncus, pellentesque cum tempor pulvinar lacus fames dapibus malesuada maecenas mattis magna, morbi facilisi congue fringilla felis est turpis aliquam viverra aliquet. Nam tellus nascetur primis molestie quam condimentum auctor lacus pharetra, habitasse ultricies mauris natoque porta magnis consequat eu proin, ridiculus sodales est interdum hac tincidunt platea lobortis. Maecenas porttitor nullam donec semper torquent sem habitasse, rutrum augue velit mollis porta hendrerit risus, bibendum faucibus tincidunt facilisi in urna.</p>\r\n\r\n<p>Lorem ipsum dolor sit amet consectetur adipiscing elit auctor, sollicitudin dignissim ullamcorper odio nullam convallis primis a cum, ligula scelerisque rhoncus facilisis donec orci commodo. Diam commodo magnis curabitur pretium massa condimentum ad, mollis ridiculus urna lacinia cras nostra viverra lacus, leo tellus suscipit ullamcorper imperdiet augue. Tellus faucibus facilisis aptent parturient dignissim platea laoreet ornare ultricies, quis lacinia consequat habitant gravida malesuada risus cum dui facilisi, ullamcorper etiam purus sed nostra curae feugiat placerat. Praesent sem ac orci condimentum varius diam vel lectus laoreet augue consequat morbi potenti tristique, quam facilisi sed massa maecenas fusce sociosqu rhoncus vestibulum porttitor in nulla cubilia.</p>\r\n\r\n<p>Quis sapien tincidunt varius dictumst eu ultricies purus ut mauris facilisis rhoncus, pellentesque cum tempor pulvinar lacus fames dapibus malesuada maecenas mattis magna, morbi facilisi congue fringilla felis est turpis aliquam viverra aliquet. Nam tellus nascetur primis molestie quam condimentum auctor lacus pharetra, habitasse ultricies mauris natoque porta magnis consequat eu proin, ridiculus sodales est interdum hac tincidunt platea lobortis. Maecenas porttitor nullam donec semper torquent sem habitasse, rutrum augue velit mollis porta hendrerit risus, bibendum faucibus tincidunt facilisi in urna.</p>\r\n\r\n<p>Lorem ipsum dolor sit amet consectetur adipiscing elit auctor, sollicitudin dignissim ullamcorper odio nullam convallis primis a cum, ligula scelerisque rhoncus facilisis donec orci commodo. Diam commodo magnis curabitur pretium massa condimentum ad, mollis ridiculus urna lacinia cras nostra viverra lacus, leo tellus suscipit ullamcorper imperdiet augue. Tellus faucibus facilisis aptent parturient dignissim platea laoreet ornare ultricies, quis lacinia consequat habitant gravida malesuada risus cum dui facilisi, ullamcorper etiam purus sed nostra curae feugiat placerat. Praesent sem ac orci condimentum varius diam vel lectus laoreet augue consequat morbi potenti tristique, quam facilisi sed massa maecenas fusce sociosqu rhoncus vestibulum porttitor in nulla cubilia.</p>\r\n\r\n<p>Quis sapien tincidunt varius dictumst eu ultricies purus ut mauris facilisis rhoncus, pellentesque cum tempor pulvinar lacus fames dapibus malesuada maecenas mattis magna, morbi facilisi congue fringilla felis est turpis aliquam viverra aliquet. Nam tellus nascetur primis molestie quam condimentum auctor lacus pharetra, habitasse ultricies mauris natoque porta magnis consequat eu proin, ridiculus sodales est interdum hac tincidunt platea lobortis. Maecenas porttitor nullam donec semper torquent sem habitasse, rutrum augue velit mollis porta hendrerit risus, bibendum faucibus tincidunt facilisi in urna.</p>	<p>Lorem ipsum dolor sit amet consectetur adipiscing elit auctor, sollicitudin dignissim ullamcorper odio nullam convallis primis a cum, ligula scelerisque rhoncus facilisis donec orci commodo. Diam commodo magnis curabitur pretium massa condimentum ad, mollis ridiculus urna lacinia cras nostra viverra lacus, leo tellus suscipit ullamcorper imperdiet augue. Tellus faucibus facilisis aptent parturient dignissim platea laoreet ornare ultricies, quis lacinia consequat habitant gravida malesuada risus cum dui facilisi, ullamcorper etiam purus sed nostra curae feugiat placerat. Praesent sem ac orci condimentum varius diam vel lectus laoreet augue consequat morbi potenti tristique, quam facilisi sed massa maecenas fusce sociosqu rhoncus vestibulum porttitor in nulla cubilia.</p>\r\n\r\n<p>Quis sapien tincidunt varius dictumst eu ultricies purus ut mauris facilisis rhoncus, pellentesque cum tempor pulvinar lacus fames dapibus malesuada maecenas mattis magna, morbi facilisi congue fringilla felis est turpis aliquam viverra aliquet. Nam tellus nascetur primis molestie quam condimentum auctor lacus pharetra, habitasse ultricies mauris natoque porta magnis consequat eu proin, ridiculus sodales est interdum hac tincidunt platea lobortis. Maecenas porttitor nullam donec semper torquent sem habitasse, rutrum augue velit mollis porta hendrerit risus, bibendum faucibus tincidunt facilisi in urna.</p>\r\n\r\n<p>Lorem ipsum dolor sit amet consectetur adipiscing elit auctor, sollicitudin dignissim ullamcorper odio nullam convallis primis a cum, ligula scelerisque rhoncus facilisis donec orci commodo. Diam commodo magnis curabitur pretium massa condimentum ad, mollis ridiculus urna lacinia cras nostra viverra lacus, leo tellus suscipit ullamcorper imperdiet augue. Tellus faucibus facilisis aptent parturient dignissim platea laoreet ornare ultricies, quis lacinia consequat habitant gravida malesuada risus cum dui facilisi, ullamcorper etiam purus sed nostra curae feugiat placerat. Praesent sem ac orci condimentum varius diam vel lectus laoreet augue consequat morbi potenti tristique, quam facilisi sed massa maecenas fusce sociosqu rhoncus vestibulum porttitor in nulla cubilia.</p>\r\n\r\n<p>Quis sapien tincidunt varius dictumst eu ultricies purus ut mauris facilisis rhoncus, pellentesque cum tempor pulvinar lacus fames dapibus malesuada maecenas mattis magna, morbi facilisi congue fringilla felis est turpis aliquam viverra aliquet. Nam tellus nascetur primis molestie quam condimentum auctor lacus pharetra, habitasse ultricies mauris natoque porta magnis consequat eu proin, ridiculus sodales est interdum hac tincidunt platea lobortis. Maecenas porttitor nullam donec semper torquent sem habitasse, rutrum augue velit mollis porta hendrerit risus, bibendum faucibus tincidunt facilisi in urna.</p>\r\n\r\n<p>Lorem ipsum dolor sit amet consectetur adipiscing elit auctor, sollicitudin dignissim ullamcorper odio nullam convallis primis a cum, ligula scelerisque rhoncus facilisis donec orci commodo. Diam commodo magnis curabitur pretium massa condimentum ad, mollis ridiculus urna lacinia cras nostra viverra lacus, leo tellus suscipit ullamcorper imperdiet augue. Tellus faucibus facilisis aptent parturient dignissim platea laoreet ornare ultricies, quis lacinia consequat habitant gravida malesuada risus cum dui facilisi, ullamcorper etiam purus sed nostra curae feugiat placerat. Praesent sem ac orci condimentum varius diam vel lectus laoreet augue consequat morbi potenti tristique, quam facilisi sed massa maecenas fusce sociosqu rhoncus vestibulum porttitor in nulla cubilia.</p>\r\n\r\n<p>Quis sapien tincidunt varius dictumst eu ultricies purus ut mauris facilisis rhoncus, pellentesque cum tempor pulvinar lacus fames dapibus malesuada maecenas mattis magna, morbi facilisi congue fringilla felis est turpis aliquam viverra aliquet. Nam tellus nascetur primis molestie quam condimentum auctor lacus pharetra, habitasse ultricies mauris natoque porta magnis consequat eu proin, ridiculus sodales est interdum hac tincidunt platea lobortis. Maecenas porttitor nullam donec semper torquent sem habitasse, rutrum augue velit mollis porta hendrerit risus, bibendum faucibus tincidunt facilisi in urna.</p>	2	2021-05-25 00:00:00+00	34	41	1	1	\N	149	57	58	\N
159	f	testeo3	testeo 3	1	<p>d</p>	<p>d</p>	2	2021-06-08 00:00:00+00	34	34	1	1	\N	168	38	35	\N
108	f	RFC de ejemplo	Servicio de ejemplo	1	<p>Objetivos de ejemplo</p>\r\n\r\n<p><img alt="" src="https://rfc-prod.s3.amazonaws.com/media/static/assets/img/2021/04/26/imagen_Qbmr4hu.png?X-Amz-Algorithm=AWS4-HMAC-SHA256&amp;X-Amz-Credential=AKIAVZ5MTAG6C2QCAZOH%2F20210503%2Fus-east-1%2Fs3%2Faws4_request&amp;X-Amz-Date=20210503T191000Z&amp;X-Amz-Expires=3600&amp;X-Amz-SignedHeaders=host&amp;X-Amz-Signature=3394001680cf731d125e155faf7b07ec502538b3ce11f7eaed4d8e6f46b05e17" style="height:117px; width:400px" /></p>	<p>alcances de ejemplo</p>\r\n\r\n<p><img alt="" src="https://rfc-prod.s3.amazonaws.com/media/static/assets/img/2021/04/26/imagen_Qbmr4hu.png?X-Amz-Algorithm=AWS4-HMAC-SHA256&amp;X-Amz-Credential=AKIAVZ5MTAG6C2QCAZOH%2F20210505%2Fus-east-1%2Fs3%2Faws4_request&amp;X-Amz-Date=20210505T153255Z&amp;X-Amz-Expires=3600&amp;X-Amz-SignedHeaders=host&amp;X-Amz-Signature=10422da61474cd0290d94f6bb56cb4ce9f55f1ce70d3913ee51c9b8ac45a8f53" style="height:88px; width:300px" /></p>\r\n\r\n<p>asd</p>	2	2021-05-03 00:00:00+00	34	34	1	1	\N	126	38	35	\N
109	f	Actualizacion ST y ST-A/PI	Actualizacion ST y ST-A/PI	1	<p>Actualizar los componentes ST-PI y ST-A/PI seg&uacute;n versi&oacute;n indicada a continuaci&oacute;n.</p>	<p>Actualizar componente de:</p>\r\n\r\n<p>SAP ERP 6.0 EHP 8 | AMBIENTE: DEV<br />\r\nSAP ERP 6.0 EHP 8 | AMBIENTE: PRD<br />\r\nSAP ERP 6.0 EHP 8 | AMBIENTE: QAS</p>\r\n\r\n<p>&nbsp;</p>\r\n\r\n<p><img src="https://rfc-prod.s3.amazonaws.com/media/static/assets/img/2021/05/06/image.png?X-Amz-Algorithm=AWS4-HMAC-SHA256&amp;X-Amz-Credential=AKIAVZ5MTAG6C2QCAZOH%2F20210506%2Fus-east-1%2Fs3%2Faws4_request&amp;X-Amz-Date=20210506T142650Z&amp;X-Amz-Expires=3600&amp;X-Amz-SignedHeaders=host&amp;X-Amz-Signature=486d06501229fa7f1f183cc0ed9091dcf31c6d484b32e018aaf3f23ac42ea17b" style="height:108px; width:497px" /></p>	1	2021-05-06 00:00:00+00	34	34	1	35	\N	128	38	35	\N
133	f	Actualizacion Kernel SAP	Servicio Administracin SAP  Request For  Change	1	<p>Aplicar las actualizaciones disponibles (KB) en cada servidor. Adicionalmente actualizar Kernel SAP Kernel SAP: *Instalar ultimo disponible</p>	<p>A continuaci&oacute;n se detalla el alcance de las actividades a realizar:</p>\r\n\r\n<p>&bull; Descarga de medios</p>\r\n\r\n<p>&bull; Actualizaci&oacute;n de Kernel</p>\r\n\r\n<p>&bull; Aplicaci&oacute;n actualizaciones Windows (KB)</p>\r\n\r\n<p>&bull; Reinicio Servidor</p>\r\n\r\n<p>En:</p>EHP5 SAP ERP 6.0  |  AMBIENTE: DEV  <br> EHP5 SAP ERP 6.0  |  AMBIENTE: QAS  <br> EHP5 SAP ERP 6.0  |  AMBIENTE: PRD	1	2021-05-14 00:00:00+00	34	37	1	34	\N	133	38	46	\N
134	f	Actualizacion ST y ST-A/PI	Actualizacion ST y ST-A/PI	1	<p>Actualizar los componentes ST-PI y ST-A/PI seg&uacute;n versi&oacute;n indicada a continuaci&oacute;n.</p>	<p>Actualizar componente de:</p>EHP5 SAP ERP 6.0  |  AMBIENTE: DEV  <br> EHP5 SAP ERP 6.0  |  AMBIENTE: QAS  <br> EHP5 SAP ERP 6.0  |  AMBIENTE: PRD	1	2021-05-14 00:00:00+00	34	37	1	35	\N	134	38	46	\N
150	\N			\N			\N	2021-06-02 00:00:00+00	\N	\N	\N	34	\N	\N	\N	\N	\N
151	\N			\N			\N	2021-06-02 00:00:00+00	\N	\N	\N	34	\N	\N	\N	\N	\N
135	f	Actualizacion Kernel SAP	Servicio Administracin SAP  Request For  Change	1	<p>Aplicar las actualizaciones disponibles (KB) en cada servidor. Adicionalmente actualizar Kernel SAP Kernel SAP: *Instalar ultimo disponible</p>	<p>A continuaci&oacute;n se detalla el alcance de las actividades a realizar:</p>\r\n\r\n<p>&bull; Descarga de medios</p>\r\n\r\n<p>&bull; Actualizaci&oacute;n de Kernel</p>\r\n\r\n<p>&bull; Aplicaci&oacute;n actualizaciones Windows (KB)</p>\r\n\r\n<p>&bull; Reinicio Servidor</p>\r\n\r\n<p>En:</p>EHP5 SAP ERP 6.0  |  AMBIENTE: DEV  <br> EHP5 SAP ERP 6.0  |  AMBIENTE: QAS  <br> EHP5 SAP ERP 6.0  |  AMBIENTE: PRD	1	2021-05-14 00:00:00+00	34	37	1	34	\N	135	38	46	\N
152	\N			\N			\N	2021-06-07 00:00:00+00	\N	\N	\N	34	\N	\N	\N	\N	\N
136	f	Actualizacion Kernel SAP	Servicio Administracin SAP  Request For  Change	1	<p>Aplicar las actualizaciones disponibles (KB) en cada servidor. Adicionalmente actualizar Kernel SAP Kernel SAP: *Instalar ultimo disponible</p>	<p>A continuaci&oacute;n se detalla el alcance de las actividades a realizar:</p>\r\n\r\n<p>&bull; Descarga de medios</p>\r\n\r\n<p>&bull; Actualizaci&oacute;n de Kernel</p>\r\n\r\n<p>&bull; Aplicaci&oacute;n actualizaciones Windows (KB)</p>\r\n\r\n<p>&bull; Reinicio Servidor</p>\r\n\r\n<p>En:</p>EHP5 SAP ERP 6.0  |  AMBIENTE: DEV  <br> EHP5 SAP ERP 6.0  |  AMBIENTE: QAS  <br> EHP5 SAP ERP 6.0  |  AMBIENTE: PRD	1	2021-05-14 00:00:00+00	34	37	1	34	\N	136	38	46	\N
153	f	Actualizacion Kernel SAP	Servicio Administracin SAP  Request For  Change	1	<p>Aplicar las actualizaciones disponibles (KB) en cada servidor. Adicionalmente actualizar Kernel SAP Kernel SAP: *Instalar ultimo disponible. v</p>	<p>A continuaci&oacute;n se detalla el alcance de las actividades a realizar:</p>\r\n\r\n<p>&bull; Descarga de medios</p>\r\n\r\n<p>&bull; Actualizaci&oacute;n de Kernel</p>\r\n\r\n<p>&bull; Aplicaci&oacute;n actualizaciones Windows (KB)</p>\r\n\r\n<p>&bull; Reinicio Servidor</p>\r\n\r\n<p>En:</p>\r\n\r\n<p>SAP ERP 6.0 EHP 8 | AMBIENTE: DEV<br />\r\nSAP ERP 6.0 EHP 8 | AMBIENTE: PRD<br />\r\nSAP ERP 6.0 EHP 8 | AMBIENTE: QAS</p>	1	2021-06-07 00:00:00+00	34	34	1	34	\N	159	38	35	t
154	t	Testo 1	testeo1	1	<p>objetivos ejemplo</p>	<p>Alcances Ejemplo</p>	2	2021-06-08 00:00:00+00	34	34	2	1	\N	160	38	35	t
140	f	Actualizacion Kernel SAP	Servicio Administracin SAP  Request For  Change	1	<p>Aplicar las actualizaciones disponibles (KB) en cada servidor. Adicionalmente actualizar Kernel SAP Kernel SAP: *Instalar ultimo disponible</p>	<p>A continuaci&oacute;n se detalla el alcance de las actividades a realizar:</p>\r\n\r\n<p>&bull; Descarga de medios</p>\r\n\r\n<p>&bull; Actualizaci&oacute;n de Kernel</p>\r\n\r\n<p>&bull; Aplicaci&oacute;n actualizaciones Windows (KB)</p>\r\n\r\n<p>&bull; Reinicio Servidor</p>\r\n\r\n<p>En:</p>\r\n\r\n<p>EHP5 SAP ERP 6.0 | AMBIENTE: DEV<br />\r\nEHP5 SAP ERP 6.0 | AMBIENTE: QAS<br />\r\nEHP5 SAP ERP 6.0 | AMBIENTE: PRD</p>	1	2021-05-17 00:00:00+00	34	36	1	34	\N	141	38	44	\N
155	f	Actualizacion ST y ST-A/PI	Actualizacion ST y ST-A/PI	1	<p>Actualizar los componentes ST-PI y ST-A/PI seg&uacute;n versi&oacute;n indicada a continuaci&oacute;n.vv</p>	<p>Actualizar componente de:</p>\r\n\r\n<p>SAP ERP 6.0 EHP 8 | AMBIENTE: DEV<br />\r\nSAP ERP 6.0 EHP 8 | AMBIENTE: PRD<br />\r\nSAP ERP 6.0 EHP 8 | AMBIENTE: QAS</p>	1	2021-06-08 00:00:00+00	34	34	1	35	\N	164	38	35	t
163	\N			\N			\N	2021-07-12 00:00:00+00	\N	\N	\N	37	\N	\N	\N	\N	\N
168	\N			\N			\N	2022-01-26 03:00:00+00	\N	\N	\N	34	\N	\N	\N	\N	\N
170	\N			\N			\N	2022-01-26 03:00:00+00	\N	\N	\N	34	\N	\N	\N	\N	\N
171	\N			\N			\N	2022-01-26 03:00:00+00	\N	\N	\N	34	\N	\N	\N	\N	\N
172	\N			\N			\N	2022-01-26 03:00:00+00	\N	\N	\N	34	\N	\N	\N	\N	\N
173	\N			\N			\N	2022-01-26 03:00:00+00	\N	\N	\N	34	\N	\N	\N	\N	\N
174	\N			\N			\N	2022-01-26 03:00:00+00	\N	\N	\N	34	\N	\N	\N	\N	\N
175	f	Actualizacion ST y ST-A/PI	Actualizacion ST y ST-A/PI	1	<p>Actualizar los componentes ST-PI y ST-A/PI seg&uacute;n versi&oacute;n indicada a continuaci&oacute;n.</p>	<p>Actualizar componente de:</p>SAP BW/4HANA 2.0  |  AMBIENTE: DEV	1	2022-01-28 03:00:00+00	2	38	1	35	\N	184	38	47	f
\.


--
-- Data for Name: rfc_modulo_rfc_equipo_tecnico; Type: TABLE DATA; Schema: public; Owner: postgres
--

COPY public.rfc_modulo_rfc_equipo_tecnico (id, rfc_id, tecnico_id) FROM stdin;
2	2	2
3	2	3
4	3	2
34	34	34
35	34	35
38	36	34
39	36	35
40	37	34
41	37	35
158	97	2
159	97	35
160	98	2
161	98	35
162	99	2
163	99	35
49	42	34
50	42	35
164	100	34
165	100	53
166	101	34
167	101	53
55	45	34
56	45	35
168	102	34
169	102	3
59	47	34
60	47	35
61	48	34
62	48	35
63	49	34
64	49	35
65	50	34
66	50	35
67	51	34
68	51	35
69	52	34
70	52	35
71	53	34
72	53	35
73	54	34
74	54	35
172	104	2
173	104	35
174	105	2
175	105	35
176	106	2
177	106	35
178	107	2
179	107	35
180	108	2
181	108	35
182	109	2
183	109	35
199	133	54
200	133	55
201	134	57
202	134	4
203	135	52
204	135	54
205	136	54
97	67	49
98	67	34
99	68	49
100	68	34
101	69	34
102	70	49
103	70	34
104	71	34
105	71	35
210	139	56
211	140	54
111	74	34
113	75	34
214	143	2
116	76	34
215	144	2
118	77	2
119	77	34
120	77	39
121	78	49
122	78	34
123	79	49
124	79	34
125	80	49
126	80	34
127	81	49
128	81	34
129	82	49
130	83	49
131	84	34
132	84	35
216	145	2
217	146	2
218	147	2
136	86	34
137	87	49
138	87	34
139	88	48
140	88	34
219	148	2
220	149	2
221	150	54
222	151	34
223	152	2
224	153	2
147	92	49
148	92	34
149	93	49
150	93	34
225	154	2
226	155	2
227	156	2
229	157	37
231	159	2
232	160	2
233	161	2
234	162	4
235	163	4
238	166	2
239	167	2
240	168	2
241	169	2
242	170	2
243	171	2
244	172	2
245	173	2
246	174	2
247	175	54
\.


--
-- Data for Name: rfc_modulo_rfc_sistemas_FK; Type: TABLE DATA; Schema: public; Owner: postgres
--

COPY public."rfc_modulo_rfc_sistemas_FK" (id, rfc_id, sistemascliente_id) FROM stdin;
2	2	2
3	3	2
34	34	34
35	34	35
36	34	36
40	36	34
41	36	35
42	36	36
43	37	34
44	37	35
45	37	36
283	92	57
284	92	58
285	92	59
286	93	57
287	93	58
288	93	59
58	42	34
59	42	35
60	42	36
299	97	34
300	97	35
301	97	36
302	98	34
303	98	35
304	98	36
73	45	34
74	45	35
75	45	36
76	45	37
77	45	38
78	45	39
305	99	34
306	99	35
307	99	36
308	100	73
309	100	74
310	100	75
85	47	34
86	47	35
87	47	36
88	47	37
89	47	38
90	47	39
91	48	34
92	48	35
93	48	36
94	48	37
95	48	38
96	48	39
97	49	34
98	49	35
99	49	36
100	49	37
101	49	38
102	49	39
103	50	34
104	50	35
105	50	36
106	50	37
107	50	38
108	50	39
109	51	34
110	51	35
111	51	36
112	51	37
113	51	38
114	51	39
115	52	34
116	52	35
117	52	36
118	52	37
119	52	38
120	52	39
121	53	34
122	53	35
123	53	36
124	53	37
125	53	38
126	53	39
127	54	34
128	54	35
129	54	36
130	54	37
131	54	38
132	54	39
311	101	73
312	101	74
313	101	75
314	102	73
315	102	74
316	102	75
321	104	34
322	104	35
206	67	57
207	67	58
208	67	59
209	68	57
210	68	58
211	68	59
212	69	57
213	69	58
214	69	59
215	70	57
216	70	58
217	70	59
218	71	34
219	71	35
220	71	36
323	104	36
324	105	34
325	105	35
326	105	36
327	106	34
328	106	35
329	106	36
330	107	34
331	108	34
230	74	34
231	74	35
232	74	36
233	75	40
234	75	41
235	75	42
332	109	34
237	76	40
238	76	41
239	76	42
240	77	42
241	78	57
242	78	58
243	78	59
244	79	57
245	79	58
246	79	59
247	80	57
248	80	58
249	80	59
250	81	57
251	81	58
252	81	59
253	82	57
254	82	58
255	82	59
256	83	57
257	83	58
258	83	59
259	84	34
260	84	35
261	84	36
333	109	35
334	109	36
364	133	40
265	86	57
266	86	58
267	86	59
268	87	57
269	87	58
270	87	59
271	88	56
272	88	54
273	88	55
365	133	41
366	133	42
367	134	40
368	134	41
369	134	42
370	135	40
371	135	41
372	135	42
373	136	40
374	136	41
375	136	42
384	139	38
385	140	40
386	140	41
387	140	42
394	143	34
395	143	35
396	143	36
397	144	36
398	145	2
399	146	2
400	147	2
401	148	72
402	149	72
403	150	51
404	151	51
405	152	34
406	152	35
407	152	36
408	153	34
409	153	35
410	153	36
411	154	34
412	155	34
413	155	35
414	155	36
415	156	34
416	157	34
418	157	36
419	157	38
423	159	34
424	160	34
425	161	34
426	161	35
427	161	36
428	161	37
429	161	38
430	161	39
431	162	34
432	162	35
433	162	36
434	162	37
435	162	38
436	162	39
437	163	34
438	163	35
439	163	36
440	163	37
441	163	38
442	163	39
456	166	2
457	167	100
458	168	63
459	169	63
460	170	63
461	171	109
462	172	109
463	173	109
464	174	109
465	175	54
\.


--
-- Data for Name: rfc_modulo_severity; Type: TABLE DATA; Schema: public; Owner: postgres
--

COPY public.rfc_modulo_severity (id, nombre_severity, fecha_disponibilidad, severities, demora_plan, traspasar_app_criticas, perdida_performance, equipamiento_paso) FROM stdin;
1	severity prueba	2021-03-24	2	30	t	f	f
2	SEverity prueba 2	2021-03-24	1	35	t	f	f
3	SEverity prueba 2	2021-03-25	1	5	f	f	f
34	Severity para Actualizaicon ST y St-A/pi	2021-04-13	1	240	f	f	f
35	Severity para Actualizaicon ST y St-A/pi	2021-04-13	1	240	f	f	f
36	Severity para Actualizaicon ST y St-A/pi	2021-04-13	1	240	f	f	f
37	Severity para Actualizaicon ST y St-A/pi	2021-04-13	1	240	f	f	f
38	Severity para Actualizaicon ST y St-A/pi	2021-04-13	1	240	f	f	f
39	Severity para Actualizaicon ST y St-A/pi	2021-04-13	1	240	f	f	f
40	Severity para Actualizaicon ST y St-A/pi	2021-04-13	1	240	f	f	f
41	Severity para Actualizaicon ST y St-A/pi	2021-04-13	1	240	f	f	f
42	Severity para Actualizaicon ST y St-A/pi	2021-04-13	1	240	f	f	f
43	Severity para Actualizaicon ST y St-A/pi	2021-04-13	1	240	f	f	f
44	Severity para Actualizaicon ST y St-A/pi	2021-04-13	1	240	f	f	f
45	Severity para Actualizacion OS	2021-04-13	3	15	f	f	f
46	Severity para Actualizaicon ST y St-A/pi	2021-04-14	1	240	f	f	f
47	Severity para Actualizaicon ST y St-A/pi	2021-04-14	1	240	f	f	f
48	Severity para Actualizaicon ST y St-A/pi	2021-04-14	1	240	f	f	f
49	Severity para Actualizaicon ST y St-A/pi	2021-04-14	1	240	f	f	f
50	Severity para Actualizaicon ST y St-A/pi	2021-04-14	1	240	f	f	f
51	Severity para Actualizaicon ST y St-A/pi	2021-04-14	1	240	f	f	f
52	Severity para Actualizaicon ST y St-A/pi	2021-04-14	1	240	f	f	f
53	Severity para Actualizaicon ST y St-A/pi	2021-04-14	1	240	f	f	f
54	Severity para Actualizaicon ST y St-A/pi	2021-04-14	1	240	f	f	f
55	Severity para Actualizaicon ST y St-A/pi	2021-04-14	1	240	f	f	f
56	Severity para Actualizaicon ST y St-A/pi	2021-04-14	1	240	f	f	f
57	Severity para Actualizaicon ST y St-A/pi	2021-04-14	1	240	f	f	f
58	Severity para Actualizaicon ST y St-A/pi	2021-04-14	1	240	f	f	f
59	Severity para Actualizacion OS	2021-04-14	3	15	f	f	f
60	Severity para Actualizaicon ST y St-A/pi	2021-04-14	1	240	f	f	f
61	Severity para Actualizaicon ST y St-A/pi	2021-04-14	1	240	f	f	f
62	Severity para Actualizacion OS	2021-04-14	3	15	f	f	f
63	Severity para Actualizaicon ST y St-A/pi	2021-04-14	1	240	f	f	f
64	Severity para Parchado de BD	2021-04-14	3	30	f	f	f
65	Severity para Actualizaicon ST y St-A/pi	2021-04-14	1	240	f	f	f
66	Severity para Actualizaicon ST y St-A/pi	2021-04-14	1	240	f	f	f
67	Severity para Actualizaicon ST y St-A/pi	2021-04-14	1	240	f	f	f
68	Severity para Actualizaicon ST y St-A/pi	2021-05-03	1	240	f	f	f
69	Severity para Actualizaicon ST y St-A/pi	2021-05-03	1	240	f	f	f
70	Severity para Actualizaicon ST y St-A/pi	2021-04-26	1	240	f	f	f
71	Severity para Actualizaicon ST y St-A/pi	2021-04-26	1	240	f	f	f
72	Severity para Actualizaicon ST y St-A/pi	2021-04-26	1	240	f	f	f
73	Severity para Actualizaicon ST y St-A/pi	2021-04-26	1	240	f	f	f
74	Severity para Actualizaicon ST y St-A/pi	2021-05-03	1	240	f	f	f
75	Severity para Actualizaicon ST y St-A/pi	2021-04-26	1	240	f	f	f
76	Severity para Actualizaicon ST y St-A/pi	2021-04-26	2	60	f	f	f
77	Severity para Actualizaicon ST y St-A/pi	2021-04-26	1	240	f	f	f
78	Severity para Actualizaicon ST y St-A/pi	2021-04-26	1	240	f	f	f
79	Severity para Actualizaicon ST y St-A/pi	2021-04-27	1	240	f	f	f
80	Severity para Actualizaicon ST y St-A/pi	2021-04-27	1	240	f	f	f
81	bajo	2021-04-27	1	60	t	t	t
82	Severity para Actualizaicon ST y St-A/pi	2021-04-26	1	240	f	f	f
83	Severity para Actualizaicon ST y St-A/pi	2021-04-26	1	240	f	f	f
84	Severity para Actualizaicon ST y St-A/pi	2021-04-26	1	240	f	f	f
85	Severity para Actualizaicon ST y St-A/pi	2021-04-26	1	240	f	f	f
86	Severity para Actualizaicon ST y St-A/pi	2021-04-26	1	240	f	f	f
87	Severity para Actualizaicon ST y St-A/pi	2021-04-26	1	240	f	f	f
88	Severity para Actualizaicon ST y St-A/pi	2021-04-26	1	240	f	f	f
89	Severity para Actualizaicon ST y St-A/pi	2021-04-26	1	240	f	f	f
90	Severity para Actualizaicon ST y St-A/pi	2021-04-26	1	240	f	f	f
91	Severity para Actualizaicon ST y St-A/pi	2021-04-26	1	240	f	f	f
92	Severity para Actualizaicon ST y St-A/pi	2021-04-26	1	240	f	f	f
93	Severity para Actualizaicon ST y St-A/pi	2021-04-26	1	240	f	f	f
94	asd	2021-04-26	1	5	f	f	f
95	Severity para Actualizaicon ST y St-A/pi	2021-04-27	1	240	f	f	f
96	Severity para Actualizaicon ST y St-A/pi	2021-04-27	1	240	f	f	f
97	Severity para Actualizaicon ST y St-A/pi	2021-04-27	1	240	f	f	f
98	Severity para Actualizaicon ST y St-A/pi	2021-04-27	1	240	f	f	f
99	Severity para Actualizaicon ST y St-A/pi	2021-04-27	1	240	f	f	f
100	Severity para Actualizaicon ST y St-A/pi	2021-04-27	1	240	f	f	f
101	Severity para Actualizaicon ST y St-A/pi	2021-04-27	1	240	f	f	f
102	Severity para Actualizaicon ST y St-A/pi	2021-04-27	1	240	f	f	f
103	Severity para Actualizaicon ST y St-A/pi	2021-04-27	1	240	f	f	f
104	Severity para Actualizacion Kernel	2021-04-29	3	15	f	f	f
105	Severity para Actualizacion Kernel	2021-04-29	3	15	f	f	f
106	Severity para Actualizacion OS	2021-04-29	3	15	f	f	f
107	Severity para Actualizaicon ST y St-A/pi	2021-04-29	1	240	f	f	f
108	Severity para Actualizaicon ST y St-A/pi	2021-04-29	1	240	f	f	f
109	Severity para Actualizaicon ST y St-A/pi	2021-04-29	1	240	f	f	f
110	Severity para Actualizaicon ST y St-A/pi	2021-04-29	1	240	f	f	f
111	severity prueba	2021-04-29	1	60	f	f	f
112	Severity para Actualizaicon ST y St-A/pi	2021-04-29	1	240	f	f	f
113	Severity para Actualizaicon ST y St-A/pi	2021-04-29	1	240	f	f	f
114	Severity para Actualizacion Kernel	2021-04-29	3	15	f	f	f
115	Severity para Actualizacion Kernel	2021-04-29	3	15	f	f	f
116	Severity para Actualizaicon ST y St-A/pi	2021-04-29	1	240	f	f	f
117	Severity para Actualizaicon ST y St-A/pi	2021-04-29	1	240	f	f	f
118	Severity para Actualizaicon ST y St-A/pi	2021-04-29	1	240	f	f	f
119	Severity para Actualizaicon ST y St-A/pi	2021-04-29	1	240	f	f	f
120	Severity para Actualizaicon ST y St-A/pi	2021-04-30	1	240	f	f	f
121	Severity para Actualizaicon ST y St-A/pi	2021-04-30	1	240	f	f	f
122	severity prueba	2021-05-03	1	30	f	f	f
123	severity prueba	2021-05-03	1	30	f	f	t
124	severity prueba	2021-05-03	1	30	f	f	f
125	severity prueba	2021-05-03	1	30	f	f	t
126	severity prueba	2021-05-03	1	30	f	f	t
127	Severity para Actualizaicon ST y St-A/pi	2021-05-06	1	240	f	f	f
128	Severity para Actualizaicon ST y St-A/pi	2021-05-06	1	240	f	f	f
133	Severity para Actualizacion Kernel	2021-05-14	3	15	f	f	f
134	Severity para Actualizaicon ST y St-A/pi	2021-05-14	1	240	f	f	f
135	Severity para Actualizacion Kernel	2021-05-14	3	15	f	f	f
136	Severity para Actualizacion Kernel	2021-05-14	3	15	f	f	f
137	Severity para Actualizacion OS	2021-05-17	3	15	f	f	f
138	Severity para Actualizacion OS	2021-05-17	3	15	f	f	f
139	asd	2021-05-17	2	5	f	f	f
140	Severity para Actualizacion Kernel	2021-05-17	3	15	f	f	f
141	Severity para Actualizacion Kernel	2021-05-17	3	15	f	f	f
142	Severity para Actualizacion Kernel	2021-05-17	3	15	f	f	f
143	Severity para Actualizacion Kernel	2021-05-17	3	15	f	f	f
144	asd	2021-05-18	1	5	f	f	f
145	asd	2021-05-18	1	5	f	f	f
146	severity prueba	2021-05-25	3	5	f	f	f
147	severity prueba	2021-05-25	3	5	f	f	f
148	severity prueba	2021-05-25	2	5	f	f	f
149	SEverity prueba 2	2021-05-25	2	5	f	f	f
150	asd	2021-05-26	3	5	f	f	f
151	severity prueba	2021-05-26	2	5	f	f	f
152	Severity para Actualizacion Kernel	2021-06-02	3	15	f	f	f
153	Severity para Actualizacion Kernel	2021-06-02	3	15	f	f	f
154	Severity para Actualizacion Kernel	2021-06-07	3	15	f	f	f
155	Severity para Actualizacion Kernel	2021-06-07	3	15	f	f	f
156	Severity para Actualizacion Kernel	2021-06-07	3	15	f	f	f
157	Severity para Actualizacion Kernel	2021-06-07	3	15	f	f	f
158	Severity para Actualizacion Kernel	2021-06-07	3	15	f	f	f
159	Severity para Actualizacion Kernel	2021-06-07	3	15	f	f	f
160	severity prueba	2021-06-08	2	5	f	f	f
161	Severity para Actualizaicon ST y St-A/pi	2021-06-08	1	240	f	f	f
162	Severity para Actualizaicon ST y St-A/pi	2021-06-08	1	240	f	f	f
163	SEverity prueba 2	2021-06-08	2	5	f	f	f
164	Severity para Actualizaicon ST y St-A/pi	2021-06-08	1	240	f	f	f
165	Severity para Actualizaicon ST y St-A/pi	2021-06-08	1	240	f	f	f
166	Severity para Actualizaicon ST y St-A/pi	2021-06-08	1	240	f	f	f
167	Severity para Actualizaicon ST y St-A/pi	2021-06-08	1	240	f	f	f
168	asd	2021-06-08	1	5	f	f	f
169	severity prueba	2021-06-08	2	5	f	f	f
170	Severity para Actualizacion OS	2021-07-12	3	15	f	f	f
171	Severity para Actualizacion OS	2021-07-12	3	15	f	f	f
172	Severity para Actualizacion OS	2021-07-12	3	15	f	f	f
173	Severity para Actualizacion OS	2021-07-12	3	15	f	f	f
174	Severity para Actualizacion OS	2021-07-12	3	15	f	f	f
175	Severity Prueba	2022-01-05	2	5	f	f	f
176	Severity para Actualizacion Kernel	2022-01-26	3	15	f	f	f
177	Severity para Actualizacion Kernel	2022-01-26	3	15	f	f	f
178	Severity para Actualizacion Kernel	2022-01-26	3	15	f	f	f
179	Severity para Actualizacion Kernel	2022-01-26	3	15	f	f	f
180	Severity para Actualizacion Kernel	2022-01-26	3	15	f	f	f
181	Severity para Actualizacion Kernel	2022-01-26	3	15	f	f	f
182	Severity para Actualizacion Kernel	2022-01-26	3	15	f	f	f
183	Severity para Actualizacion Kernel	2022-01-26	3	15	f	f	f
184	Severity para Actualizaicon ST y St-A/pi	2022-01-28	1	240	f	f	f
\.


--
-- Data for Name: rfc_modulo_tareasretorno; Type: TABLE DATA; Schema: public; Owner: postgres
--

COPY public.rfc_modulo_tareasretorno (id, nombre_tarea, "RFC_FK_id") FROM stdin;
2	retorno 1	3
34	Tarea retorno 2 para Actualizacion st	42
35	Tarea retorno para ACtualizacion ST	42
42	Tarea retorno 2 para Actualizacion st	47
43	Tarea retorno para ACtualizacion ST	47
44	Tarea retorno 2 para Actualizacion st	48
45	Tarea retorno para ACtualizacion ST	48
46	Tarea retorno 2 para Actualizacion st	49
47	Tarea retorno para ACtualizacion ST	49
48	Tarea retorno 2 para Actualizacion st	50
49	Tarea retorno para ACtualizacion ST	50
50	Tarea retorno 2 para Actualizacion st	51
51	Tarea retorno para ACtualizacion ST	51
52	Tarea retorno 2 para Actualizacion st	52
53	Tarea retorno para ACtualizacion ST	52
54	Tarea retorno 2 para Actualizacion st	53
55	Tarea retorno para ACtualizacion ST	53
56	Tarea retorno 2 para Actualizacion st	54
57	Tarea retorno para ACtualizacion ST	54
81	Tarea retorno 2 para Actualizacion st	67
82	Tarea retorno para ACtualizacion ST	67
83	Tarea retorno 2 para Actualizacion st	68
84	Tarea retorno para ACtualizacion ST	68
90	Tarea retorno para ACtualizacion ST	74
91	Tarea retorno 2 para Actualizacion st	75
92	Tarea retorno para ACtualizacion ST	75
93	Tarea retorno 2 para Actualizacion st	76
94	Tarea retorno para ACtualizacion ST	76
95	Backup Restroe	77
96	Backup Restroe	77
97	Tarea retorno 2 para Actualizacion st	81
98	Tarea retorno para ACtualizacion ST	81
99	Tarea retorno 2 para Actualizacion st	82
100	Tarea retorno para ACtualizacion ST	82
101	Tarea retorno 2 para Actualizacion st	83
102	Tarea retorno para ACtualizacion ST	83
103	Tarea retorno 2 para Actualizacion st	84
104	Tarea retorno para ACtualizacion ST	84
107	Tarea retorno 2 para Actualizacion st	86
108	Tarea retorno para ACtualizacion ST	86
109	retorno 1	87
110	Tarea retorno 2 para Actualizacion st	88
111	Tarea retorno para ACtualizacion ST	88
118	Tarea retorno 2 para Actualizacion st	92
119	Tarea retorno para ACtualizacion ST	92
120	Tarea retorno 2 para Actualizacion st	93
121	Tarea retorno para ACtualizacion ST	93
126	Tarea retorno 2 para Actualizacion st	97
127	Tarea retorno para ACtualizacion ST	97
128	Tarea retorno 2 para Actualizacion st	98
129	Tarea retorno para ACtualizacion ST	98
130	Tareas retorno test 1	99
131	Tarea retorno 2 para Actualizacion st	100
132	Tarea retorno para ACtualizacion ST	100
133	Tarea retorno 2 para Actualizacion st	101
134	Tarea retorno para ACtualizacion ST	101
135	Tarea para actualizacion Kernel	102
137	Tarea retorno 2 para Actualizacion st	104
138	Tarea retorno para ACtualizacion ST	104
139	Tarea retorno 2 para Actualizacion st	105
140	Tarea retorno para ACtualizacion ST	105
141	Tarea retorno 2 para Actualizacion st	106
142	Tarea retorno para ACtualizacion ST	106
143	tarea retorno 1	107
144	Tarea 1 de ejemplo	108
145	Tarea retorno 2 para Actualizacion st	109
146	Tarea retorno para ACtualizacion ST	109
166	Tarea para actualizacion Kernel	133
167	Tarea retorno 2 para Actualizacion st	134
168	Tarea retorno para ACtualizacion ST	134
169	Tarea para actualizacion Kernel	135
170	Tarea para actualizacion Kernel	136
175	asd	139
176	asd	139
177	asd	139
178	Tarea para actualizacion Kernel	140
179	Tarea para actualizacion Kernel	140
180	test1	143
181	testeo 5	143
182	test1	143
183	retorno 1	144
184	retorno 1	145
185	retorno 1	146
186	retorno 1	147
187	retorno 1	148
188	Retorno con back up dentro del S3 de dicho cliente	149
189	retorno 1	154
190	Tarea retorno 2 para Actualizacion st	155
191	Tarea retorno para ACtualizacion ST	155
192	retorno 1	156
193	Tarea retorno 2 para Actualizacion st	157
194	Tarea retorno para ACtualizacion ST	157
197	retorno 1	159
198	retorno 1	160
203	a	166
204	Tarea retorno para ACtualizacion ST	175
205	Tarea retorno 2 para Actualizacion st	175
\.


--
-- Data for Name: socialaccount_socialaccount; Type: TABLE DATA; Schema: public; Owner: postgres
--

COPY public.socialaccount_socialaccount (id, provider, uid, last_login, date_joined, extra_data, user_id) FROM stdin;
1	amazon_cognito	663d2057-a1f0-42f7-906d-9dab3816dd48	2021-04-22 21:55:43.514333+00	2021-04-22 21:55:34.235045+00	{"address": null, "birthdate": null, "gender": null, "locale": null, "middlename": null, "nickname": null, "phone_number": null, "phone_number_verified": null, "picture": null, "preferred_username": null, "profile": null, "website": null, "zoneinfo": null}	68
4	amazon_cognito	b341c12e-3b89-44cf-968f-bc9a20d2ebd1	2021-04-23 15:10:43.292909+00	2021-04-23 15:09:06.014134+00	{"address": null, "birthdate": null, "gender": null, "locale": null, "middlename": null, "nickname": null, "phone_number": null, "phone_number_verified": null, "picture": null, "preferred_username": null, "profile": null, "website": null, "zoneinfo": null}	71
5	amazon_cognito	615c6077-3f4b-476d-8056-d6a811db510f	2021-04-23 15:15:09.02254+00	2021-04-23 15:15:09.022561+00	{"address": null, "birthdate": null, "gender": null, "locale": null, "middlename": null, "nickname": null, "phone_number": null, "phone_number_verified": null, "picture": null, "preferred_username": null, "profile": null, "website": null, "zoneinfo": null}	72
6	amazon_cognito	f6302c99-9098-468b-b5d0-bc8a380ba669	2021-04-23 18:51:14.351442+00	2021-04-23 18:50:57.260964+00	{"address": null, "birthdate": null, "gender": null, "locale": null, "middlename": null, "nickname": null, "phone_number": null, "phone_number_verified": null, "picture": null, "preferred_username": null, "profile": null, "website": null, "zoneinfo": null}	73
7	amazon_cognito	a5ed0f1e-df5c-4a74-83ef-6556bdca2faa	2021-04-26 15:36:25.160145+00	2021-04-26 15:36:25.160167+00	{"address": null, "birthdate": null, "gender": null, "locale": null, "middlename": null, "nickname": null, "phone_number": null, "phone_number_verified": null, "picture": null, "preferred_username": null, "profile": null, "website": null, "zoneinfo": null}	74
9	amazon_cognito	336fffa1-e576-42ea-bf4c-a509ea70aa91	2021-04-29 20:44:21.437651+00	2021-04-29 19:49:56.54297+00	{"address": null, "birthdate": null, "gender": null, "locale": null, "middlename": null, "nickname": null, "phone_number": null, "phone_number_verified": null, "picture": null, "preferred_username": null, "profile": null, "website": null, "zoneinfo": null}	76
12	amazon_cognito	a1b0c9e2-978c-4e64-ba4f-0c91a0bf641e	2021-04-29 19:55:55.46155+00	2021-04-29 19:52:19.839246+00	{"address": null, "birthdate": null, "gender": null, "locale": null, "middlename": null, "nickname": null, "phone_number": null, "phone_number_verified": null, "picture": null, "preferred_username": null, "profile": null, "website": null, "zoneinfo": null}	79
3	amazon_cognito	2f0ac9c1-1363-493f-ba2b-3601362fc329	2021-04-23 15:08:50.407227+00	2021-04-23 15:04:39.503159+00	{"address": null, "birthdate": null, "gender": null, "locale": null, "middlename": null, "nickname": null, "phone_number": null, "phone_number_verified": null, "picture": null, "preferred_username": null, "profile": null, "website": null, "zoneinfo": null}	70
13	amazon_cognito	da023bfe-1f25-4ce9-ba5c-9ad31f6d4a06	2021-04-29 19:56:54.939438+00	2021-04-29 19:52:37.377114+00	{"address": null, "birthdate": null, "gender": null, "locale": null, "middlename": null, "nickname": null, "phone_number": null, "phone_number_verified": null, "picture": null, "preferred_username": null, "profile": null, "website": null, "zoneinfo": null}	80
16	amazon_cognito	12ff6fa0-c0f0-48be-b75c-0d4ecd629b26	2021-04-29 20:50:52.236231+00	2021-04-29 20:49:55.504801+00	{"address": null, "birthdate": null, "gender": null, "locale": null, "middlename": null, "nickname": null, "phone_number": null, "phone_number_verified": null, "picture": null, "preferred_username": null, "profile": null, "website": null, "zoneinfo": null}	83
2	amazon_cognito	fbdacd8f-1a19-4706-a9d3-56fd86622378	2021-04-29 21:04:09.091132+00	2021-04-23 13:44:54.989488+00	{"address": null, "birthdate": null, "gender": null, "locale": null, "middlename": null, "nickname": null, "phone_number": null, "phone_number_verified": null, "picture": null, "preferred_username": null, "profile": null, "website": null, "zoneinfo": null}	69
10	amazon_cognito	891c60a5-8260-4e57-863e-ff8340b48452	2021-04-29 19:56:05.205503+00	2021-04-29 19:52:08.269835+00	{"address": null, "birthdate": null, "gender": null, "locale": null, "middlename": null, "nickname": null, "phone_number": null, "phone_number_verified": null, "picture": null, "preferred_username": null, "profile": null, "website": null, "zoneinfo": null}	77
8	amazon_cognito	8500a3e6-67db-43b0-a0ac-259c1e75147c	2021-04-29 20:03:03.548516+00	2021-04-26 17:16:33.279115+00	{"address": null, "birthdate": null, "gender": null, "locale": null, "middlename": null, "nickname": null, "phone_number": null, "phone_number_verified": null, "picture": null, "preferred_username": null, "profile": null, "website": null, "zoneinfo": null}	75
15	amazon_cognito	de2dc800-6b88-4a91-939e-1b9403ff0139	2021-04-29 19:55:52.616393+00	2021-04-29 19:52:54.894204+00	{"address": null, "birthdate": null, "gender": null, "locale": null, "middlename": null, "nickname": null, "phone_number": null, "phone_number_verified": null, "picture": null, "preferred_username": null, "profile": null, "website": null, "zoneinfo": null}	82
11	amazon_cognito	6a45d9c1-fb74-4072-a1eb-b47268e1822e	2021-04-29 19:56:12.174861+00	2021-04-29 19:52:19.633148+00	{"address": null, "birthdate": null, "gender": null, "locale": null, "middlename": null, "nickname": null, "phone_number": null, "phone_number_verified": null, "picture": null, "preferred_username": null, "profile": null, "website": null, "zoneinfo": null}	78
14	amazon_cognito	3a2fad9c-bae8-4c89-8433-66efd77b88d9	2021-04-29 19:56:26.993041+00	2021-04-29 19:52:48.411266+00	{"address": null, "birthdate": null, "gender": null, "locale": null, "middlename": null, "nickname": null, "phone_number": null, "phone_number_verified": null, "picture": null, "preferred_username": null, "profile": null, "website": null, "zoneinfo": null}	81
35	amazon_cognito	729719e4-cd42-466a-a671-378ffd6610b5	2021-05-26 13:47:20.652325+00	2021-05-26 13:47:20.652342+00	{"address": null, "birthdate": null, "gender": null, "locale": null, "middlename": null, "nickname": null, "phone_number": null, "phone_number_verified": null, "picture": null, "preferred_username": null, "profile": null, "website": null, "zoneinfo": null}	101
34	amazon_cognito	5ca00a51-94b5-40db-aa8f-3194de251985	2021-08-16 22:36:51.683569+00	2021-05-12 18:23:20.292306+00	{"address": null, "birthdate": null, "gender": null, "locale": null, "middlename": null, "nickname": null, "phone_number": null, "phone_number_verified": null, "picture": null, "preferred_username": null, "profile": null, "website": null, "zoneinfo": null}	100
\.


--
-- Data for Name: socialaccount_socialapp; Type: TABLE DATA; Schema: public; Owner: postgres
--

COPY public.socialaccount_socialapp (id, provider, name, client_id, secret, key) FROM stdin;
1	amazon_cognito	cognito-dev	12o6drfodo3dqi5287eihr0qpm	ekv57mecd12fcvi4rud7fpes58cr5kmqj9u1b290mf1qe11k8j0	
\.


--
-- Data for Name: socialaccount_socialapp_sites; Type: TABLE DATA; Schema: public; Owner: postgres
--

COPY public.socialaccount_socialapp_sites (id, socialapp_id, site_id) FROM stdin;
3	1	3
\.


--
-- Data for Name: socialaccount_socialtoken; Type: TABLE DATA; Schema: public; Owner: postgres
--

COPY public.socialaccount_socialtoken (id, token, token_secret, expires_at, account_id, app_id) FROM stdin;
1	eyJraWQiOiIzbE5OOWw0Q1ZXclRWM1Bzc0hxQ1JQWTM3dDE5MDBHazNkN3BzQlwvY3VnMD0iLCJhbGciOiJSUzI1NiJ9.eyJzdWIiOiI2NjNkMjA1Ny1hMWYwLTQyZjctOTA2ZC05ZGFiMzgxNmRkNDgiLCJ0b2tlbl91c2UiOiJhY2Nlc3MiLCJzY29wZSI6Im9wZW5pZCBwcm9maWxlIGVtYWlsIiwiYXV0aF90aW1lIjoxNjE5MTI4NTQzLCJpc3MiOiJodHRwczpcL1wvY29nbml0by1pZHAudXMtZWFzdC0xLmFtYXpvbmF3cy5jb21cL3VzLWVhc3QtMV9idmVya2ZsV3IiLCJleHAiOjE2MTkxMzIxNDMsImlhdCI6MTYxOTEyODU0MywidmVyc2lvbiI6MiwianRpIjoiMTRlZTI0MjctNmQzNC00ODI1LThkMjgtZTRiNjU0NTA3ZWM4IiwiY2xpZW50X2lkIjoiNjdwbmdsNmE1M2c2MzZvbnBoN3N0MTIwZDQiLCJ1c2VybmFtZSI6ImVuem8ifQ.qrxeav1xko78vi7l4vJWI0IB9S1ecQqK9uVYpmFM07REYckZolMGKZfwyA5T0eA0vyjRifO2ac92-ePBPS4EVgsX6jjAZuqcCMbAu5kywl6D2SRe12XlrtEax3OtD-jt5-SP85lUFqDuaP01-rZ42tTf73ZQWj5bgJLx1f5iOwv83ytCykJhy6XRtHQKJXJ7l0ObkTfUIShO4C99NEuNRcfNpsZlGDU87PoZqWMBjTXLO1SfEM4aTbK_kL3AvgZj0a_ktPSWl2ExTQsgujIoYoAnbr_ijju6tyy3k6pjMKn230ZjOOsCn3Mj7gBRPWCuC8SQlqOomiWoNAmMkdlEqg	eyJjdHkiOiJKV1QiLCJlbmMiOiJBMjU2R0NNIiwiYWxnIjoiUlNBLU9BRVAifQ.nOfK_ywUgroQNosEeA2yI9ujJdsDjkHBHxmvlluNcvdKPztjZfinpuP-6Ly2dmPSlasWFDRFqnfBWqMImharGNQ8Qu8_e1U4YvzeBJd-yVSnjHAasZ5hk70LRhSqS4MhrM-8FHwWK7pnprtiKZ1G8dqW8IXt3RI09RHvUmnD96LSiV67HzQprSo0tUpMqxJTnjQymoIMsQvdsP5jTh5Jv0rfFjaq1gBUEMrSSH3g-g9AX5E00ehTLd10_sg2j_m7oN7ZB5FRIpg-RQh23EB4JFNwltI6FkfMbYxPYOU4QsCHopp2lZjrceqSMf2U1-clgi5vnY9nQTv-O8gZQx3pEw.WP8nLhWpYu8-ybJs.MBZXCnSsXQKLEZyTmbrb_nttx2E38v3dE6HL8j51X9WvqX33lckGOMezAHxlzE2Buitn6u5IBYi4NPhy0kFphh8r42Uaq4i3Xtd6yB2N15uS5Yoc9PC1zuviQbCLZvl74mHLc8sY4NQfSayzluCbbyV2vtAbpKb-TTcMk4rgXEXZkurYlVtexnrseyvYs-ajcxr2mbMkA1Re_rVZP8K3BXHfiwg7ipNJD_oC3EhQ6dk-zf3JDR6PJdwVa1q8XF17ja-SBhV7Oc8HVmrbWYi6soJWZwhyLsPnWFj2iFVAfzj0aWqsUiMKEe-QbQ6uptOP0g1V7K5DwGb1nbBkoo-T8AyW0geBybcd26eqBv-bCr9IeVcLWqYbhINuVayAJ0jNvsuHsBsTEARfzCmyGv8Ew9n2XOu-opoFlII0vmRtDLFTE3IDqTDrlGaz-_jlgUK9-jjJm1tDvk75CBz0YB4RpbTzqg_2wEuMfb-1o1saEuGuE95vJIKv1CosbQEMuBS9QHJ8R7NSQO9Kouc1a7c5zX_puAHvOZPK-1mF2G7aaV2H6J2htQQWZIwEPnd9-sJu9BK6H46K-RX0nbvosQLEv7Ne6CppcVRtPWsqst-XOx_93LCImUkNY7EZ3Xf0zAH1PYQhBPcQkZJ7C7z7hoctYnVPExzybfJOvILFH8SsOD45zL-GmS-z_jA_mf8_H4zH_BOUCqUaDHpK3nUZOmeU2cHWOLIQBIocqhlyrTCRy6MbJzy0KFl0NlkkI8kpup84znjER6rz9TpVaOHo9h2Bp9HE1QNi7pNCvQGLV1sMKAyEgRi1rpyAqh9-9RdDuG3WE8NVuAKVdLmtXmYwEmGN7Whi4zcvt5-nVakx6WKtbKeu65kIrxnPSoIsmmPOyCaMMKfmUfyqNOIs4OzPUdmWiptW-BYx7lmAvZsja3z_wKWrhKZmcjTlHLS1UDdPdivMHtiXdny7_OmFSstDqUauE4fJchGMWtdtqLBJ98IfcSs25Dt9Rgy9qN9SsYpjMORePHPJ7gRoM_PmzDJIyeaXTasThjXpkQNYwWo-7SVplwerWhp00KUCYCXtzH_ssf3b7M_AaAHYwZpjM09ybloi9fnzDe74Y1kwMIX8HMcw3GM4SbnVrjk0kBZNsbeNARMjOwj5aggoNVnKxbthu_vCd0sDoPAcNX_Xj-Q1aLMxamQyxg.obkt2FtTkWFJFyOxEoz9DA	2021-04-22 22:55:43.325607+00	1	1
2	eyJraWQiOiIzbE5OOWw0Q1ZXclRWM1Bzc0hxQ1JQWTM3dDE5MDBHazNkN3BzQlwvY3VnMD0iLCJhbGciOiJSUzI1NiJ9.eyJzdWIiOiJmYmRhY2Q4Zi0xYTE5LTQ3MDYtYTlkMy01NmZkODY2MjIzNzgiLCJjb2duaXRvOmdyb3VwcyI6WyJ1cy1lYXN0LTFfYnZlcmtmbFdyX09mZmljZTM2NSJdLCJ0b2tlbl91c2UiOiJhY2Nlc3MiLCJzY29wZSI6Im9wZW5pZCBwcm9maWxlIGVtYWlsIiwiYXV0aF90aW1lIjoxNjE5NzMwMjQ4LCJpc3MiOiJodHRwczpcL1wvY29nbml0by1pZHAudXMtZWFzdC0xLmFtYXpvbmF3cy5jb21cL3VzLWVhc3QtMV9idmVya2ZsV3IiLCJleHAiOjE2MTk3MzM4NDgsImlhdCI6MTYxOTczMDI0OCwidmVyc2lvbiI6MiwianRpIjoiNWZiNDgyYWEtMGU3ZS00Y2ZkLWIwZWYtMjQzYjdkMGNiMWFhIiwiY2xpZW50X2lkIjoiNjdwbmdsNmE1M2c2MzZvbnBoN3N0MTIwZDQiLCJ1c2VybmFtZSI6Im9mZmljZTM2NV9lbnpvLnJvc3NpQGNqZ2NvbnN1bHRvcmVzLmNvbSJ9.bC7JqCwADrxqqP3nYoqLXIkw7xCDyNwIw1Cl61NUsHmbJO4zD3pyUQ9hiIMe2Rj06CvvQhwtm9yT7UiTdOxzc9f_0wzsfTf-qKMd_KntZXqwDTui7sQZAgNesWoLds988yMnb91VzcSGBmCypna8XaKvqF7r66vee_vMJakt20lHKBbccZrIEHMmYfJAoUbebggdvcPqYtKcMD6d9TKGw4e0eL83Eituyj-7TaglbRMnWQaypBRi53tDkia5MmiNqY0M4h2_lVau6N85q0QtJ2j_-QSU1zocGnz7AnrLTAxIko5CYwUqsK5vhtO2frnb-SCRAVT56YsZz-NjSC7ugA	eyJjdHkiOiJKV1QiLCJlbmMiOiJBMjU2R0NNIiwiYWxnIjoiUlNBLU9BRVAifQ.ugtT6dEr1ZMTUuafxmx6tH_we0kRtNwY9WoKDwVhWT_r6PjAeNjGO7vfwTv8J6rF1yaPDsVlx1CD11y4EZPBp6WG0s3kVRLnlDhLOuLv3dLUlUAMHqkK_UE7Edpors9zWMgVbkH9fIK3EdEiWUbZJ5VseEex31JSqBZlt3ifO--TxWXXD5V0HL_l0vBlWNPhBjdcLdF_r2zbamMZP21OmMWcMFaoBMjbfJpEDG-bCFD75AFVLuccLZjh1w6MYyvM-66y_oqJRvljJdIhz4brjuZCr16FuK29fTzX4wFtdcgjS_Ga-DhyOtcnHHxEw3-_eWDDoHNuTA7_kqTa5zxHqg.x2cUKqiWDXSk4zDO.Kj02jmeHOWMEWcYFYUB3qE_BqF8lhH_LD_JBTgDQLVSYWv7TLHZQz0P84HfzmreUcHKtzq265oi1VPAHqE4VvxnAuL-wRW61uDLMEOwAmANL4d_7JOHPe_pMp3XWENZRF9o-GDBVnbECNXa8Wzg-RDUlODBgtza0zYtESuvlTWJZMcXHl6tlVcXbBV77okQOj6PDK0p2yH7hZdJWqqqI_JLzAOa-qJz0HZNu0Obz6gebQorpRBL7i9ydpuRGbI6RzwSN_rPChd8Ffq5lJT_VoP3HKcSbRQE75dYcFW-C3Hn9Qc1h4ECl4W2eepq4ijv2tjbg8dhR58etLdNPdmZJuenEQEGDrBWbVI8jw3mdVVPHxrN5qy0g7Oc38kUHeACGXhMRk_8jLDijh6U_8DJqbgwuNmXEP3CvovsmlmabYih82HZhYGde30FNT74cgsVhJyZ0Xh5dCYMZjkR2lsc7UUsjI2KcGbSeeG-wXqLVBsqjv4rB_83fqxFfLUS89-_3L4TmWKx7NqmKR9fKPVn02YzlUiwE2hPcGSb65Q3GQwvhx8b73R35vSH5ffVdP8na-tYT1yTWvuCcOXhTf5vGVGAEIYKk3WJPwIzuR4WxMATqylsSlOQ-YhlAKaFsWoQMK3qWP_oKQe-wujaM4DCMlf09OVMgCjwUQMVAxgA8FZqJyNcbO-QDGWHp22y8XZ5rHWd2XaOgkC7dkm-eLSGgW4VMTg2L3vT5XE-N31Za5seOojmBsR41z8zX91MwC8zGumj7MOGEeNMLp9vJnKEQFkcd6j9YZ1Jm2Qa01FmLFR4iz9m1efLuIhLnAbKQYlxgKyLG4j4rz410L-G-uG_x0k_PSUdETvb16mD-8c-kStoHhOY050Y4j5vGG5pjBseBp8C5cZ_vriwTW00D0UYO7lT6Ni2Tfq-aQylm3lnyKMlolnWqfoaUTL3Bl6DpJlnc9LDtkVpdXTNo5cSGqfkXQ_5KLSGzHHSYY1KKQvydUDMzdbMskrrWcfZXdCBa0h0iSYoDq_hb__D4_2AzzGuy2ZCZl_1CJ1v9EDMjMUuJgjCTO8qojU6OkznWqDWlCtnSuBs_FueeQA_OWBhUoWeNHR7N9peMtTDsfF3YqEUSAMj2Tf-vXk601lj6AHWwWdgqgOj0LQ4spjxuTXzCzuIbfOgucCi3a2uWdpekUTv_i8zDzEnD8lQYDebCcr75rJ9q9f7pUEPoU5R02JYXlO2JoKIKZ3ohgyqSJj_SdfEOQ4-I.YfHc8lBjEo5DuctVefyQmQ	2021-04-29 22:04:08.901134+00	2	1
3	eyJraWQiOiIzbE5OOWw0Q1ZXclRWM1Bzc0hxQ1JQWTM3dDE5MDBHazNkN3BzQlwvY3VnMD0iLCJhbGciOiJSUzI1NiJ9.eyJzdWIiOiIyZjBhYzljMS0xMzYzLTQ5M2YtYmEyYi0zNjAxMzYyZmMzMjkiLCJjb2duaXRvOmdyb3VwcyI6WyJ1cy1lYXN0LTFfYnZlcmtmbFdyX09mZmljZTM2NSJdLCJ0b2tlbl91c2UiOiJhY2Nlc3MiLCJzY29wZSI6Im9wZW5pZCBwcm9maWxlIGVtYWlsIiwiYXV0aF90aW1lIjoxNjE5MTkwNTMwLCJpc3MiOiJodHRwczpcL1wvY29nbml0by1pZHAudXMtZWFzdC0xLmFtYXpvbmF3cy5jb21cL3VzLWVhc3QtMV9idmVya2ZsV3IiLCJleHAiOjE2MTkxOTQxMzAsImlhdCI6MTYxOTE5MDUzMCwidmVyc2lvbiI6MiwianRpIjoiYjJlOTYxYmUtZTc2Ny00OTMzLTg1YTQtNjAyNWYyMGU4MGQ3IiwiY2xpZW50X2lkIjoiNjdwbmdsNmE1M2c2MzZvbnBoN3N0MTIwZDQiLCJ1c2VybmFtZSI6Im9mZmljZTM2NV9wYWJsby5zZWxsYUBjamdjb25zdWx0b3Jlcy5jb20ifQ.pG4-rYB82QMWlYXJXOeUwLT4RhstIK5tVQtxApCRkeqbwRyDBW60zLY6X4lUtz4TurLvIaBEtkaWwpA_KfDbNrg_qyioquz31MGWTMAg4ZvSPkdUiqxQu3J1Y6PlxgSZL3n6WeaNet2qIUX7VB76boVnjdJ0Gn_u6UKMCCqbvm_xfK1hFOEoHG7k_pX7pGi-Qx5_864Ldf2dACaWr9CUEF-LNvGGDMRjOoY0L0CRWZfY43eNentqL7YsivaDPUSB_q61nvMuwWqHNTm_g5mF3_gJnYCAoe6kYCBGzr7UqB-A5RK3XhAUXuVc9xFaD7EYHu_QizIec8X9C238-O6bFw	eyJjdHkiOiJKV1QiLCJlbmMiOiJBMjU2R0NNIiwiYWxnIjoiUlNBLU9BRVAifQ.BDdqS6xjldpq9TmFIKe69Uu2zu5-YuX3NNZEXA6ZVshPMmhVPesBb4_UI7cVLv70pXaPFMRHoTf5gp_SyXMVlfSupXgLmpAu7rFAjrdGFQVD7b-5fJ3rnUlClWgR-N-Mw2pfgrSmrueMIGwpnU9JVotzY3PcqIS8YkHAp3WgJX2Ts4koZ2jcfPs4gJ6u1ICehsrQ-FZP4rLsqn8Q81CJpVe30ZIhC-zTHbbQDBu8VtbfNy6GkyfvDdXuxhbdRjir4G4eATLN_TRX3jDUi736CXh5_EprRwAq5oE8UqT37VajQYCzWTL-tUZDM6CX0BQncg8voBjqGVnrRhPsHJ_9Ng.KjEaPkPbJI_X9EHp.RemNJE95gT5szyya5lAdvUn6LvBt_sNmRb60-pWRPkvyauApYhN2dN9537dFHCVPevPHxseZf1lbfIvoWdl907qd1MgA2oeoUSlMz66NrUCX76APsnDrOFUmB30-YDwnXODSCr-kaQG-eXRM5ymRNqJxRZ30MIHUvFLXb0527hyG6vVvMUp5nt8ENOMIzamlSL0MSOUVtTzQcJMXgqbFzrzdj260BwW_CQDutrb6b9k7-8AjvRxR4EvQowapWLj9OMJiGxToDqYyanvrPtTe0dFesiHdI_y9IOl-F4OjxUes2sMoYBmIYF_XfSJPf0AKWd5Fc0fViOzqosuCMZ_lwiLFIU_VS5SiTvqKA-KMrc9afhz3w_FJNDlIvBx0spBNxtyHQTiFIPbk9WjVzlB4OU4yPtdOUBDzl1QLntNQVnWgZHIB9Gq8cp5Kkt2lL8TRSBmIt7_6vtVxrFdu-QfHE654CB3ysuKlJ4ZSCANp3vT3SE2hOApM1jIaEW4BOFffBhlHHPtvegJ5AMKHvdLwqiV5J9OqmeVs2AjVfrfs4V6Bd3ZgiaPJQ7tZ20HdrjgP6uZE778lRKzJZFsk4ZO_e0j8LzLmXq7cZVEh7g68lpxiqYsHZ95o4eoNbHd4DnO19MY_JflDKY94nrkfEa0d6Yd5P_Ol-K4MZryCvlPdR3OoVf4Lkddp-J8slM8zngEkpIYWfnSZWLnaZehT7v-A8ocGuRqYd2ld-6gkOI9e7oLj2dvkAgAR9_f-MQz52TWgcQnQlzBo2bmtq92fUtAqpF9i4xEIANAxvuMefI20bX2iOjq95G2eclpuwi5LkQ8dh_ZCSjIrZxAWc9ZlAeOi4FF7iKGaKP3pWQ0jGbfKg7BieISpZEpcRjbkI1nHd7yc6tJKgvskDtUcsaIntqdBfUs5dFpxorPL2swl7u7Y-XRgBj6FUHQiFvIG_zheBX76_vbdF2EKY3t1yOw0AxVGO3Y8_4WSf4kEsJEzle_u_4rOCRmKpDB1SUDCYLnB0QQ0vLZny5N2JlxLAMGx3jN4uTQ5FtKBbQBAWy4UIAjqhfZNhjBgVf2SlrXipzL6DoJEY7_EazeB3qX8_DfzUPoC72dJWqvJoo5_fhnOnvhGpGnfXXGBdFLuQ-QcJDnuCs7t-NJPPrBhmnyO0PbzieTFp03BK8TCh4S5AtS6nNbQEvbzdzWGGD3XInB2b6yd3rHRhQNtB6vF3TZdCUYXPxVcfIP8yZRPbcS0FTNJu-DvA_FT7A.SLKx5mjZCwDhppV8rAgRSQ	2021-04-23 16:08:50.296469+00	3	1
4	eyJraWQiOiIzbE5OOWw0Q1ZXclRWM1Bzc0hxQ1JQWTM3dDE5MDBHazNkN3BzQlwvY3VnMD0iLCJhbGciOiJSUzI1NiJ9.eyJzdWIiOiJiMzQxYzEyZS0zYjg5LTQ0Y2YtOTY4Zi1iYzlhMjBkMmViZDEiLCJ0b2tlbl91c2UiOiJhY2Nlc3MiLCJzY29wZSI6Im9wZW5pZCBwcm9maWxlIGVtYWlsIiwiYXV0aF90aW1lIjoxNjE5MTkwNjQzLCJpc3MiOiJodHRwczpcL1wvY29nbml0by1pZHAudXMtZWFzdC0xLmFtYXpvbmF3cy5jb21cL3VzLWVhc3QtMV9idmVya2ZsV3IiLCJleHAiOjE2MTkxOTQyNDMsImlhdCI6MTYxOTE5MDY0MywidmVyc2lvbiI6MiwianRpIjoiMmY1ZDI2MWItYzgwYi00NTU0LTg2ZmEtZjA5Y2U2OWM4OTEwIiwiY2xpZW50X2lkIjoiNjdwbmdsNmE1M2c2MzZvbnBoN3N0MTIwZDQiLCJ1c2VybmFtZSI6ImVuem8xMjM0In0.NQ6Udj5dcFJkGF2tVsRP8hTb5DPB-idDGPLmBGECvXCqeAM03Qs1q-BXieufV4t4eu-JHw580bxhOV0u-z89fLB4dIbqWKhTXemz4bmkhLj8iMdrLdxeOsZG3d75WqXpadr3jVvnLSG4wJn4-wU2cmq4KLwFksDOx2YhdJbQpMJ4MGKjJg4rt3Sac8sucdbfGu-jizpQL4JrtNBKM46wmfaWlqLnWaafxzffZGekVZcOOEfD3bbGY_7SqvKceNCjL8qy5-VvwxW-YnOBniIZiytEPwc9eeHcjANc7Rv7DRZkbHyG3M-HjqtQ_ECvxdi_hLgyeru8qYYfnrrhJgk5wA	eyJjdHkiOiJKV1QiLCJlbmMiOiJBMjU2R0NNIiwiYWxnIjoiUlNBLU9BRVAifQ.bWyA_bTuyw6wjimor52C0vt2F4A1uGDxyt4P4W_ZH1qfirH3y-_1AvBjoOmyG-_56Lt94oPMSCvR-We2_KOe03H-Ttyg4gonuBHPMKlG36Nw7ORG-VnMA4sBSSQdxlWDl8jhNNpRsBzgrh8HdWsPFelsAnQaLd4wYxuCHJgsAK7TJ9gb0mE694pNc-pJcegdS_LCvmkwzt9wRAIVtTMs9fEZcFBQbNISSgOkcsyUfg3Cww1ftmv5BaAxZT7I4JfIyGs3qC1KkHYZ5sYlntL0Aw5GhmuJkjslB3LSpv9xy6vX_K2NXI6XvynqNO2yBk_U_9Ls6grQS6Oub1X9mp9CMg.BKK64Ki-XfT1FJVn.rZZtgH1jjvvFnNddBosZHqGkUOnHpxB8L6AiOhtBYR6wnVsiqs2NhZD0ww26REF0WQPFb_Q-aZLbUOZ_Ce3qtrUCahuFXKTn8ttW7ZsZUky_J2y6sdDuLL5hryMzndmElAZjL6pIIFtr_ENMa-Hi0AD2dSMHSGHnu3UDP0mXg15CatavVI2ssKtBpJnJNEBKrfImhXQgfjuA9CftMP22i3UIyZOOT38B8jlmBSsxLNf4cwciawhA_ClNGP_3uCUkIb12TTzmee22kACK7pgn4Z7HnVzWuXnUonGe46MXEqZb-NYS3NvD73yNYYX4_EK9gVHSoeSkQ1GWGO8nsVCA8Jm5Twd9Cn9T_5LO_pvBHJ4-hiuYWmU8ZifiQfLWxQmtmL6TsCZj4mybI-eN_3JfLhmUvcpqWvVCyOYaECC-5eqkrYc5qd2KNLxANZGn-oXPqkjC11kM3yhcu6HXGLki_2oS0NGup13L-FZLsNlBYaIv8Ezn7bvUcD44gFkcQuksW5-72ds0Z_ib-lP39MytVlkYXx7CoN1Ks9UqV3fSjqvVC0ZtEuDmB_ApnpmrUB4gk4cQ3E1IbfSDzfKaJjRJF-kXw8nBIyo0zefDZF6KE4I9HcgTYxviwYCwdkspd9L2Ixt7p_5IOVcaqRDpoTCmpFouhrYlJ630BDHQajOmP46DD1ngPFZIg0hCxGMFVFgbNwCWTZ1fm1zJDLX33nV2gzXGCqxQwecv2h5ULvyF0VA1kbnoo3KJPiym-cIo6G7OIVNmBpLQmUfL6x5SkYprH9Z53TnyjM2C0lIPEHr4lAvF2AKDXLHU7DGZVN_R2M1f4FwGMVTDLpGHf1vsl7aqEysxeanEMVhNVId0Ed18UXzD2HjxtQiVg8aHa1Cy4YcxTvuKiv4fHdGZ16ol7NCCnuF2aZDG8IjjKachYLf-hW58HwwmGGpYr4A8XaidC7cZEscD5bvrPZRFfTUnXbcopW_NdHgXJiLexNt6HPfgKMSUKhMWl5dZeA3K7Z1IAGRf-jgEB2XSqmwVZgB8GSlBcTyLKarqsJiukDmjQJ0foTSGMFy2r3F-V9nV5k362k729QPJ2PlOiUKkC9YGSEDW6LhOHJT4DZ_Wl_1Tpe-R3zz8PwhuQ-X1hRxXAkLc_45zn8Pd_Ixmye1CgtSrbIAjQ_gxOJrVEKLpRJmwqyEoq4tCTPv3yEkv.OqTncJndb1Wr7GyEwoRT2A	2021-04-23 16:10:43.101033+00	4	1
5	eyJraWQiOiIzbE5OOWw0Q1ZXclRWM1Bzc0hxQ1JQWTM3dDE5MDBHazNkN3BzQlwvY3VnMD0iLCJhbGciOiJSUzI1NiJ9.eyJzdWIiOiI2MTVjNjA3Ny0zZjRiLTQ3NmQtODA1Ni1kNmE4MTFkYjUxMGYiLCJldmVudF9pZCI6IjUzNTY3ZjI3LWUyMmEtNDFiNy04OWVhLTkxNjA0OTMzMTdhMCIsInRva2VuX3VzZSI6ImFjY2VzcyIsInNjb3BlIjoib3BlbmlkIHByb2ZpbGUgZW1haWwiLCJhdXRoX3RpbWUiOjE2MTkxOTA4MzksImlzcyI6Imh0dHBzOlwvXC9jb2duaXRvLWlkcC51cy1lYXN0LTEuYW1hem9uYXdzLmNvbVwvdXMtZWFzdC0xX2J2ZXJrZmxXciIsImV4cCI6MTYxOTE5NDQzOSwiaWF0IjoxNjE5MTkwODM5LCJ2ZXJzaW9uIjoyLCJqdGkiOiI1NmE1OGM1Ni1kYjc0LTRlZDUtYWYzNS0xMmI2NWQ2YmEyMWYiLCJjbGllbnRfaWQiOiI2N3BuZ2w2YTUzZzYzNm9ucGg3c3QxMjBkNCIsInVzZXJuYW1lIjoicGFibGl0b3NlbGxhIn0.k_Wgahm8q6DwtlnxuJaJhIc8r9BPzVDun06bmlWgOR9knYjsI_gVgQG8EXHejFsp6QZVwiMZbsD0jUKPhlx3Rfae5AcXM6aOgsy0E_nyOBuPiQpfxkdMJ8IN5v-LuacnmIv0u7oktk4xaiTpTfddcLo9k3CRE-aQkg25r1_IBm1NcwSYO3y6IL5wbltfyIuEtQGcoh9JrTei7YEBrJfdEHa5LMC2kpa2aRoeT7mvj7p7hehDLuP1DG35YA4Tkl3JikWEC9i-mKoYfbQ9KKDtzroxsJOORa0OCu327E9mGH2qC6jYmZRr20r-ZzjVO6l1a4p688GZxmd4VwzuBvKY9A	eyJjdHkiOiJKV1QiLCJlbmMiOiJBMjU2R0NNIiwiYWxnIjoiUlNBLU9BRVAifQ.qp_ecy6mlvPNcwUT2sFmvf6vbrCy9L_LlK0u3xWO0KguxhhHektQOxdyfg28Yc0z0H7ICnEJSOdLJ5krGdhduvXBUUNCB6e7BxjznF-vQnM-2awnInVtVPaoLe1EIxDzNBK9K3UfYgSmfU0MxSZMz1bBG9JLl1y-sEzXZ0OU7wRtWWucNVQMJ1rEXAyibUnElLD16qmgzBxl1zYr4QVNRI9O7MTuO2BjUyqr6a7Cv6L0Bge7ii7o4b14KRGzzQr836Bzg-ndEBdWu7TEjnYbhVD1uSv5BQ8Jy1WxXhGUjzizTPmpk3jFPDs4Q4kdb253vkBEHSJ1nOmYHdE3ZMG7-A.He6Lrjf-nC9lAQbP.WrUi5HRII4uPn7LIAQ_wiNi46wUiywmAEv_290k9ZbbyLJD6lzAU5pinTTl0Uk4T6QqUvIurfm1A87EtiGuxh4yqXOscfIiRfCmuoTuD3_-ZwRhxsIJMJwPGXT2ycUjsm-6T90-iWQQTS5f2tAGmqDMTTWcOurX2hTqDjf6xJ3xffboBLkIwHLGr8cwErcYhtG05S4sifQUKt9xiYCn8XD-wy0jLba0pO-VH_z-7DrCj7i702x5-RoLRbJ0cSwZnscSPCWJpIDCyaIBDC5oc-AZ9PCanNmHv52hKfnBhBUpdzPg0WfN0FUiB6vFpXSlmIfoRNb4wOpwMHnWp4BpGY8W4eQUcNRYlBF9yVuVtBN1saJPZhpqR9s_54ii_W-mGK4bf9FcJmS4mLe2XfACAkJu2P43uJe3R5XBWjTHuScNAykcuVxCLXkM0WKujFkaFxyieT-LptT5nv0kK5SDgcgpDI3YiaJI2gP8LAYvYSsrWvIPDqjP7vb3KdUakmhAaA_7MfKFYPZU2BqkPjez78B02jHw3jSg_16353_gVJMTwG3S0fA6I3ulmSu4S9BhB5QJ72v3INvcIOvrrhN3H1t6bgD8A86vCYcCcO3o4OhaFB3I_b_rM01wNxfbgjzPlGrxMBql4KvkBXq9mA9cur6-zbIYsSI0jMPd82Qpu3BS1tjvKzh9dT8xBhpdCH4IixqJnrPHiirDzk-n13MfVd0fjCqbt0ZF1zF-kbtf0tDegLEXsqvE1hmNiUDsWrxJ__8STW012uFhqo6U_tDGYg6oEuSSzDIz9md_X-dQp-cdGvI-1gwH5sQekAD6YXpK1ex3YFsP7_RXrYnnPMOwOGtlUWJVSppLBcOAF8W3eybBbRJyAA85VmTWRDreA8IzHAoeJac0GQLqFJ9aoS_MWGkt9EWtma9VYcV6pOnEABOygb9zwPT71QD4Ovfnny4P0iJvo8UqLgUaaRF_gv2ohe4GGR3yMNplXrpVmppkrXDyPVDw1V_U3cdJ12Q1XAMJOLJtE5hG63j_Hnz3dGPgFv0wklzcbSMb0fS6zaHPZZzj7uVjDi6ab7jvaz1hbqsiztGkQYkMoR0OkdcLvL8b0wOfx9Nzkn9ZtkkOxgPbnfn0826A5VQlmp1JLHvSpvfYuwLJV-mOQu11UeXTS5cPREeumB-pV_bX4i7TMR-0Ikr-Jg0jYsqwCjNjEAicHeeGwrOoalDIufRjb1h1Ryouj7N_aP5d8umRRRLF52AthhHdHxZXZd2-TsHzusTayvXbB8U7cpLdHD9Q5DRfDKKgC.h28CfOBK76w_2giIejbACQ	2021-04-23 16:13:59.141+00	5	1
6	eyJraWQiOiIzbE5OOWw0Q1ZXclRWM1Bzc0hxQ1JQWTM3dDE5MDBHazNkN3BzQlwvY3VnMD0iLCJhbGciOiJSUzI1NiJ9.eyJzdWIiOiJmNjMwMmM5OS05MDk4LTQ2OGItYjVkMC1iYzhhMzgwYmE2NjkiLCJ0b2tlbl91c2UiOiJhY2Nlc3MiLCJzY29wZSI6Im9wZW5pZCBwcm9maWxlIGVtYWlsIiwiYXV0aF90aW1lIjoxNjE5MjAzODc0LCJpc3MiOiJodHRwczpcL1wvY29nbml0by1pZHAudXMtZWFzdC0xLmFtYXpvbmF3cy5jb21cL3VzLWVhc3QtMV9idmVya2ZsV3IiLCJleHAiOjE2MTkyMDc0NzQsImlhdCI6MTYxOTIwMzg3NCwidmVyc2lvbiI6MiwianRpIjoiNjFlZTQ2ZmQtOGMwMi00MTk1LWE5NTMtNzlkZGIzZGY5MzY2IiwiY2xpZW50X2lkIjoiNjdwbmdsNmE1M2c2MzZvbnBoN3N0MTIwZDQiLCJ1c2VybmFtZSI6InRlc3RjZWx1In0.tBSP16A68eY-vjwMzMkLqQOrdNnYZNmH5WpqJu7uo3igiW0Z5Cb7HMpS29wgkuVpQMmkp1RaPC_pIcgVMfM01h7Kg3EqpNQAC68ilzvME-RAmZf5mGJZu8ab4rookgsMGM58TnGUjHLjdLPMswbcwySLYB9NcPjD0lMTDFcKwmgoCa5DsNZnssJ-DgoYcdjOlhaTgbWQkqIzt-VgD4F9a-zGeMoksj5R90-9n5CIfPM5VRenjWyXu8PerE4nZS4jf0Jb5V_mVRC4GNP3mbgzXYUioTKZgD0bLsyKoAlhVow2zJyUgZxTROqUjz5s8nkBeb0Xb6Q6j28FW_qRdX7iIw	eyJjdHkiOiJKV1QiLCJlbmMiOiJBMjU2R0NNIiwiYWxnIjoiUlNBLU9BRVAifQ.aUHrrOZN7vVR5558lcD-B1zCfXCVMl-fsqCusd7DM7IthupMW6lS7veOFjkiDOL3jEXegjO8bJmU_MgDiTgf84baoCNolT7KKgeY4bwyLdWhQVrurfPhES-THrOQgakX-b0l3pE9AVALohoIOve9sHcKPhQJ7augfe9Ob9vcuhAIQXAn5Kh-PiQ4kPmqzT80ZXjibUUBpHXGv6op1LHVLrNjzopGXi-_TAwSZKcRXaNx9E9iHS1ejRB7HXfeLcnfGEod1FfN46Bkthb8Ua8kIsKMytE2Au_pLwb0syQVV5xCUICi1cd7X0fmyP9Ra0L0cY39O13HHgSTXl1FwS9MVQ.4l_znYYLt9RKxWxR.NhC-WtxsGKFvnmwVfX7kgbkAPLYfgC2Zd3DtOqXfuTi0rN0kw7BUOS-sHeh7jKHWEP7wyDAIC6aPZtNG-x4Or1BRpmEUdDAZphHgoqaSh0JAs_538LE-EyoGFiXkfYQ0TTtroNynk6Hos-OdAuCxXf4w7vp9BdBevlXBH7HAera2KLAyl8z1J_3Yq0VmKI3GJb00viDV5RmFZzJUVtWzv6u9g-N8afX51_fPfdgFEhYcrec5HGVldhIimWEg1PAKl_osrm22HIiImmZHfcfNdCyu60USpMNo1Q4HmKtvuyNAYQ-a4e8wZKSICKCoeSkPtD0o4Os6oxODqT7ppb6OyYzrGBnX22diRHT3WTjdzWsgvmuy6biEXeBjI7n1qh5sxjZd0iMZMQTEvL3K6HthA0c9oKucJIxDd6gfit0SjVfq2rRnHqy7Eiusxu0WpXCkvvYCBkDoWtQDMB2YD9e31sMe6nd1qjN1-SJOlCI6XiqJAs6wBS-i65VPbV1DS_Gpy-tHbJd-1WarH1nJ8Jj7ra9c5T5wvk0KazuCUtRoL0BUiifnlztRMzYzmalyPjb09NCrFLENYtD5KGFqivTkK7lM7zW6G365JOfHrVelKMWP4aPZtW7eNxo0peqYhVb1lE8HyKhdw_p02js3Ryuc9vHVTjJt3q7XcdGcZPqRGH5PCQkRkT3JwI58H0hLosKMybZ8gyoPG97q_YIzfsJS8eTYIcqUyhNnQOoAnWqQrX34tv1yhG1bVHDfJA_bPQQ7km8ZGk3DlCxuI5r9qeai0XbzHQ3VvpxaOrQCySB-5FV3Gkufm_LTb0StVAp5tWrYpaonm3i_dpPBz6gI51jNAwZ1_8tvKVOzSGgbm6Yy8r1K7QpqizztDqJxqfKYS7KVpvQHfoD12I5FLWV0YZb7YqqwQOtlQO4WU0jsG12gOuOgiAodOnULIcq10GmB06KEhWKaNipkgBINzR-0LFkWOLjJcOWAlw_joDs9gPqvPOD7Ea1jBJKYGRWcFrWwsNGCLuePQB8jqyj8L-RYk3XOkGtSuxVbaKNCf5oozMSWYSDtg_3DoZfHB66sv8zRRc8dtn5v4Vcs2iRJ3vjafJemeFARE-xuULFU4QZlbpET_z82cPCFXUweT-aYELU5Yqh_bWF_T95bPxP-IcApxA1piXN9iL75Ye27bw-d-2l3gDfq8I43avfo.9nk_i88xj1hEffrRSXerPQ	2021-04-23 19:51:14.173629+00	6	1
7	eyJraWQiOiIzbE5OOWw0Q1ZXclRWM1Bzc0hxQ1JQWTM3dDE5MDBHazNkN3BzQlwvY3VnMD0iLCJhbGciOiJSUzI1NiJ9.eyJzdWIiOiJhNWVkMGYxZS1kZjVjLTRhNzQtODNlZi02NTU2YmRjYTJmYWEiLCJldmVudF9pZCI6IjJkZjJmMjkwLWU1YjktNDA1OC1hNjc5LWE4ZmU0OTY5OWIzNyIsInRva2VuX3VzZSI6ImFjY2VzcyIsInNjb3BlIjoib3BlbmlkIHByb2ZpbGUgZW1haWwiLCJhdXRoX3RpbWUiOjE2MTk0NTEzODQsImlzcyI6Imh0dHBzOlwvXC9jb2duaXRvLWlkcC51cy1lYXN0LTEuYW1hem9uYXdzLmNvbVwvdXMtZWFzdC0xX2J2ZXJrZmxXciIsImV4cCI6MTYxOTQ1NDk4NCwiaWF0IjoxNjE5NDUxMzg0LCJ2ZXJzaW9uIjoyLCJqdGkiOiI0NDU3ZmI2Mi1lMjM2LTRkMGQtYTkwNS1kYzgxZjY5OWIwOGUiLCJjbGllbnRfaWQiOiI2N3BuZ2w2YTUzZzYzNm9ucGg3c3QxMjBkNCIsInVzZXJuYW1lIjoidGVzdGVtYWlsIn0.DqZbAtszT6GinwY6kcJV9liHYDnuYXmkdB_ZpdbU8nOyNHLSNcSfQ5aFEeQnHW5K_XTyOkd2ZIzQNT1bV1PixqsC-nGI6DY5nyQTRNwb7AaknxejM5f-2vhAqu90KJJ7a5AG86miYaotexHWi9lhVxyBureLLYVoE0euC0oYnToAWf38wAp761abJHaf6k9QCLR5Rtn2xb9dtM1rtrbR95Vwh_QyxEF2OuMO60ucJG9q4D3_LCEy8JGa7NFqSzXmevnM7zl-YIN0_SZp0e3gGiRWtS5zw7nDjx4OLVYlfgsGlgaAP3IcWQGBRSCihogoCOnzkjQBvd7s8kdPudUubQ	eyJjdHkiOiJKV1QiLCJlbmMiOiJBMjU2R0NNIiwiYWxnIjoiUlNBLU9BRVAifQ.zuLfZfGxL26k5deTvMJa-FcEdyDfSqcd5gxOcuPRY1zHbSrvqcGXiJhECP_qXCGnM6_3OvM6T_81y3PXUe0P88fZPD5TK9ySm9Rvm3OkoWuRsmbX89q6XcTye_q7irduWqhtyUMMlqt_vzSju7GCLrhe3jKUCsIHnuyh8YlESzt3WrNqBbcUfiHW_vMHuuHKgIOReAVMv7EaEv3KrEddmEWYaQg3g2po9uHvpUek5MAZ6H0OdzhNZIefYu7eD4e8QFlfh714PRyi8pcxs4Z2hh9fkJJycOjs_aLjKoqyfrRq4b4dDaZYfaLxMFJchTLvpFe5rCsfUPfWaJ6ub6YI6g.iiQrmF_5CCk7UReL.XGiaOakaMP54zryBIL9icxXFeNMsFpzvNrLxioU3hKLZN04QgIWKgt4YzEs6h1ZfGUDX-fZ8aGIcy9PrVGRiIBFZk8K9jRqMrGujcnSz-YSy0V7EA7O-JsgdD06VsgRxSVOhTh5Co2TOLeM4jUCxoiP-ee32ojF8EbN-6kgJbxT_JiARSFP_3vwKSb9P2SN2Tgk0rw662ZMMbRrlvcexwhQxFEVHj-Y9WLP6xNWtQQgUqI9nQEnpjBl_pPaqQBUbdaYjvHRUbdIHhFNunFJjq9ziUcz1Aq-FbzM93uMo7uzUj4sBZA4a5foHfuOFWm4Lf_XdNf53qvobpnBamhFIKUk37n3ibEzf7imP7uNvszX6nMXYx0zaqyLnNV6SW9zQpQCD3XFXHITszQinqQ6t2hQDZwdPIbqtx-3HD5J_4kFNyCuU4pT_aScRfA2XGDHIA5vlE7eqiHU3H0PAgXo6Xyo146T_eUocD1tfbMwluKWcWYm5zFRLj-EAXlK3yg58grg41LP5RCFlYFTG6t8ZuVZX21duGYUePuWPE8iOmqt45pz6_WldOFQ0Acybsd0GFYbl2ZdK4UCgR-fKNp7UAePUGkPnKGKFO_XahIBHD9SgTOP3u-_HvYc-Aq_g7Gpc6ofhNpRtTAdDtltfkX9Ni8wPEaf4h1Q9D5B42rXzCmfM-WDlC8NbbWU39-phdv28E-fEfzD90J8wanislq0OCr0OXoLRlTySDZXCggiLeUf8UYCsevGvypsixl4Om9Zu7qbYULhOUouOzoArAsdmrwf2OIZLH_9OS8exhZOyvufSIb_vszqMZZrOEXFgKsZsKoUqKlC3xaQwyGqomiYbxsTshStH2vpa-kbhLA33Ejg4Y9-AX6iHNlzTzlWke1Le0hHKR_EuyX_RJ4_A97XfY8OqhvLQLgYypfzSMQfgiMLTV_Ed9uCranRPlk4hvGLFzms0P-lfgLAfqCaMSankNvoWIJm71q72wf1h4TgWg9mic60HtVFwGQTIkXDQM5S3cuFEpwyIvlkOwBJkgk-UYB976us38tjZjPPl056zWTTeQCmZuBlW5fuPE-q-B4kBxCvjsuTyYju7pWudqywIQTQEe8tVoEBzAM9sFpDxRtdWuQOtiNn7fCE_llxJHPKp4_UH0UDDNVlqZJU7f7aXU21_9eHcWS3yDu6pvwDirIevNsE75c9jCQ6O8482kPORu_m6_rtjnHjFxDrd5NSzGHzx8vkfVx4-4w0sCDjN-5MkjO2IyRcabJR8iVwWFIYa_LipOtULK0gfTJM.QZk2JU6KekVy7ycU2x-R2Q	2021-04-26 16:36:24.98659+00	7	1
8	eyJraWQiOiIzbE5OOWw0Q1ZXclRWM1Bzc0hxQ1JQWTM3dDE5MDBHazNkN3BzQlwvY3VnMD0iLCJhbGciOiJSUzI1NiJ9.eyJzdWIiOiI4NTAwYTNlNi02N2RiLTQzYjAtYTBhYy0yNTljMWU3NTE0N2MiLCJjb2duaXRvOmdyb3VwcyI6WyJ1cy1lYXN0LTFfYnZlcmtmbFdyX09mZmljZTM2NSJdLCJ0b2tlbl91c2UiOiJhY2Nlc3MiLCJzY29wZSI6Im9wZW5pZCBwcm9maWxlIGVtYWlsIiwiYXV0aF90aW1lIjoxNjE5NzI2NTgzLCJpc3MiOiJodHRwczpcL1wvY29nbml0by1pZHAudXMtZWFzdC0xLmFtYXpvbmF3cy5jb21cL3VzLWVhc3QtMV9idmVya2ZsV3IiLCJleHAiOjE2MTk3MzAxODMsImlhdCI6MTYxOTcyNjU4MywidmVyc2lvbiI6MiwianRpIjoiYmVjNThlZTgtNWFhZi00ZDU0LWFlMjYtNGQ1ODIxOWVhYTYxIiwiY2xpZW50X2lkIjoiNjdwbmdsNmE1M2c2MzZvbnBoN3N0MTIwZDQiLCJ1c2VybmFtZSI6Im9mZmljZTM2NV9lc3RhbmlzbGFvLmNhc3RlbGxhbm9AY2pnY29uc3VsdG9yZXMuY29tIn0.Lj7lASD1RCvX3lSCjow6teh95AOq7xxXeZpUKz3cPd5VxcfCDfJZl44FIxxH69tlpGSxeIKbOoQGQ9ir2z_Ukjp64K7IJept7JL_toXVxixQcD3bCjUEwwh_XxkSB0wMojE2-Zgl5pAbC_BRML7sIQVDd0Vlb8ci2117TeLMoEDH8l10BHcz9td5ORrqVrLp4PV1-nxZB2sH7G8fPfuPheJDyVMKcHsNUcecKkUR9tzgpPaNUd2l9jbBGXUaZFZbhWu0jwYlQ7n11jI5OqtEvd_NEJbSSUV-vHcSjl7XdhkCbUUm3DcqHcfHdHRpL2lpMogvhavSBLGzcCCqhdq9Iw	eyJjdHkiOiJKV1QiLCJlbmMiOiJBMjU2R0NNIiwiYWxnIjoiUlNBLU9BRVAifQ.eFu5Po-vdX5pr4IiHo8ooQuqueq08wGthZ_YM3_bIx1Pyv8_BBzr_Ga_ZmWIzur37Xo9DoZlGjVW8SNw8AwtckArrbjNB9T9fz98hZRrfV3RWO-AlJ0FbQx48e_a7PuXPV_oJVZ0yyqJOMDdwJWHk7r9872NUYq0puTBT-vZVM_e152qtwNvMOK9xKrztHOHnynwrd3RSWrPw97Is_cUWNbFVJjPqGI0v1PjeuttUvRPeeW0m5f01c_eVJlvd3QdwUnJqABU9Bl2XjrsngKCh74X80mUhn1ZcVxKZgJ-ENxxETV2k3icmISY0EuUh6J95SPjiYB5cdP4BW8PRSOQOw.5izuTO6N5nZFsBOX.ihOREykg3ced6w-DJUWoSATxuwWdVpFt4-AS-v8EIcQJ7eg--ZB4LMxXXwkrZllAbU2L0a_r6DwgmzXpNKeOx5MwnA-xmxWLTGlhl27b1z57rlptzvWd3UfYgvVs6fCmL3zMNr2vodHx0lYIB5JCAChkt2MpPNfOXL5W66WqaGI8q-KTdFOo91Nmt-O_aP6u2jqaSCT2HsjvlEQSjSBDrH-PSIJ88QOhRDkawzkYelAiYA6Pn6NRL35jqGMtNmyF5W8TSogXB5s5mu9U5IzfzADnpsdk3Beb4m0WOtxXRfLgzi__evuaYWebIYggL8Z6TQ4tpJwCgcECVjRnW8ObzwotjwllGVlwC1h424gzcgAkS-4FLNK8rR4Z9QkdOB_qxCA3xCPwXuWSEcW3_P7km9GbgDIzSHfcWLgN2POTjZMmdhye9GBpS_304Me9w8N9X3P8PlvvwT3sWvJIzugBUhgppdxAzTr8uZunh5hpkdiwaA1GnSm_dAJH5q7N1vRC1SpRZEqXzdfOg88Xb5gLaKuV-uI-CwGAWtiaNryZtDAOoNhKteLUmGpawwxndwCiVPE8cdRYuussDcSmHcBV2JwMGa5ySCNSZHWynKmllIQTMn307DMF5vCr9pS4pi8lw8jdsfTo87CnTgOsSI8BXdS8fgf3FHfc1Jvqgo-6DBJrlyz-mKXyOm46VmyWMeaK4WLQM0LXF_8zRCtLW1fEmxLsxFV_lMOcL4tI9SLMZueKUcdNgbgMHJardcrKH-FcZG67y30W7GYcdIjWaqvpQ4Y71DULwzBTP8YlUq-kgXQFt8si5bf4pFCOQkY3LVykvFPs1nw-FtD-hM0nSROh4qA_mJGuLcwhldUWTk9X4BsicydKP2TnJTdDvF1th50C5vfqcBFvwF_qXxr8yhpdxzpINE_DSCNajaa3fNSJQX_YrKbiNgeqwgMP8BSOcN_4y7c6Ex0uQGI-dDHsnrM6HD6j-hMqB9ItniYO7jDfuuQQ1jphfzrG6m3i088EhngMAJHx6rLY5NlLhe_55dDlwz-0DYTEzpxjn8xyrtI--yFCh1q3pYTcehcUyJLj9gQPnQ3wyxgJPRb5gtVgqSnMdBqCXY4Tn7o70-YRrFMfzzP8Vy8rx-Q7PDxEMelhBwbWREcZno72mz0dytC1LeAQ_JOFiaCSZEjjGzAyWe_m2tJmzajaz3cio1--JBny94OFxMqvOoflZY0otkFj-pVzvN_65RMUOoGQ7m8IOXHbuYmj8739_ig5X6wa-4pN5e4._uQ6XeZuEKn6jJbQSV3GjQ	2021-04-29 21:03:03.38872+00	8	1
10	eyJraWQiOiIzbE5OOWw0Q1ZXclRWM1Bzc0hxQ1JQWTM3dDE5MDBHazNkN3BzQlwvY3VnMD0iLCJhbGciOiJSUzI1NiJ9.eyJzdWIiOiI4OTFjNjBhNS04MjYwLTRlNTctODYzZS1mZjgzNDBiNDg0NTIiLCJjb2duaXRvOmdyb3VwcyI6WyJ1cy1lYXN0LTFfYnZlcmtmbFdyX09mZmljZTM2NSJdLCJ0b2tlbl91c2UiOiJhY2Nlc3MiLCJzY29wZSI6Im9wZW5pZCBwcm9maWxlIGVtYWlsIiwiYXV0aF90aW1lIjoxNjE5NzI2MTY1LCJpc3MiOiJodHRwczpcL1wvY29nbml0by1pZHAudXMtZWFzdC0xLmFtYXpvbmF3cy5jb21cL3VzLWVhc3QtMV9idmVya2ZsV3IiLCJleHAiOjE2MTk3Mjk3NjUsImlhdCI6MTYxOTcyNjE2NSwidmVyc2lvbiI6MiwianRpIjoiYzhhMjE0OTQtYzczMS00OWUwLThmYjctNjg0OTRiYmEyNTZkIiwiY2xpZW50X2lkIjoiNjdwbmdsNmE1M2c2MzZvbnBoN3N0MTIwZDQiLCJ1c2VybmFtZSI6Im9mZmljZTM2NV9hbGljaWEuZ3V0aWVycmV6QGNqZ2NvbnN1bHRvcmVzLmNvbSJ9.LL6pvhgrg85Z7N3Mogn6O8OT_KP5uLGz3OW6v-ol8kuL1G2r_oFtlLShNWFWOSXnjoneiwuYXOUrrFsdapfNjlbj7ovXJIu0pMAP-3RBCfFC3bRndzNzhS6N77Psj_PaEd27noTLfYw3xmEO-Z7xRNp2ynWpouLnMdIxBkMU4-VwafbxTDQpVq95DlKP2j1xJAZLV4Qmz9L9ECnELwhkZZ1SaEP2gqKGD8mDO5zDktKR7Ws7RtwOPCApXzoNNuROVSBxxl3NUhJ-U5F2PTT6SWnUvCqxtjKW0O08zkM-DDlGQHeoaX13I_Hf4bUdSTHJw6mJPc7hBwh1ySmeKpccUA	eyJjdHkiOiJKV1QiLCJlbmMiOiJBMjU2R0NNIiwiYWxnIjoiUlNBLU9BRVAifQ.iEnJbrCJNLWAi1J-4cFuQ5LwY-V1xK66Sx5Qcr7UzRGaGwNrz5LNNRSX5BLukmGyMDKGdp_ej9bVP-ay_nTwcgHwbsLe2EBktD59iYOjnzg_q5Y2f_ZZbG11ImQ6FPf20ULI1GwAwM1moM8qMPigHSfcTFJI56UuvR1lFp7xxVrC6ZuZHKgrnXpCaplo25MbdJs1XoUvYn_NvdJPMarTo7Ljml5cfys7MOiGlsdZk_drDHEgxp4Zh_DJraBqs4XgrtnQk1akafr2T7w3qv8l_iMRop9GRltFg9AScBCwclFvXKt5pE35yFJXsnIyIzvqVj-YcP9Ktb5j_t8urTCExQ.NUcZXphN__APnsJq.YdhzlSMbEpi-sS7-R1Z5X60w7cs_tonS-40hGIqLDbMM44dMdVXTi3IsDJV1kulWNSrAhK6OmjY6-xNTA3SNiuY1oF3FapVNCbxDLS9Iok7wQACQAule70muh7Oqviadyc7mYOj9tRkza60R1JFwW6VAwFRH0Jzmwbv2t5mjytBnaWmTU1Q7pIdy_2nc45o4fmEkDuprf04CvGdtgCfBWSqOXwp0VtTh6a-8GK7MkgAlLntu2FCDfHWRoXUO_1T4wZU1-E16sWaF0VOoYkoJT11drg4f78GKkx5Jq7OLmSMVr1eCo_QvQ6bQb1gwo_bP5wJanEdrwspP622pzrLYvCGz9-u2jrEhP1HVdMvE_q2hg9IN3qR9WrV4piaDMgztxKomUeJ06tEQo4IL96Is39p31Fi3HH6bJNlzjSv84x4AXv63Zi3gdBMxTGDvyiR_BhhPmEgh9bXEi8c-TvFrFv6d2HlrjqA7kWfkco4Q-70Q9yDtOJqdD9ekstIMwloGgJ8qgi3qSZbjJFTMu4hTXQZqJUrlY8gzXWsc1yRd7RD1kEPlKZ0Lt76ueuXxSR-ckeGWnTRtXrglwHnM5C-x5xqgs574aFBXWL8FuP8EhSRbYahoJLo97nOQRFrlzSYnmscICuVmd-oP68rsUHt2TZrvqaeDE_hJ7f-hV-9B0mvnUzlHT9VzV1xkwwKh054czWe55kSEsE0qQB_nn_it8oiG2XhJyF43fivWHVt7I30iA6g5keZFm-v737RHvz3-96noXb61QHTykeTIF3Jnkbem4uZ_CeyDxrK1KWTE5G4DQj5PwF-FjnuxhLf_-9IPHyZSZy8xc_zTzh9xpild7xd4SdtDJesESJeN-aKxAMARD98pUgmzqPDOiKHvsUGy57x5JhEWYttCUIvm2RkePs8qbmSojSETuK6kSPh5uevjYduU-jADJOhLmHBWTuXzCEH9MsTJftzxAQ0v-At2wB3QNBMvj5vMaJStyy6mCyA1i1Q3hDh1iDFmVjpzpIe87uiPWtoch_RQnFIL1VfD5_lkMba2S6sDdtFNOW-hmStFtRjeBCOK2-vnRyLZNxr_qXuYxoj5gNg2gGeot-u2IT6-MyU8Zuylx8lRdtgOYfbURlQjDu5QE0ZcoeNHKBWlqPZCH4cUboH4wzoeQajGPK-XvAI6w3jpPm-SXXcKJz9DAkmaxiDawHurNId4rdM_MAjoqcTw2Nf_auA_jSrs8q9TWVBGIZ8bu4xjx7gEroUYy4rHWEpwAjI.GwvRHnzNAnc8jAUUz31BdQ	2021-04-29 20:56:05.106745+00	10	1
9	eyJraWQiOiIzbE5OOWw0Q1ZXclRWM1Bzc0hxQ1JQWTM3dDE5MDBHazNkN3BzQlwvY3VnMD0iLCJhbGciOiJSUzI1NiJ9.eyJzdWIiOiIzMzZmZmZhMS1lNTc2LTQyZWEtYmY0Yy1hNTA5ZWE3MGFhOTEiLCJjb2duaXRvOmdyb3VwcyI6WyJ1cy1lYXN0LTFfYnZlcmtmbFdyX09mZmljZTM2NSJdLCJ0b2tlbl91c2UiOiJhY2Nlc3MiLCJzY29wZSI6Im9wZW5pZCBwcm9maWxlIGVtYWlsIiwiYXV0aF90aW1lIjoxNjE5NzI5MDYxLCJpc3MiOiJodHRwczpcL1wvY29nbml0by1pZHAudXMtZWFzdC0xLmFtYXpvbmF3cy5jb21cL3VzLWVhc3QtMV9idmVya2ZsV3IiLCJleHAiOjE2MTk3MzI2NjEsImlhdCI6MTYxOTcyOTA2MSwidmVyc2lvbiI6MiwianRpIjoiNTNiODRhMTQtOGU2Ny00ZjRkLWE5YjMtMWVjNzIxMDIyOTgwIiwiY2xpZW50X2lkIjoiNjdwbmdsNmE1M2c2MzZvbnBoN3N0MTIwZDQiLCJ1c2VybmFtZSI6Im9mZmljZTM2NV9qYXZpZXIuZHVyYW5AY2pnY29uc3VsdG9yZXMuY29tIn0.v6HyF5854qSQr9iqXuYjoMtpdTtUmrNn9wLm9fioFTkr6Bho3l3SohQt0gt5-wrrIe7pJDnPpB_gZYil04RPcMRd2pq66Cua6cOq0dDK7-liR5WDhBgF2fyd_EjZuHyrD1aHqkQPhuIVDtL3ZCMHbaF8DzKeNU7EtdWOQiWrUBtctJ3rq3yfqT_C0isblWBlM-rBbzGkvcaREbA3Md_M8JGnmXTjG30E6HhKOTnVRUphDzTZvT8Md8-vGHWxEhTjpuLbF1AOf3LpfnXlgxeNRMF9VMOKVHAwg_viS4whdKxklY50nREUvCkR3zr-Wzs51Z6mC9KsV5gxkI8xZiP70g	eyJjdHkiOiJKV1QiLCJlbmMiOiJBMjU2R0NNIiwiYWxnIjoiUlNBLU9BRVAifQ.dt35-vs5WYJbwrWq5IM8p6QXxR1MYuI4ZC60Qm4sn_7VxEPy4OLRHcNwEY9GSKrFi8ZAiAwXakZMqbciXMpHl28hTcVcRK11pzU8kJueVUeKz-fmqFGYCpjpHoJSWRMn3OkN3vaNigt8rm1KaceUhpYoJojDqLIk9f3dmxpn1m9V5032IrlDa7-4_pLLLLeHE0FID8Xaw2UVPJPaJIAnt3QQ5sSIwhjmc8tcxQuGrV8gA6SbnwZjKiUiHhsx29K0Z1camGh74KxL1DU0k6swTYFs-BZq8rdEA1LJw-v4kUhDkZmpHgXnlkmvioUSMR1ylFN7DxGGGm6seX6_zoIR5A.0iYnRgpnZfbPnEsM.ccy94roff2Cqa-GwqmV1CN3hIESBSR_aDQFAL7I2iqfNy7eeCDDl3E0H_VxkrffCM3c6fwkJRvwqpgPK0-jCAhbh8WLkkucuYneMzAOVI13OhJQCMCmhNbxB7silQG7-025mdR_iav_vgi9YO5JXhEynCEtM-JDW4HllyxQQePrkkz5f7kbZHDJ-v--Ekq6BaMmrpH6bHxRW0ja7wK7UGGj8iz7ZTE8FQoUxpjQCmFlyAeMI563c15AqpRPhdW7jdnDZnWr9zJcVhi7VUKOTn381D98PB7SJEiH5N0rU5_sPMu10WhmaYq2T2ZFkeGmsCJrAFOOJtsbMvK4G4Asp_Yv38IF6TvlmhCkdvZhAPDz_HFub61tyZeAequ6G_sZESVyuTWk5zFHBsJ0IFM21M3QBAcEOJiZojmPn7vJhdTkuV22agomJnqWKvl8gmU7FUNMFqN7JCplvlbfRaA5Psaak_48af-S115WZdb9HJ8G31Bd0t7tMYmiE4mgE_xW6MXDlMbBCKBUY2mJWKwO_RXumfdT9IypxoGlTm3lHLTfdV-8EJqRNgXMnFiK4H9Lulpu-ASwC21Us8KdX0vDILuZkhhoSdJr6VGEqqQ9UIidkXHR1XujHA-2GuO5QBdYdthjUtPKRR_rbrhrdTky4A1XUxkuGowD3lYK1UrJAmihGmL18X6GwumUooYGiEQGItumWAs-9H7d3hGerVRZYDek7wjlq0EoD6LsZhmA2EI2iYModyX8GGiNjHR5pIrqByQ3GlSLCXnsUSK1RiDdiFAzTlozDn_TTvV_ZhJ6Ur9Fy3rGEH7KtSkNQrnQoCNvdT1VB3St7JsK2_6YwtI24geYWHXWf4vtpauTsqH8NjBQSe7XhHRTC-RpsJnQTFCawdwXohOBa64joSGKmCNjYrEiGXAjU2FAwhscwm7wjlwkRMLDd5eWFQ_LMPbsEEQ4x8LFXN93zHCXgMzUGXjkxugG78ROWxPtB65S2eCjrUUnA5ngzjyHGByUYYFgNu68v8hVpDVwF9sxEENAOr7mUKirbQutuLl-yyUKyRtOpGM65RcUUM3iMa5bUEnrdQfTIcFFeaStnhy8DDZRzUtkHLQEUcdXzxAbem1axl9Jsgp0ESwiHN1i9Pagq4hg9RnvWhpSYf10h8R5_23p16ZPTHGKocx50Q5Fwde_3ICaeCnlDCxAypBG-MYYJHGSURigRyPt-a6o1NkMlqU8zEhCd51HtvydyJWTDbJxDT-Iq6aSqlPM.cWGWFeZgqBdqVJ7p6DpR9Q	2021-04-29 21:44:21.22665+00	9	1
11	eyJraWQiOiIzbE5OOWw0Q1ZXclRWM1Bzc0hxQ1JQWTM3dDE5MDBHazNkN3BzQlwvY3VnMD0iLCJhbGciOiJSUzI1NiJ9.eyJzdWIiOiI2YTQ1ZDljMS1mYjc0LTQwNzItYTFlYi1iNDcyNjhlMTgyMmUiLCJjb2duaXRvOmdyb3VwcyI6WyJ1cy1lYXN0LTFfYnZlcmtmbFdyX09mZmljZTM2NSJdLCJ0b2tlbl91c2UiOiJhY2Nlc3MiLCJzY29wZSI6Im9wZW5pZCBwcm9maWxlIGVtYWlsIiwiYXV0aF90aW1lIjoxNjE5NzI2MTcxLCJpc3MiOiJodHRwczpcL1wvY29nbml0by1pZHAudXMtZWFzdC0xLmFtYXpvbmF3cy5jb21cL3VzLWVhc3QtMV9idmVya2ZsV3IiLCJleHAiOjE2MTk3Mjk3NzEsImlhdCI6MTYxOTcyNjE3MSwidmVyc2lvbiI6MiwianRpIjoiZmY4NDQxMzUtNTgxYS00OWIxLWE0OTItYWY5ZjkwNGMxMWZkIiwiY2xpZW50X2lkIjoiNjdwbmdsNmE1M2c2MzZvbnBoN3N0MTIwZDQiLCJ1c2VybmFtZSI6Im9mZmljZTM2NV9uYWh1ZWwuZ3V6bWFuQGNqZ2NvbnN1bHRvcmVzLmNvbSJ9.WDiKotBJHzr2N0k1ecwE0_NP_1QDgrEh1j3UcSgqCMAZnjwoysLnwBhaZfzB3I8pfVsJWHJGu3d58DwjxVeeHqG2il1Vo5PEE7W7LfO7WaNaumcL8yBpeS-rf2EN7H5hzK78R3ssm9mzAF_dUnmXDfhgN0a0lEcY5Am6vz6nhA0bozZlB7I__4tmp3q-COj8dSwSYGjGvGru5lxSA5ebphPhf08UNv4AiMNESXLZoPF-dzBBtb4Hjcr2uroVbO6lfCmbiMLgmJb-a-q-tJdgyxSV21_PPZe_54A1qkZl9pvTthWGvT63jyaUGbcdr0bm3RIo2ANnWvZYRLwTwLJJgQ	eyJjdHkiOiJKV1QiLCJlbmMiOiJBMjU2R0NNIiwiYWxnIjoiUlNBLU9BRVAifQ.urLngDDGJ2q3hL92oF6vKhSWV6Bqn7hWyBupW4KyuxQ0OirceJ8x2mjZrXfyWbsbzfKWsfKxChA2GnN35ZB5Ep3U4qs40yS5_bhiS5EZ7RQBn2URbjwoDGWvPAsKUcdviXp9OA4_BxCdI8yySDnRnot7CaknIN0ZBvJpfHnP-2WlAiXOPhCIAe0iYWcbFtzArtQKv_vbsYAAR7ZVpI7TTP9IQzImpaq8xvQhASkvvOwsAytVLpiYjiKfuTnVhtTpUymyV43Lth5TXfeGpM3SvTUnH990s5r3uttK8JZzuVyaaPVxiAgX25DIgHRLD11y1kwb_o0KXqKTSs88ACtOqg.CuF4ZUYtAJpc-FJx.jOiNAwrf2bdrzlNFeWFPmCx1aWE3QRo2p-2uoqpDutJFuPAUAp5SAFo8SWxU7mwXNvwjz-Y4TgGYlpvmlxtC7A-W4LPYo6LnYcL9vqKyZepoNNSAM9avXZcb0S0vXM-NCgrsKURRNq564Do9ZZ9cMx9MgAG-qF-kHovhKPAo6dDVGW8kCGgiWfgcQKQZ_j_DeOwDZmMHBhkDq39Gy_0esVgbTx6mEkZTYLaRGVXy96PvYw1rAUlDhcIZRbHK5cmh5ZSyOkpGHg8HGFMMymAKTLSJPWnERijEmcQI68UvbTIhZWeXomS9EPQAxly-NSFcR7cfW4deS_B9FECgj_hqLnbj3nvl0aY0EsqgGiwlW1ht68tpO5P3TW8ZFP5hNmJDV6z9xVmN2jBl83XV9zd04Qd_KgEXPCNJu8yCmdY7m6pB2rp6NvMFNIdhzgmMpiAeJFQUImYVbUALsp61MLaRHRrRllW3KUSeKtEAoOA75qd843fOILPlJ0LpDV3Pp_JqkGKK2gejuJu6SkMOty6Ah2m9ffqquPppi_9-CgFGyjzLIV6bJ6Fe44eaQklFOQuC8-L-g1i-ih3lgkWgGcm1gR7CK3ofnqH2-UUseXwF-RPFMmfZgFIPJGJfPw35pbaMM27r-Ymyqqkekm1MUaHZdpZmiE-loErKgjxxGMrGo-34bHRgNdsYbAzWR3iUGN5Iy0UihneHAJHlymmYII0tKCsszMntmXVAChmQMAZRixAy16bhpPlavvQyI6Paq7G3qG6WdTeKPMJEIP8Owzelppy8WoitFPOk7UDSNH4JX53gl7qYkF1h8MZt0SmoRY-2NdgpneR1wOud6IWGe-9Ex78ebS1ZxrmkMguhvY7nY8u86BmsMpfdWWGMpAH2BpBz4rGONepqnWKfS7HTbrPRzYYCDrywNbpHereXGUTCpBxV7AwMLH-Jy9JdlYr2XISTvVKJv6KIz-Eq28AIT40Bn_8tQJI8Yu44AI7rDt5l4akayoyp7tdUOU9VVhsm6N-vAQ5dS809DH20tr5E76-TdeCdKXCseAbnii1Gjw_aFHAovQmBuMBLF4f39rt6ycEEUX5OSDVQiJ0TFKlBAA-4EWesgv9xxyhkQE7viPbyrsf8gEpM9WkPECa_CtIy_OC1ktzOPpXfBT7YH6dwUABQHoukdwF-1hbPryCY9zaVxE5hwp8MDklTHrOeK0pFKSquEaMhMaKFsNkYrKAfXL_f54lh9tcnq634M3PmUrBFdt9WNrCJPA.aig9ATV1g_DOlwvA_9rOnA	2021-04-29 20:56:12.003631+00	11	1
13	eyJraWQiOiIzbE5OOWw0Q1ZXclRWM1Bzc0hxQ1JQWTM3dDE5MDBHazNkN3BzQlwvY3VnMD0iLCJhbGciOiJSUzI1NiJ9.eyJzdWIiOiJkYTAyM2JmZS0xZjI1LTRjZTktYmE1Yy05YWQzMWY2ZDRhMDYiLCJjb2duaXRvOmdyb3VwcyI6WyJ1cy1lYXN0LTFfYnZlcmtmbFdyX09mZmljZTM2NSJdLCJ0b2tlbl91c2UiOiJhY2Nlc3MiLCJzY29wZSI6Im9wZW5pZCBwcm9maWxlIGVtYWlsIiwiYXV0aF90aW1lIjoxNjE5NzI2MjE0LCJpc3MiOiJodHRwczpcL1wvY29nbml0by1pZHAudXMtZWFzdC0xLmFtYXpvbmF3cy5jb21cL3VzLWVhc3QtMV9idmVya2ZsV3IiLCJleHAiOjE2MTk3Mjk4MTQsImlhdCI6MTYxOTcyNjIxNCwidmVyc2lvbiI6MiwianRpIjoiZThjZWY3NDgtOWY5Ni00MWVmLWExOGMtNDg0ZmQ4MGExZjcwIiwiY2xpZW50X2lkIjoiNjdwbmdsNmE1M2c2MzZvbnBoN3N0MTIwZDQiLCJ1c2VybmFtZSI6Im9mZmljZTM2NV9qb3NlLmNhbWFjaG9AY2pnY29uc3VsdG9yZXMuY29tIn0.gZO9tarpmO6mhMYDM_K76zPJnG6z8lz9DUqXCcUk_NKCu2aVEpACnaoRIz_ygpheBffiDF0YpCELn8j3OX9hSFMAZ6_LC92KZuAnPzU82vW7_79oDYxRpw1rDsiKs3ebUoW6fSeJc2VGAXymviXN3vcmv8Q1g_4-fnFFqgqZUOwJbcC4LPoRpi43F_7rmjuRcUmIKXRuwTt07u2UDIdMbD1xbYHWFYErM_kGpbSXx5sOkH10PEQZuXZavGfcqZNpHumsFwIMM0Z0ghyIvx-IN5j4hzX0u4y8yrUkE-AYjNrP4v2y36VskzCc5GezO5RXlBAYPyotIrPZpK2ZfDqlRg	eyJjdHkiOiJKV1QiLCJlbmMiOiJBMjU2R0NNIiwiYWxnIjoiUlNBLU9BRVAifQ.D8-2_M16sG85fCsd6XHHzvn6ZxaEhEMjdnvyFgqZKALQDvRzHnoia64T2tnunH1YkkbNM194XzoaOVRi6cQGDV0SqQFjLPhKSwPjOZRUEfp6poZANt5ZRm5fVyg4UiMlowiZ5pYcDy6lpL5YdHn6FQ-XR2VjT4zoSVQpAK2U8lXthzEiFPQHNIBcDWHck9r-e4UXqAo8OUl_ph6JenEpC7ccgVnvrAnxPZDH2b1KRTWoqIJxu_95MDM-Paq8ZGSfai3SDq9hrBNGhxTL8L8SZavJt9fOG_oMxkhIMzxDbAaPL0WpelniposmEfr-V-zRqvzbxMVn6FBFC7zJDV3Tqw.pFasTR748v9vsm_F.OQV_6WD8OGrNNy5re0o3xXzN2EyPl7aDe7OmSjl0-cUNsygD4wBKwLEEVMhThPDB517Hc3CBpR4nXwOMoA6Sxgu5Z0tbltC5x6P34rdmNSZVGgJs2voXEX382wncREOQn3Tvf1lHFc59aaMxHjDwQ4BhEHvZmEsgGmD3HGZ_EaUmW3sbKLujyLSU8CZ13xFgNVM8nyu3fwL81yP1QUjz3rLd02sGrKtV59PCa41pbk-__RhWJO92brgbAa4GahbHF7i1eDNphC-T2c_k3m9oKy-gQUwFxT4x8VV1F4i1sqBme4AE8amItLxf7CPsOd_SYC-_FYQZbDq47RM2SRUinsaG3BtcjNficIu1KqgAdXbCSlJhzbeSkFyh2ERIj_AkIS7iJFP8EhTkFpsczX8SeiBsBXFsc-WQbVfYjXE-7Pbwf4ZVFhMVRPfpqTy_tdUiwQtKuDnHosRzqMPK6t7U_786q7MFUo7fLft71g-03PMuZEUVxEbenKZunCX1w89cxNHoGLjJcb4aYkRBTX90QIB9XG3OjsbDXODyqv35YSFV40qGPErmnjRZGVfiR0Cqvh7C1tkPS6QghtGLXsqK-pavKlgi11pfvMgH0BGKPRaHwvH-XsgXhXEgZrm4oCsT56qkyyOrquax9azksTr3DuZ4Jo4s6Nhv7l03cykHP8LeUSPuuU5T722iM_BcQU6qQJQ4Jpt52PBQ_nch-eufTCnJYH4UZfavcLr0Dzc1V8DeOpYDxMLqLcjL1NOmbk_ia8ZlrLQykFH_uOrXa5q5TLxQloXbsK_qbN_jGZTv0muLzqaiYcklFe7qkoY5Fs8H73QRduOA9EE-wTmgJjpCIrEAPE4WcfOTm4ti-AswGeOPcm6wVGaa9y3P1AzbAM9dWdw4fLUg-uKFCePI3_TEtVlg4zBywSn2BKv-t9iDLpJW-_DOv0FndfiNi_UMSDeEy4mmkhqDzuIyOXSMGLl9ymFNzuTd2epUlrVMa0mzdtc_wnrGLzaQRWScZ_lDiZ1BJXEJ7Z-XO5yGPzOKX2ym1OcCFy1jQO3LdzBZFTq6vf17M3JWver7iNXBOasKbG-0b0QC9n6s1iAuEpmeVr-Z8HcRX23iYJSVO2En-9EsdKYL5-VPSSTd_NhQjfEopYyBWoLljj2_6_7eumCPGrM6Y_vXrByHLd-95CcuxTIUNWVpuolYEu__EfmOV0lsVfdGXdDOQJwew7xPNaRHhZqrYlk5IcENxb38a5YFmmH0TMGwKiQ.27wtda1mRZxctOl5SGgATA	2021-04-29 20:56:54.837776+00	13	1
15	eyJraWQiOiIzbE5OOWw0Q1ZXclRWM1Bzc0hxQ1JQWTM3dDE5MDBHazNkN3BzQlwvY3VnMD0iLCJhbGciOiJSUzI1NiJ9.eyJzdWIiOiJkZTJkYzgwMC02Yjg4LTRhOTEtOTM5ZS0xYjk0MDNmZjAxMzkiLCJjb2duaXRvOmdyb3VwcyI6WyJ1cy1lYXN0LTFfYnZlcmtmbFdyX09mZmljZTM2NSJdLCJ0b2tlbl91c2UiOiJhY2Nlc3MiLCJzY29wZSI6Im9wZW5pZCBwcm9maWxlIGVtYWlsIiwiYXV0aF90aW1lIjoxNjE5NzI2MTUyLCJpc3MiOiJodHRwczpcL1wvY29nbml0by1pZHAudXMtZWFzdC0xLmFtYXpvbmF3cy5jb21cL3VzLWVhc3QtMV9idmVya2ZsV3IiLCJleHAiOjE2MTk3Mjk3NTIsImlhdCI6MTYxOTcyNjE1MiwidmVyc2lvbiI6MiwianRpIjoiNTM1ZmQ0YzQtZmZmNS00ODZjLWE4YzgtZWJiZTA3OWFhNjYyIiwiY2xpZW50X2lkIjoiNjdwbmdsNmE1M2c2MzZvbnBoN3N0MTIwZDQiLCJ1c2VybmFtZSI6Im9mZmljZTM2NV9sdWlzLmR1ZW5hc0Bjamdjb25zdWx0b3Jlcy5jb20ifQ.F5ErbvkxfeHzCj6VH2cgri-VuNHAgX3s2Nps1pihrmz_3Fxsy0PFY9wMftryksWqOyafQsdt4WX68A7nFSYbiT2GmJKBOaO6MIBubwPZajQ10INZQQS0nB1U_OSI9DWlEisqqFKcwcyTVHnee7d_P2NknmvKT5JG-ygeWuAOsmZmdSbqcfvPifgPUQswis64HNZz9CtDgxPpdpTRFAi0KRrnNcYw_U9trsulYp3yeyXGbcKnM3hIyMB7XvIq47hd0_uj95SO9_2ry3Gfl8KnVoWcc5r7MFKe3aDaR5XYUD5qrWh73v7d3b2oRvirP3w3urbNa0TGZaRFQqE2dSvEaQ	eyJjdHkiOiJKV1QiLCJlbmMiOiJBMjU2R0NNIiwiYWxnIjoiUlNBLU9BRVAifQ.FqMKB_PKad8oCRlYshGRKEgERwHa4VVSeHLvBj8nWm6CZaC-B44UZ8OC6d0TLM0FovNh7onh_7kXACHpWoty79NXdPAkxjgf6OlQgleeMX924sMTkc0eiVIKZeFJ_qzRQERdUWUo6Qbgdd2ZucvcpkMNRt2p_yD4l5GnDgxjfRVGXkk3WxgYHh6kdZfLWI8EvEM-zyXLtylWqWQ7-1cb1PeaSPDKs0OLOnQQ8IudsDgibWRujkVhC4WoVV_pnI6mCTsuxYoNFcNZJq2LkK4a5CLXa_9DJkc8iXL5Nbxsf0FL7Kg7mpTDrCnt6QGDqPVUKMsTXoxcDTYVTq5WIY75Ng.2f_x5IazrBdbNal1.FFU_7DgYKqv_T44L-XbEcPjJrdzo6cKT2yUkwvxWjYI3DiPA6ON2pY-kvNe4PFL6pYBpmbf3HqgCx8bRaHheFKdimFHXrXL-2nuvdPJ7YWmRo2SDgS6ykb5eGhtAe-DUUQgiMDL92trivppV23FbYsjKLq9b4WCvqNU_GknzvmBlRrcp9-4LapSe0k-CLK26-bzFfaYGmIfD03qeJJUfW_xQ7KPnfO9mNJbANG0vrKKFFy9KQAlN6lYcH_DkywBYVnqCibFDK8wcdCvLpj0CpZmsp5CpxAd809GyEn6BewkdTmH-9IVVGwqP6y8wMWvEnQK5fwLyGVUke8V46VQsTEMR4inmEUamWVzjk6aYFGZNieD38-sGCu2DfIGnwSClbQY1ZVGdMONuyNEnoCLU2CPDnZBifefP8Lt123FA0NcMdkKmBIA1gUAMaLq14UseRotCiiVH0OshCyR4YUP1PbZoOSMfjDwJTLChoaPvP_MCP_Vt64lsIaIj_uN0toickfOSodEXdTy-tsiEdhzrdatI44Z8DnE53YAj4PiKHGF30l0WRQyT5E3y7xvc9XzQngldm2f6_uniZMNsuZErH7son1HOBapsSl91yYpA7EtBdK9PoB6ovN0zgTjrsyeaoPEodN1L1SAlYTHTYe8_t77JcW6vbdLx-EwS5ATcTFgr9waf5ZvqUxXyiwUOhwr4iePXxVC0Zw00MlpYjI0Fjzb4kjTyA48ByqGkiHdQDWhbZXigdaA5ljEOvCFvqJWtbG0gfandKFhPCxiN_gTwzc6I-1gUXyKH_iP5MVsw3Wyz0oRRkgtPnl8wcdImfQ5ePaYn-iivFqCX0D5_cNWQ0JOfs1JzUYBrGE4ARk2bU3kAfMUw9nVgoryVSOnZ92JkJwAWFgHKpRKE3-IrqoC3nUdM8OVJHxGy-ix12WMTuPKSUYtWMtRiCbUDXyzFYjG3FdZyOaU-FtFA1eE3vjZQfV2J803h2hcOm4OtudnnGGZCZJtmKHwSpVf5RE-dTYDyGcD6ZGinBhHQbREIZr_WayDN_ydsqkX8gb5ZL_QJeE6LVA7oiNiEftnytBtKR7JBnqVI7_Q4yOrsShd9D8zWXrI7HpoEHFM_rI4BPJ3t2JohK-0PZTOnapAmhzbhWIdvphgyfNZg-vL9RLmpP5JDQrUVrgbUQiO9KU6BDg-ix62A1qLoP8foAs8yJNSIQz-aJ8no6NSpRcEhvY6A3-wvOoSDB9F8Xh7_AgqUrVmZFYB5hg.nDu45q35Mvtesx1SJz1x2w	2021-04-29 20:55:52.399258+00	15	1
12	eyJraWQiOiIzbE5OOWw0Q1ZXclRWM1Bzc0hxQ1JQWTM3dDE5MDBHazNkN3BzQlwvY3VnMD0iLCJhbGciOiJSUzI1NiJ9.eyJzdWIiOiJhMWIwYzllMi05NzhjLTRlNjQtYmE0Zi0wYzkxYTBiZjY0MWUiLCJjb2duaXRvOmdyb3VwcyI6WyJ1cy1lYXN0LTFfYnZlcmtmbFdyX09mZmljZTM2NSJdLCJ0b2tlbl91c2UiOiJhY2Nlc3MiLCJzY29wZSI6Im9wZW5pZCBwcm9maWxlIGVtYWlsIiwiYXV0aF90aW1lIjoxNjE5NzI2MTU1LCJpc3MiOiJodHRwczpcL1wvY29nbml0by1pZHAudXMtZWFzdC0xLmFtYXpvbmF3cy5jb21cL3VzLWVhc3QtMV9idmVya2ZsV3IiLCJleHAiOjE2MTk3Mjk3NTUsImlhdCI6MTYxOTcyNjE1NSwidmVyc2lvbiI6MiwianRpIjoiZDJiM2NmNjctNmY5ZS00OGZkLTk5YmEtNjY4ODBjMzc4NWRkIiwiY2xpZW50X2lkIjoiNjdwbmdsNmE1M2c2MzZvbnBoN3N0MTIwZDQiLCJ1c2VybmFtZSI6Im9mZmljZTM2NV9lbGltYXJ5cy50aW5lb0Bjamdjb25zdWx0b3Jlcy5jb20ifQ.vvaW-UWVx2ydP8X7OrP3iOnhlY7wYJGlDADMkLZXpPd12Ek-IpT2WgsGD-Rti7Eo2MBCWvAa175I1Io3U0e5ApCd-hq5fL3qzuMJvf6iOq8iJuXokD9nkATa00FproSAwmJgZtqDH-qm3rzai6Qe7C9ZYGZmSepbHH-QqmmQw5U6aqeDqK3vrqUevh_GbqFg81XtCMt6yIoWczvQhQX-yWmZ3uzZ8v4z-OzfMji6Ez638O3euUNDFuHxhV-L38wJ-jrsfyLusiCBwHQZUFhUCTOkdJJTAa1AbMGwwq_HHjtk3U3Rn5bk1bZf1vQSnnnHG987IRQF9fjJzAxZoTk2LQ	eyJjdHkiOiJKV1QiLCJlbmMiOiJBMjU2R0NNIiwiYWxnIjoiUlNBLU9BRVAifQ.GgpnYVHHoS5VuSJe-OwtValiBuYFgXeM4p4QB8p2zgOMY5mRh0BOlYyUm9BpLOR6COu8OlLTiTBvrNG2XX15EnGKqsA899Lq5tFXbfrsTK5hSb8dMBqOEcHDEOQkWUzpk4Sl-dkB-YjOVGidMtM4a7ZWgP0gvJ2leDJ3g5X9fWUjA_3iEAFt2m9g5L6zM2LvTRC_ZA0CU7RU5cSWtDci1dVCduxj4UQcOBJ70xmB2LVGmVxfjs8yo4J-PuzBjUX2M334PkNvEPKY3dRiT86623WSpQg37PtmDtEvgHQaF_8ucNNiJqYUX-X2SSuX7lmIIO7AIs3CMOO0gUyQB6Ndew.Fp-S3k01B39l6GrZ.HnvmZxvuBpYRmBZROVZtTBlwlNCwu4YW2mWxQxxyLFhd-frPlo9Ewb5kscDP9N2EklfJk_GGsX0mCACCmO3w5pAg70cJDBI3aqrg5pZy5zE5upggK_P3h0vMql80v1PlP1WhRA8yRkyoNNkfhEIQXZqIEJopJmtCTYyIfyEgBnKttdUgUDv3OBXD0fNpa8FSZk1jKotC4gwV3dH71X12zRxIZA-EHsiAHCqUgysOlFtee8Vgbp0JJ0J2a0szDlDjkWDrThE0xBauL-0FePR0-sXVQm0gUPAoQu1eVgLwqAaN4KZ0bl_QD1g2iNRkAAntWeYlw0y_IzcR8dvnBMP0pFQ9EURlLyIr5flcyz9Pt_hP2o6mZ3FlKaUiKXmQ60dM8d_ceUyzqKkl9FYi2aCsrdPAQgYjvRhrUDk133cJFwe8w9WJjXvvD-WHvug-1c9xv_Ww2dEI5GU5VnLR0lcz73LtC3FPcVH5CLbJXwKuxpnH6wcCbbn_vyDXtKQ3jM9IK4XFTaz_RW41omBi5g-_R4Px5QC3ea6oAxsCXIRbvnnzz_bKWxuehIvTqvvP_2OiVvEr-5oWl-QSm_zrc91oZ_Uyt16X_fzJSCcPjDnDKI5Tx480jY1c3j_602m5XdY7NwgwMDTg_EUNoM2RCbWJg6BkXcOjHK6ij9uP8qiBzDM_4r-AqGETNwSsf2KOo-X8L0uOy5-qB3-YoQSBukRATXb0yBfpuBtLmldM7ANwQdHja1eA5fyzEk24rueTeplgQ1jxBe2RaSKTreNxmbJDCNm_gFyPnDIM4zmv79dxCHxdj3c0vipHb1NODB7WGYh2o7KJZI9OqdLPxXfSPCDdqzqKy3X7T7TU2yv2blO8xLK7v6Tfq0qxd7yPJV-6FNyxaSkzj5_FpfIeJrrzdhZSAUSDgupG_k_NWvev9K1IFRAphqDXfXC4pvZcBoJ2NLW7PEes9cHvxUWqREzOBDcgdPS0Dh08coc2ebwftjXjzaIza1dDpoS420ol7U-imwW9T4S9D10YeW1fg2G1YVLO0yEO5_EEn7KvdazGwalKT1zytN7SNKgEz1l7i7Zbw_bj-3Mu1RcwsIxZCbImOxKo29p6IcVlRQBDd8l97Ht7qCSdqKS_K0TVRwHGX8BaQXWrunMvVFDwzfexIQ7d72I_QQsCiFsZi-0sb76xjtkjvo2Krfms_-ne18A_EZN5M-RGIHw11RMySmXOknH5pTYqwzkKMu26En6FIo05crY-MM-91yJ1dQg.ByRQINPsDEcmjqb2sOQ8IQ	2021-04-29 20:55:55.277347+00	12	1
14	eyJraWQiOiIzbE5OOWw0Q1ZXclRWM1Bzc0hxQ1JQWTM3dDE5MDBHazNkN3BzQlwvY3VnMD0iLCJhbGciOiJSUzI1NiJ9.eyJzdWIiOiIzYTJmYWQ5Yy1iYWU4LTRjODktODQzMy02NmVmZDc3Yjg4ZDkiLCJjb2duaXRvOmdyb3VwcyI6WyJ1cy1lYXN0LTFfYnZlcmtmbFdyX09mZmljZTM2NSJdLCJ0b2tlbl91c2UiOiJhY2Nlc3MiLCJzY29wZSI6Im9wZW5pZCBwcm9maWxlIGVtYWlsIiwiYXV0aF90aW1lIjoxNjE5NzI2MTg2LCJpc3MiOiJodHRwczpcL1wvY29nbml0by1pZHAudXMtZWFzdC0xLmFtYXpvbmF3cy5jb21cL3VzLWVhc3QtMV9idmVya2ZsV3IiLCJleHAiOjE2MTk3Mjk3ODYsImlhdCI6MTYxOTcyNjE4NiwidmVyc2lvbiI6MiwianRpIjoiN2E2OTc4YmUtM2I0Zi00ZWNkLWE0MmItYmE1YWFkOTJmYWNmIiwiY2xpZW50X2lkIjoiNjdwbmdsNmE1M2c2MzZvbnBoN3N0MTIwZDQiLCJ1c2VybmFtZSI6Im9mZmljZTM2NV9mZWxpcGUuZXNwaW5vemFAY2pnY29uc3VsdG9yZXMuY29tIn0.mUbIXbd9gk1erfVosjeJ0iHEt6R2Ri5nVu1ra7iilk32GlXqHXV6anhecVyfd_sHly--wra-iVrutFCMdMnGqICF1O4KND-npMIFAZuEcacw4FhYzoMnApXzBX3HmrFO-YtzdRhf3rDiHRe_sf-h88gtlhvrb0RdMn9cp5QXi4P8lIiZ9pS7xjs2HqYwCfHpmUKERt9QkHZ-3C9c_U4jTaYPu_jg0pA-gqrxNTyIbwWi440aT2exUtbAzlItZPtLMsHfnfpimNvTfbI1SZ__WGRjzYg42WalBllNf7vNybRhsSNZjOoGsQTLsTBI8b7ELj0MOj_zlROsr-XCHRBSng	eyJjdHkiOiJKV1QiLCJlbmMiOiJBMjU2R0NNIiwiYWxnIjoiUlNBLU9BRVAifQ.JXjPdjxmlNIX2ep1gs5-inQP37-Ss2mbOqWG7gwvRPj34BgSscjtLSstyeCL1PF3-w_HxdB_B56a2nVvNXxICwSp-fZ1UBpqbml2MVXp29FUi73TNT0qXNbtGmFvUXz7rBLvjBbcWwguy1EVQbQq670xqmkfUB-KeHovu6gfBXiuiLmfrlBWNwHJ2L1EePypYRfQ4IXxuZ1ubjBbqOmzBcUK8fkabJToG0LBsFCLVyWfMELB9xXfOauZE70_DWJfDUfrG3iyOK9Iw56-iXlRCZvUF4vhNBdx432T3axvQhTsdDe8MOd8gpxYjlG3XfbOWlCv0EWcv74lWbkphvki4w.OTcCWoTBvw2nX8Sb.zNAR0Rke-qzUJdrex1J7kKWhtoLpE0JLFL-oyKRdR4QGBIRNtp1ldB0Lnv6QQLJLxSy5eCUspET6tfgHxkFdkrul_RgMqKL1d0FScXUMXVlCfndxo8smXJxnx2miDzjcpKDrHzPIikMBgI57OlK2tFLjdBGN-pJkiI4Enz-8WWnEbneKAcgVooPkubIHuWS4AwNLIjdrkrlBL352d8CQ9cVWh0AxLS7JlN3_-gGPQiYOOC8fFifzVIWGNgunxAQBi3xb7b1xQ4trgmu0_ItrqEZq6XW76qa4pqFQSA9jK5uVtHJU8Yr7Ejs5az2ZDGd13moCfTbwJ0RtXCuKMwoPK0ZB3l9tV0jS0v4f1ETlfTaMX1iHKEIZjlkY8J8LrlLR7mYnQ6du_hzuU_E98R9jLdruVxZkMMAnuHcGW12p03Uyv0IyKXjWXbIuhme2FBbWVEWZOZX0WSYh7ZKVRlmcA_WxvqoNOMgoSwXa-LTUnQhY90mBb_Z5c5cPMoGu92hnl2BvBH7BbCFXvMAwi84RPwvbUMudukYpxNGM8eetbfhSmCCxezolDp9tJ9vHlyFEYLOpmc8synUr7mtNAzg9aabbHztg00wseBtC4bX9Ss3vRDn4HZnUSt8jAhu_oRK4fGY66bffGC42jDbKh7FQgiavbRr5_n3Z3bvBhwTHhnc3GoQRcKK2iCRjw2GW4rA30gRoVMogBxI-UWiP6vIrOtUT8xGH6HCTaNZnx-qUQCJ0DpDF6rveZiWlDUJo76HavPp-t0ZCV-kd-0DMch-whhxACeSGINHa-qMR3V-ecBM_-kUWvxZdiJeHj9R2ZJLi6pGD2Dm1wV75w2o2pm7db5Y7uWxEIZYTqGrZHeCuNAo5UBZyzzF9fuQVTOry_T3XkjVAX39GAWppr-JxgvPikVGb_SdJeDIlKdGkwHX4HvzNbX9plpwUb4XVPcWa15Zxb0ctrfNqFrsJfFPq2Nw2xhH34uyS3Xl_WbMmZ3RT6XntukNzxN45eGfuZO_PXLz_GMQiwtks2ZHda_a6vjIcf9wF8850M-l42G4sbDIjzocPhOq3_ycYdP6zo5WcKgJatdgbksABrXOaNVolZkXd3BImtSrf1waF3EN1loXp_imHM72jdDuCJtW18zl9LrVD6lZvg6GhU1TuLBRqx_aiJz0Hivq15tT-Kh_4R6tbGObrghkqs9Z8m_w060prw1IH3U3DmTJQHBxKit8g7pJDsLT4P2hCKq8emjekv59kZVNIdgUchpRf.UYPM97E_T5-mrkh0pW6rqg	2021-04-29 20:56:26.806963+00	14	1
16	eyJraWQiOiIzbE5OOWw0Q1ZXclRWM1Bzc0hxQ1JQWTM3dDE5MDBHazNkN3BzQlwvY3VnMD0iLCJhbGciOiJSUzI1NiJ9.eyJzdWIiOiIxMmZmNmZhMC1jMGYwLTQ4YmUtYjc1Yy0wZDRlY2Q2MjliMjYiLCJjb2duaXRvOmdyb3VwcyI6WyJ1cy1lYXN0LTFfYnZlcmtmbFdyX09mZmljZTM2NSJdLCJ0b2tlbl91c2UiOiJhY2Nlc3MiLCJzY29wZSI6Im9wZW5pZCBwcm9maWxlIGVtYWlsIiwiYXV0aF90aW1lIjoxNjE5NzI5NDUyLCJpc3MiOiJodHRwczpcL1wvY29nbml0by1pZHAudXMtZWFzdC0xLmFtYXpvbmF3cy5jb21cL3VzLWVhc3QtMV9idmVya2ZsV3IiLCJleHAiOjE2MTk3MzMwNTIsImlhdCI6MTYxOTcyOTQ1MiwidmVyc2lvbiI6MiwianRpIjoiNDBjZGEwZDgtYTJlZC00YTQ2LWI5NTQtMTBiZWM5M2FmNzIzIiwiY2xpZW50X2lkIjoiNjdwbmdsNmE1M2c2MzZvbnBoN3N0MTIwZDQiLCJ1c2VybmFtZSI6Im9mZmljZTM2NV9taWNoYWVsLnJvZHJpZ29AY2pnY29uc3VsdG9yZXMuY29tIn0.pyhmZzZn8trEFp-ay5svzrSLfeq4W3zUTyy6tyfyUVVPrbCbg4hQrYYtKNAh72BPJpk3VLASLgnFiGJ-h4hwyTDZWwPBGQwCkgdivxpLRwWEuSjZ_STLNrlr7aSeKMuGp0XhvvbTvTpViv1Z0c6LchW2eUMIzZLyL0FFrSuiy23RqhbpqJ_kWJ69W-tb8tRW8pDZjNgYgaKWe2QxxBL7EllRzaAr0M9pVrg5HM_QsNXjUnEUQkwtU-3Vv0LCmOInsQEDWsNcQjKs_8oWipqcIVPAHsskmtJCABWQtVMz-O47Rat9m3g292b99Tedfk9auVqWBsDKxSKbTXZK6Rg92g	eyJjdHkiOiJKV1QiLCJlbmMiOiJBMjU2R0NNIiwiYWxnIjoiUlNBLU9BRVAifQ.hq8FsocNvGfoMNYTDoLn_ZxeLl2i9xFZYBiqpBAS1ZEYDQ10ImFcYHuf-xsdE7kgsVVDti_yTnQsSVi3dqC7HjU5Y6mxtBPX6u87UrR69YfqDstdDUhKIyo4kC0u6j_b4xqKAxiMs2oHDmYa_Y1i_nD0lcZ3uOPBe72CUkuJcliPnG7NsdDp1B041W2_86UBCfOK4sGrYfq_O4NMSjn1Cm35pd6c7SBlyQfCa8gfz2a_pCR6CSL6XFNDDFTW0b6S-wBM2-rukcY2QED_I8EDBKBSuybxB86ygOwdenRlzjoi8KCMjN_YEPzQMrlqPe2zxI1dcnSuogxvxya2D0kHqA.ZewFrC5szDg8PcLG.n3q-CnQQjM56ZnMK3iTawoWDRrZlRR2eoiiZ63Rob_blaImRF3_ooYWtc9jzKCA0r5ejSqUUtWeYTbx2YONxchTxL_P_W5JxTr4wL-tK_mc3uHCwpSBgiWx6xZ_UwBe0ASmy4t1zCLmvdZsvMITDmYc_2uquD-bZCtqKvUetw_3nteWjFdvAU1GCpWfKio1stZaGuty4fSId3WxzGw0RxxIB58vaOM9M3MKGoiA8czU0DQJB87ri1zw-SfH2Zdg-Hb_U9m-5TEEYkhjQQM9XjRzaBnS5I2Lbz_sKBO9VAA6nOGAnlXq-EFg_IFgt_c-RNq5PJ5zn-mpfTf1UB5bB4bfsuRkUbKd5BWQ7nztw8aZVa4M56gAueARdRHzyKTGbNMzu6OlxEIZPrmW90lUVYDHkgKgoLGj_lMDJ3TOT1J-OM5kEnpBTf7HfJGVnIKrw2sEz2nA59DKxo5GQwRN1SrlLpRxMKJ8MmZrz7KEoht8HvoZkCYYCO7_wvYH8Kgrrw6jHPJBRwSAsBSApC4bH-xfWP67uHzAlWPsEXax8z24pu6Y8eokkW4_bBIupMq2hIU8JN7oJvj0sTWlNV3Ns68Yhxu7IGPTP0fx1MasSLzvcNKBe599Jxg1G0Yl_XRFHPAXF8jo4uL7hRtjhdus7icFK_2nVeR9sdIV-SsLdawIkEAlW0SB0WGp9G1deKLunMApRGLnSqUYG3QrQAJp1qcwYU7UDAUhn-dffJtxrOixioA7Jk9MWvRjWq9-gFRMaVJ29mtF6why0jxRCx7xnili4P0pu5ZjvUClK6cuAlMDdRAxRH9a5KBF03wASlB64aHMJ_-0G1LZhm2RX1AQYvi-FJ0DpYvOWmSzscFTR0RDApylaUK6AJgSfZLO5q_EyVydo42E6fTwLEgxjkNHq1h6O1162_r0kN1Gtkkq2w7p0N_EfYleFYV6mhbj9_rjKV9DpVlQXQGw676HXcuifYCBXDRw6FNXLeUMVufD1aHy2rcwRpPbPmQdvO5b4pgyLvHHxVpYxd1XetVTM_ZwuSpee8ifWpXlLmicmyS1Prd7HcSsd8AWSvFVLxbFbxfyAfMklfw4cYTHQWytBM79Pwkzv9Y0XGFN2V0rbU6INCXmPiiSEkP04lYCXfLRSN8discEqBNU-HzXAVp8ZIwV7RZTuxJ4CUnlmGwO4rB8c2Nv6JaX7TbWzSdGBzxAQ8qY9E27HrEPQ3EAC-Yp30oCvtJ920TTwHMEUElpqLPbaleBaSBrPDB-a.0cXXFBDRJvJzJV8ypN5twg	2021-04-29 21:50:52.073821+00	16	1
35	eyJraWQiOiJ4K0lhb0FIS3UzK0tQQ1dGS0RQeDBiR05XZTNhNFFnM3BUTDJCN1kzVUo0PSIsImFsZyI6IlJTMjU2In0.eyJzdWIiOiI3Mjk3MTllNC1jZDQyLTQ2NmEtYTY3MS0zNzhmZmQ2NjEwYjUiLCJ0b2tlbl91c2UiOiJhY2Nlc3MiLCJzY29wZSI6Im9wZW5pZCBwcm9maWxlIGVtYWlsIiwiYXV0aF90aW1lIjoxNjIyMDM2ODI1LCJpc3MiOiJodHRwczpcL1wvY29nbml0by1pZHAudXMtZWFzdC0xLmFtYXpvbmF3cy5jb21cL3VzLWVhc3QtMV9XSzBVNklnUFUiLCJleHAiOjE2MjIwNDA0MjUsImlhdCI6MTYyMjAzNjgyNSwidmVyc2lvbiI6MiwianRpIjoiZTg3YzA0MTEtMjgyYi00MDFlLTlmNzMtYjc2ZWVmNGU1OGYyIiwiY2xpZW50X2lkIjoiMTJvNmRyZm9kbzNkcWk1Mjg3ZWlocjBxcG0iLCJ1c2VybmFtZSI6Impvc2UxIn0.NOq6ItLzgQhYISd8znXONeSLGhNRanP6fskUj6Rq-63lOrtFFXmrclyFYqFG-GEDpWBsrgutOUwN6t_nMdkYm5ynYU-kyktXo4SngzdWlDx0CphjPbaN5uTiHVJwh7wqjDV8mNZvYRabZhwL6DKlNrrdrcfMZgfsgxZ_wt5ATgyBYnW2QbegiZjA-snRFtdaQiReuSXiokDdGnV6KbaV1OfHLtF09XI5TxcXgwfy6Itm8-3G2jNiI8c-TsMNrq4vlkBXBXnK1-6toH-HxJUOLb54wPt17HWyRCBJbt8CNBhpcrs8CX3jvXR0Nl6dTXd_hB6j60YkHTivGApXJ0Mh2w	eyJjdHkiOiJKV1QiLCJlbmMiOiJBMjU2R0NNIiwiYWxnIjoiUlNBLU9BRVAifQ.irGHwt61Th2EIZmGyTO-q9KURPg6D7mKJlD0OyBXG-DXcj27q-h_5CfsPvPvTZaMoUZRQPrr7g4o1VXOVKW3EuseO3vn5evHMCjzb16zKqhFzdUUYGLjSkvKl1c-3z3q08l8eGzkK-rWsAFVYZuHtt6LzR7FnmQtXYl4h15tqzOvqC0IQu0LkiAlmIlN-jc8NRHvamzv0FzyYINDj9aFkNYAIrjlpjyoixohZetG92OcytBncXU3hU1_VrwzrcwSsGGFMzhNtBCpH-SB_EcW6bzND-Tk09bZEY93DJPG8xi55LnSzq2YClcWIuO0QmtISbGXMMSjGLeUaaBbG0sC4Q.dWPcEq1egY5fvEBP.C1_CtLDDZld-rG-gB9NcJxCvscR_3doKjmlVBeIyttxly0Tu7xHgoy-vvbQX_ktvKOyEyHA3VckXjFEgewhf70DRaY4x0nui51s5anDF_oYyv9I_9vYFhrunhRSk50cqIpn2TJrLMh7a2Ya_QvY5cNDewF2Tgugk_vU2cmNvK8nNdOa6x6tSGdXiS9U4hc-eHNiaZydpoCKJnouJBR9XTXjP4SUfbIAjRv9WU9cPpMMdAkF_ch2LzxjgQ4M_s6FqxGOyZsRVxVC-ndJbFgODSo2KZcC6lTPcBWhaUyvk_OWDeWv_4hO93zBeQ_Z27rXsWFMEhPo0TROIDFj-t6NTwsCgJx8VobrN3YUIhFX--nLNzvOReEUakL49Ud_Sns-OKSgwf49Oyszgg3X8DhOTNFdrcnopi1V_u_fgGvVjZ5_C89OMMrmRDAD4k2s0ttqjptCuhKC4UU6jdJJ6afelayQk56C7LrGXs3FtU8zRQsriZD9htZVlF_79eoAAQxp9075CHBJp5wl-VSzihnCiaHqMBfNqJgXgwwl210KzdMp6NWwRxMZXBf4EzVgBVw8x4Lrs4MmQyVIhbwOVyzWXVdrggh8w-KnMVbHpZSV-xCAKp33s-EaUGxkBHXLHvVMedye5yrNpHKuEGcxGycq7fPcDw0TjIV2F1nwDSx_Z5a8_wdT2leAwWy_fXryTozgLBcnrFjxmgPonrL_kyYJzQlGWOZKnOgE6d2MVytncEF_T9mnp_j7TNxcc2BT2O90A5LIzl6l9k3k_w1uCP2xyFJ3KV5pr2DVFuUGgrYRnaqUkSYkgjtvpabz5dIBc4U3d23lj7A_0Vo7GjdDStiH5BvYZVG9DJqhFm0aOfbMw8JHSpCNochuBlIgE86hS5xCZ8ZIK0cwTSBBITnZMF3imwNIDpXiaaCC2tuapLhFIgoQk97d5Aih4gckmFQbqVKqB1HEFFOvREzTjrJGwwgHayiEIx3hD6uhw20yX8CEy5eRwUtNwVdP27SSWVziIzgcgMKjGQI_IuXRp9nibb0H7elePDDfFyyxn2PH1K23O7aMq2onSTnnYQoI5-RHBdNxJh10EPj7qiIox6EVHyYGmvqkUQQWpMiW2rJw2P_S84mQjsIUXmoXzYo0MG_h4Nqj4gUHNWnAXWjIFGreWS0uDwLwQD-YoiGlQ9E7mGObo6g15YrA.gteuOYpuwjyHPh17SzVFdA	2021-05-26 14:47:05.628+00	35	1
34	eyJraWQiOiJ4K0lhb0FIS3UzK0tQQ1dGS0RQeDBiR05XZTNhNFFnM3BUTDJCN1kzVUo0PSIsImFsZyI6IlJTMjU2In0.eyJzdWIiOiI1Y2EwMGE1MS05NGI1LTQwZGItYWE4Zi0zMTk0ZGUyNTE5ODUiLCJjb2duaXRvOmdyb3VwcyI6WyJ1cy1lYXN0LTFfV0swVTZJZ1BVX09mZmljZTM2NSJdLCJ0b2tlbl91c2UiOiJhY2Nlc3MiLCJzY29wZSI6Im9wZW5pZCBwcm9maWxlIGVtYWlsIiwiYXV0aF90aW1lIjoxNjI5MTUzNDExLCJpc3MiOiJodHRwczpcL1wvY29nbml0by1pZHAudXMtZWFzdC0xLmFtYXpvbmF3cy5jb21cL3VzLWVhc3QtMV9XSzBVNklnUFUiLCJleHAiOjE2MjkxNTcwMTEsImlhdCI6MTYyOTE1MzQxMSwidmVyc2lvbiI6MiwianRpIjoiMGFjZDI3OTYtYTE5Mi00NjRmLWFmNTItNmYxMWE0MzEzNTExIiwiY2xpZW50X2lkIjoiMTJvNmRyZm9kbzNkcWk1Mjg3ZWlocjBxcG0iLCJ1c2VybmFtZSI6Im9mZmljZTM2NV9lbnpvLnJvc3NpQGNqZ2NvbnN1bHRvcmVzLmNvbSJ9.i9z5YQdwA9cgNb1eBMWsdEiSi51SbvrWIcatBuVyUoYoq4A6ZTE2RC_4c0ts0V5YMV9i-OPjci9H1RxGXqhjuK4KqxjOqE7W4TPsPr-ngfC0W7qdzTSq1Ot21mcNEl2M7zlbNLKRZ1JmENiMF890i0IyW_3js_eq53qL73RmEqxqExh-RfG4qSx5BKMZWCi9sluJ7mHlbCORAo8kGoTSCqsUtsrL3p0sVxk7kodaH-7g_J1wqsHvqjRkGpvMGQUh8VDEg4ISXhnbTYohYzX1U9UdAlzx6Z3iB4v70zDGyr9Knjs5da8pIlvlHH8BMPnFO2NoR2uNl_NtUnGt2zD-yw	eyJjdHkiOiJKV1QiLCJlbmMiOiJBMjU2R0NNIiwiYWxnIjoiUlNBLU9BRVAifQ.v4d7Jz5DHArGscBwY4dQFkLaqaVm86hU9rXXvDBDRshuzjpmjqSPxqUImxEUbpHYpyDG6-F-fIEA5zS6QOAvT-QCRByypBVuiuejWBGYbcYngS7qQcwaqr8g4pIDWlJzqVwU5mBIdfrKSMnspTxh4Cpw2QXV92IKLavUbXndTIDbISZBtaB-JzvjaIAVob8ND3lKKEct68Ji2hh95UQXekAW3WoKtdiqAbhzsbt65--Nj_E59Jbds18P_Df3MnVbIQ0Xc71_Vx-HT5TLCEIC_zLSgQLw37ukmBFbl1NRP-BC1onYNDud7Tj0iSe5a99x6SApXbf6kLdtwZrEof4RBA.sAjphQ95rrqkVgkg.k6lz-BRcOofLbAskXta8S5bvWSmMCSFNqXn4QQZsS65ibCKdHo0R09TYuqoGQCkjjx6W67Is-Zin6sJ4A5YTF0pqVmWICAGHevmuQBv0rer-QlLfippNlRfWvavpFYkLn0KEMVQRBqts85JTVBvpVYwSZVSv6lABTFyqnDoL7QdMhSeZx9rD_qjmHqpF9_EkkhiKYPBhh0ZH3v1LIC-X0mYOaDY7gD33JDpY5BQHqO9EK8TRtynuBd0ySeJ7BdnIvKpYbmi-5C5fCT36EBdDhWt3cW3qeoJM8xYkK-ysu_cQ2lmSKfl2KxMCVQ3xDn2TIe8lrQBxiXfLVE1nhk1mIcNLulays7NmNsDz8QmpFavbq0k6dQT4jdhZf4RuIuxIGKyAltfXJxuXVn3HIpHRwVyH4u09YQ5s8Q57Na9zk5DPD5eqGXbOLH3wGXZI341bRD4uD0itJvn1WrjFCMOPJCk-BteHWtJUXo-f_EO7EmmlzT3TK6SNnmcchL9Cla3dZJE2sXRjotqJbxcegfupIgXz1g2XpsIS4TmCxSElPfKpxVLwMXujXrXlimN7qunecCc-ef1KYlNBnywCpJm_EqKDHmKZ51i00GxykFlEIbP9cOOh_H44ZZE1nvNrcVLHeDxYaEvkz7zw-zlUh4Dr0kThiM4xNAY54HZFOTi1ThCKwoDc6W0khu_o2jc3u-sjRfHjrUHYxAb11FexQUVNq0IAYpYnF-mTj8BZn5MgmB49y7jkVaD_KpSVnTY7J8779iUcM9TyGMXBt8PcBqdbTbyIb1hvgWyQAzX_c-9j_CrLEhJvheypZvf0CysdyD_Fp3lKZfuKGJK5N7qWV9_bRPCApX1uy0-8sBMGdSZKSqZUQZMbiMTd_Qs2PAUYc90ZkDFvxoMxVoDeznzGy2T3d-hDM1DhP30A46GYJ9MZmakAMQfN5ewP6Rns5GqTVahrBDe29MkvEBtBnV0Yj89-gXbEnHpY_F21Ns_l-LK2x11jd2GvQJvUPX14Qr5Ic6H8Mfc6x7SJGq4ZQpmxbKVlnBTdJ7_XyZFxBuJqvH8fz7k_77JiatdO3_B0Igwsif6_GdI51LVs_Rg3l8bT_VVXbu82r8SypRcHvA-z42K4gt-I8lwqXJTfg0Kl-1tyPVFvsp1-pJN3eI20qXX369sYANa4hA7b5BpsicYX2Y2PiOb13VQQPTtfE1tK-riu5gv2xcIa1-ezronFDTFVgV3FKk60Aub0C3Ca6QF1M0rX2WpG.l7Ur2QFNOH1ETKhDpNlA_Q	2021-08-16 23:36:51.591984+00	34	1
\.


--
-- Data for Name: tecnicos_cargo; Type: TABLE DATA; Schema: public; Owner: postgres
--

COPY public.tecnicos_cargo (id, nombre_cargo) FROM stdin;
1	Developer
2	Supervisor SAP
3	Supervisor area cliente
35	Jefe departamento Informatica
36	Jefe de proyectos T.I
38	Gerente operacion
39	Supervisor Informtica SAP / ABAP
41	Jefe Redes y Servidores
42	Encargado Infraestructura - Telecomunicaciones y Soporte TI
43	Jefe de Finanzas
44	Supervisor de redes y Apps n/Sap
45	Lider SmartBiz
34	Consultor SAP Tecnolgico
37	Gerente de administracin y Finanzas
40	Encargado de seguridad
46	Oficial de seguridad de la Informacion
47	Lder tcnico SAP
48	Lder Tcnico TI Infraestructura y Cloud
49	Operador SAP y TI
50	Jefe Operaciones SAP Basis
51	Gerente de TI
52	Gerencia de Tecnologia
53	Soporte TI
54	Gerente General
55	Jefe Proyectos SAP
56	Jefe de Seguridad e Infraestructura IT
57	Subgerente T.I.C
58	Jefe de plataforma TIC
59	Jefe TIC
60	Arquitecto / BI
61	Gestor de Servicios de TI
62	Infraestructura TI y Continuidad WMS
63	Gerencia Corporativa de Tecnologa
64	Encargado de Redes y Soporte
\.


--
-- Data for Name: tecnicos_domicilio; Type: TABLE DATA; Schema: public; Owner: postgres
--

COPY public.tecnicos_domicilio (id, calle, no_calle, pais) FROM stdin;
\.


--
-- Data for Name: tecnicos_tecnico; Type: TABLE DATA; Schema: public; Owner: postgres
--

COPY public.tecnicos_tecnico (id, nombre_tecnico, apellido_tecnico, celular_tecnico, email_tecnico, usuario_cliente, "cargo_FK_id", "cliente_FK_id", "tipo_FK_id") FROM stdin;
4	Jose	Camacho	3515656565	jose@cjgconsultores.com	f	2	1	\N
35	Antonio	Vivanco	56933215851	avivanco@artel.ca	t	35	34	2
36	Omar	Colihuinca	56984526493	omar.colihuinca@artel.ca	t	36	34	3
37	Mario	Calderon	56998000326	mario.calderon@artel.ca	t	37	34	3
34	Estanislao	Castellano	3541200402	enzo.rossi@cjgconsultores.com	f	34	34	4
39	Ricardo	Pinninghoff	56999394669	rpinninghoff@icb.ca	t	39	35	2
40	Paola	Droguett Barraza	56224871986	pdroguett@icb.cl	t	40	35	3
41	Marcelo	Aazco	56 9 8828 8513	manazco@icb.cl	t	35	35	3
42	Rodrigo	Miranda Troncoso	56 9 6699 7108	rmiranda@icb.cl	t	41	35	3
43	Victorino	Rodriguez	+56 9 4433 2662	vrodriguez@edelpa.cl	t	42	36	3
44	Patricio	Flores	+56 9 9120 0995	pflores@edelpa.cl	t	35	36	2
45	Francisco	Ortiz	+56 9 9536 8684	fortiz@proa.cl	t	43	37	3
46	Omar	Del Rio	+56 9 7778 1517	odelrio@proa.cl	t	44	37	2
47	Darwin	Llopis	+56 9 6495 2302	darwin.llopis@smartbiz.cl	t	45	38	2
48	Cristian	Quiones	+56 9 3321 5851	Cristian.quinones@smartbiz.cl	t	34	38	3
49	Delia	Llerena	991 729 179	dllerena@santaclara.com.pe	t	35	39	2
38	Michael	Rodrigo	54632154	enzo.rossi@cjgconsultores.com	f	38	1	1
2	Enzo	Rossi	3515921488	enzo.rossi@cjgconsultores.com	f	2	34	4
50	Ivan	Gavilan	56997062172	Igavilanm@indura.net	t	40	40	2
51	Juan Pablo	Vergara	56992205867	jvergaras@indura.net	t	46	40	3
52	Luis	Dueas	+56 9 4975 6470	luis.duenas@cjgconsultores.com	f	47	39	4
54	Alicia	Gutierrez	+56 9 3275 8077	alicia.gutierrez@cjgconsultores.com	f	47	35	4
55	Nahuel	Guzman	+54 9 3513 20-7555	nahuel.guzman@cjgconsultores.com	f	49	34	4
56	Elimarys	Tineo	+56 9 4050 9230	elimarys.Tineo@cjgconsultores.com	f	49	36	4
57	Javier	Duran	+56 9 5384 1202	javier.duran@cjgconsultores.com	f	50	40	1
58	Hernan	Carretta	9 6306 2678	hernan.caretta@amscrew.cl	t	51	41	2
59	Anai	Roman	9 6839 2042	anai.roman@amscrew.cl	t	52	41	3
60	Roberto	Ormeo	9 9969 1328	roberto.ormeno@amscrew.cl	t	1	41	3
61	Miguel	Nahuelpan	9 6122 7008	miguel.nahuelpan@amscrew.cl	t	53	41	3
62	Sebastian	Salom	1	ssalom@grupomathiesen.com	t	54	1	3
63	Enrique	Hernandez Urrutia	(+56 2) 26405711	ehernandez@grupomathiesen.com	t	36	1	3
64	Oscar	Sella Aravena	9 6248 2245	osella@grupomathiesen.com	t	55	1	3
65	Juan Jose	Saavedra	1	jsaavedra@grupomathiesen.com	t	36	1	3
3	Felix	Yaez	9 92105432	fyanez@grupomathiesen.com	t	56	1	2
66	Caludia	Jofre	56412269400	claudia.jofre@blumar.com	t	57	42	2
67	Daniel	Dommar	56945933597	daniel.dommar@blumar.com	t	58	42	3
68	Carlos	Rodriguez	56982097529	carlos.rodriguez@blumar.com	t	59	42	3
69	Gerardo	Ayarte	1	gerardo.ayarte@blumar.com	t	3	42	3
70	Sergio	Alejandro Fernandez	56225715403	Sergio.Fernandez@iansa.cl	t	60	43	2
71	Hrmes	Sanchez	+56 9 9894 2430	hsanchez@carsolfruit.cl	t	53	44	2
72	Erick	Lescano	-	elescano@vipac.pe	t	61	45	2
74	Edson	Huala Jimenez	56 2 2 367 8000	ehuala@minutoverde.cl	t	62	46	3
75	Mario Guillermo	Washington Escarate	56 9 67279031	mariowashington@derco.cl	t	63	47	2
76	Eduardo	Hart	-	eduardo.hart@inchcape.com.pe	t	35	48	3
77	Jose Michael	Santibanez	+56 9 3228 5207	joe.santibanez@inchcape.cl	t	51	48	2
78	Diego	Vilches	56 9 5421 9285	dvilches@cvtrading.cl	t	64	49	2
79	Miguel	Rivero	56 2 2783 4024	mrivero@cvtrading.cl	t	53	49	3
53	Felipe	Espinoza	56 9 9542 9203	felipe.espinoza @cjgconsultores.com	f	48	34	1
80	Francisca	Verdugo	-	francisca.verdugo@cjgconsultores.com	f	2	41	4
73	Jose	Santana Bohle	56 2 2 367 8000	jsantana@minutoverde.cl	t	35	68	2
\.


--
-- Data for Name: tecnicos_tipotecnico; Type: TABLE DATA; Schema: public; Owner: postgres
--

COPY public.tecnicos_tipotecnico (id, numero_tipo, nombre_tipo) FROM stdin;
2	2	Supervisor Cliente
3	4	Tecnico Cliente
1	3	Supervisor SAP
4	1	Tecnico
\.


--
-- Data for Name: usuarios_usuario; Type: TABLE DATA; Schema: public; Owner: ubuntu
--

COPY public.usuarios_usuario (id, password, last_login, is_superuser, username, first_name, last_name, email, is_staff, is_active, date_joined, cliente_id, "tecnico_FK_id") FROM stdin;
82	!6QCB8WE13m3XMyKoiudx29wZvnQpzdVLhvI6rzSd	2021-04-29 19:55:52.645151+00	f	luis	Luis		Luis.duenas@cjgconsultores.com	t	t	2021-04-29 19:52:54+00	\N	\N
79	!HkKzqeqgMBQUPKH4gcB74KPKucWGma8izMLTxogf	2021-04-29 19:55:55.489133+00	f	elimarys	Elimarys		Elimarys.Tineo@cjgconsultores.com	t	t	2021-04-29 19:52:19+00	\N	\N
74	!AU6AvJXwLXq1xLilK5qfL6iTT8JyvrlgI24oNm9Q	2021-04-26 15:36:25.19695+00	f	enzofrossi95			enzofrossi95@gmail.com	f	t	2021-04-26 15:36:25.140011+00	\N	\N
77	!kikyhCIQaOc7pHVZiQMEWfgFPipWb0yYJBh7hskw	2021-04-29 19:56:05.233673+00	f	alicia	Alicia		alicia.gutierrez@cjgconsultores.com	t	t	2021-04-29 19:52:08+00	\N	\N
78	!xVhEUkBGLmjMKEWYAZAo4w3MqxU288utGo1ltFSO	2021-04-29 19:56:12.20235+00	f	nahuel	Nahuel		nahuel.guzman@cjgconsultores.com	t	t	2021-04-29 19:52:19+00	\N	\N
81	!tV823tdSRwoqmrZ8g304tprVtZ11XU3YbGPw1nvD	2021-04-29 19:56:27.024523+00	f	felipe	Felipe		Felipe.espinoza@cjgconsultores.com	t	t	2021-04-29 19:52:48+00	\N	\N
80	!pTlNwkhmGw7tJcQZRaFfxh3PyFcZ0JZ2diR17cNz	2021-04-29 19:56:54.968155+00	f	jose	Jose		jose.camacho@cjgconsultores.com	t	t	2021-04-29 19:52:37+00	\N	\N
70	!Qgt2HoEWa6dscsOzN3W5M5WP5meN9mvjos1iqudl	2021-04-23 15:08:50.43668+00	f	pablo.sella	Pablo		pablo.sella@cjgconsultores.com	t	t	2021-04-23 15:04:39+00	\N	\N
75	!dxexsprWUNI8yVBrdGAJ41hI4E8l10Fx6UMbDJJN	2021-04-29 20:03:03.57768+00	f	estanislao	Estanislao	Calletano	estanislao.castellano@cjgconsultores.com	t	t	2021-04-26 17:16:33+00	\N	\N
68	!hKuBfi4Df7hb15fAJ3BUnvr35sA5W692ph7vk1Th	2021-04-22 21:55:43+00	f	Enzo	Enzo			f	t	2021-04-22 21:55:21+00	\N	\N
71	!OmsEDVcJ1C2askI7CskWTFOfk6C7KwdX5lutV7Os	2021-04-23 15:10:43+00	f	Enzo123	Enzo		enzo@enzo.com	f	t	2021-04-23 15:08:31+00	\N	\N
72	!9nRMX4NfjC9iVBeqfnLl2dcPaxDSv0Qrwa263bw6	2021-04-23 15:15:09+00	f	pablitocrack	Pablo		sellapablo9@gmail.com	f	t	2021-04-23 15:13:59+00	\N	\N
76	!kl6CnJBxRJY70w6o9nuRF1bMM4GInSbUd9pgFIUn	2021-04-29 20:44:21.463877+00	f	javier	Javier		javier.duran@cjgconsultores.com	t	t	2021-04-29 19:49:56+00	\N	\N
101	!hecikV5MFHJ44UEgqQ5qNMIKZHGyohst28FFmgqH	2021-05-26 13:47:20.679609+00	f	jose1			jose@jsoe.com	f	t	2021-05-26 13:47:05.777+00	\N	\N
73	!GV0Q8D05RqacW0eCu9DLFahUHxcBFEMhxFhIIDCV	2021-04-23 18:51:14.380214+00	f	Testcelu			enzo.rossi@cjg.com	f	t	2021-04-23 18:50:33.207+00	\N	\N
35	pbkdf2_sha256$216000$SALUO50AHjfH$fWg9YioA3rZGOYfaRw/hEyNxorF6L0QziBeU7mFpPMI=	2021-04-03 21:38:59+00	f	jose123445	Jose	Camacho	jose@cjgconsultores.com	t	t	2021-03-24 17:46:11+00	1	\N
83	!PLJiZBVD9vE7zUgFY6w7ofDNZbogybS7wZX2emHk	2021-04-29 20:50:52.263138+00	f	michael	Michael		michael.rodrigo@cjgconsultores.com	t	t	2021-04-29 20:49:55+00	\N	\N
69	!HxV6J0zC302VtFCm6AFJCDeesKTTzuk98uq8o52b	2021-04-29 21:04:09.117079+00	f	Rossi123	Enzo		enzo.rossi@cjgconsultores.com	t	t	2021-04-23 13:44:42+00	39	\N
34	pbkdf2_sha256$216000$B9jUpecVqI5c$xbTIhcYfDUTmzJW35ccpUdpGZArOpnqtSrK0zAJT1DA=	2021-05-06 16:23:16.713286+00	f	cliente	Enzo	Rossi	enzo.rossi@cjgconsultores.com	f	t	2021-03-24 15:44:09+00	34	\N
100	!Us0rumKh0s0mpGP4JZQsrhitSUtkCuon12M6qaDI	2021-08-16 22:36:51.706744+00	f	enzo	enzo		enzo.rossi@ch.com	t	t	2021-05-12 18:23:02+00	\N	\N
105	pbkdf2_sha256$216000$vtEu49ADDgC5$6UwovcHmJPn358DfL4HuxgovzJRL5l8axT1nTFwe9n0=	2021-09-24 20:50:16.116626+00	f	javier.d	Javier	Duran	javier.duran@cjgconsultores.com	t	t	2021-09-24 20:48:58+00	48	\N
104	pbkdf2_sha256$216000$fUPnMm93nwz2$+2EUEpgeettgz8SeGtlLsNZr6Tcg2Ho2Swpq479rYkQ=	2021-10-13 20:33:55.11672+00	f	Felipe.es	Felipe	Espinoza	felipe.espinoza@cjgconsultores.com	t	t	2021-09-14 20:33:00+00	48	\N
106	pbkdf2_sha256$216000$bBiEqoBwOXRg$VEXjr8idV89luUToJDYQNj2859M2JfLajh8Ui5QTKjw=	2022-01-27 19:11:37.286202+00	f	pablo.s	Pablo	Sella	pablo.sella@cjgconsultores.com	t	t	2021-10-14 13:51:59+00	67	\N
108	pbkdf2_sha256$216000$2OMznlY361PG$Wh22Kq+Rtp1gnZzXxYDpu9mbWYaj2VMMNFrnrouw8Tk=	\N	f	camacho				f	t	2021-11-30 13:36:37.325549+00	\N	\N
67	pbkdf2_sha256$216000$3hpQHTLzuI44$tRsv4g+wG6c0LpTF5gFPf2sFmzY1b79UkxpZtLB+zbs=	2022-02-10 17:13:36.262189+00	f	esta	Estanislao	Calletano	enzo.rossio@cjgconsultores.com	t	t	2021-04-13 14:09:39+00	34	2
107	pbkdf2_sha256$216000$06vfmtxGBc9v$fcA+T3mMvzN6JSAAy84CfNflNuUAVc5e8keaM8mdqt0=	2021-12-02 12:33:19.205414+00	f	Elimarys	Elimarys	Tineo		t	t	2021-11-29 15:16:47+00	48	56
1	pbkdf2_sha256$216000$BI6DOTstFGOf$1b6GdXfaWLWG9FDs5PoqqGKosBSPU00lkxfiGeSuwYc=	2022-02-11 18:49:31.210953+00	t	admin				t	t	2021-03-24 15:01:33.134609+00	\N	\N
102	pbkdf2_sha256$216000$RL48VojRTfTP$LWKNySgjMYYNvMKy49QJTZAenG4BxRIAdCgjNTAR0wc=	2021-12-07 14:26:42.865204+00	f	michael1	Michael	Rodrigo	michael.rodrigo@cjgconsultores.com	t	t	2021-09-14 20:28:59+00	48	\N
103	pbkdf2_sha256$216000$NDnNqY8Krspg$eD0P2qhU9yCaNCMVbZxSHhvyStR+YqupPGLINbqoUW8=	2021-10-14 15:06:33.938559+00	f	Felipe.ip	Felipe	Ipinza	felipe.ipinza@cjgconsultores.com	t	t	2021-09-14 20:31:56+00	43	\N
109	pbkdf2_sha256$216000$4aiGC4gbF4hR$Rae19j71R1BeBRkw6FLqXEu0YVr2sfPbS40HY9rJ6aI=	2022-01-26 14:46:39.896009+00	f	test	test	test	test1@test1.com	f	t	2022-01-26 14:40:20+00	\N	\N
\.


--
-- Data for Name: usuarios_usuario_clientes; Type: TABLE DATA; Schema: public; Owner: postgres
--

COPY public.usuarios_usuario_clientes (id, usuario_id, cliente_id) FROM stdin;
1	67	34
2	67	35
3	67	38
4	69	34
5	69	37
6	69	38
7	70	1
8	70	34
9	70	35
10	70	36
11	70	37
12	70	38
13	75	34
14	75	36
15	75	38
16	75	39
17	68	1
18	68	34
19	68	35
20	68	36
21	68	37
22	68	38
23	68	39
24	69	1
25	69	35
26	69	36
27	69	39
28	69	40
29	69	41
30	69	42
31	69	43
32	69	44
33	69	45
34	69	46
35	69	47
36	69	48
37	69	49
38	76	1
39	76	34
40	76	35
41	76	36
42	76	37
43	76	38
44	76	39
45	76	40
46	76	41
47	76	42
48	76	43
49	76	44
50	76	45
51	76	46
52	76	47
53	76	48
54	76	49
55	77	1
56	77	34
57	77	35
58	77	36
59	77	37
60	77	38
61	77	39
62	77	40
63	77	41
64	77	42
65	77	43
66	77	44
67	77	45
68	77	46
69	77	47
70	77	48
71	77	49
72	78	1
73	78	34
74	78	35
75	78	36
76	78	37
77	78	38
78	78	39
79	78	40
80	78	41
81	78	42
82	78	43
83	78	44
84	78	45
85	78	46
86	78	47
87	78	48
88	78	49
89	79	1
90	79	34
91	79	35
92	79	36
93	79	37
94	79	38
95	79	39
96	79	40
97	79	41
98	79	42
99	79	43
100	79	44
101	79	45
102	79	46
103	79	47
104	79	48
105	79	49
106	80	1
107	80	34
108	80	35
109	80	36
110	80	37
111	80	38
112	80	39
113	80	40
114	80	41
115	80	42
116	80	43
117	80	44
118	80	45
119	80	46
120	80	47
121	80	48
122	80	49
123	81	1
124	81	34
125	81	35
126	81	36
127	81	37
128	81	38
129	81	39
130	81	40
131	81	41
132	81	42
133	81	43
134	81	44
135	81	45
136	81	46
137	81	47
138	81	48
139	81	49
140	82	1
141	82	34
142	82	35
143	82	36
144	82	37
145	82	38
146	82	39
147	82	40
148	82	41
149	82	42
150	82	43
151	82	44
152	82	45
153	82	46
154	82	47
155	82	48
156	82	49
157	83	1
158	83	34
159	83	35
160	83	36
161	83	37
162	83	38
163	83	39
164	83	40
165	83	41
166	83	42
167	83	43
168	83	44
169	83	45
170	83	46
171	83	47
172	83	48
173	83	49
199	100	1
200	100	34
201	100	35
202	100	36
203	100	37
204	100	38
205	100	39
206	100	40
207	100	41
208	100	42
209	100	43
210	100	44
211	100	45
212	100	46
213	100	47
214	100	48
215	100	49
216	67	1
217	67	36
218	67	37
219	67	39
220	67	40
221	67	41
222	67	42
223	67	43
224	67	44
225	67	45
226	67	46
227	67	47
228	67	48
229	67	49
230	102	1
231	102	34
232	102	67
233	102	36
234	102	35
235	102	38
236	102	39
237	102	37
238	102	41
239	102	42
240	102	40
241	102	44
242	102	45
243	102	46
244	102	47
245	102	48
246	102	49
247	102	43
248	103	1
249	103	34
250	103	67
251	103	36
252	103	35
253	103	38
254	103	39
255	103	37
256	103	41
257	103	42
258	103	40
259	103	44
260	103	45
261	103	46
262	103	47
263	103	48
264	103	49
265	103	43
266	104	1
267	104	34
268	104	67
269	104	36
270	104	35
271	104	38
272	104	39
273	104	37
274	104	41
275	104	42
276	104	40
277	104	44
278	104	45
279	104	46
280	104	47
281	104	48
282	104	49
283	104	43
284	105	1
285	105	34
286	105	35
287	105	36
288	105	37
289	105	38
290	105	39
291	105	40
292	105	41
293	105	42
294	105	43
295	105	44
296	105	45
297	105	46
298	105	47
299	105	48
300	105	49
301	105	67
302	105	68
303	105	69
304	105	70
305	105	71
306	105	72
307	105	73
308	106	67
309	107	1
310	107	34
311	107	35
312	107	36
313	107	37
314	107	38
315	107	39
316	107	40
317	107	41
318	107	42
319	107	43
320	107	44
321	107	45
322	107	46
323	107	47
324	107	48
325	107	49
326	107	67
327	107	68
328	107	69
329	107	70
330	107	71
331	107	72
332	107	73
333	107	74
334	107	75
\.


--
-- Data for Name: usuarios_usuario_groups; Type: TABLE DATA; Schema: public; Owner: postgres
--

COPY public.usuarios_usuario_groups (id, usuario_id, group_id) FROM stdin;
2	67	1
3	107	1
\.


--
-- Data for Name: usuarios_usuario_user_permissions; Type: TABLE DATA; Schema: public; Owner: postgres
--

COPY public.usuarios_usuario_user_permissions (id, usuario_id, permission_id) FROM stdin;
1	67	65
2	67	66
3	67	68
4	75	65
5	75	67
6	75	68
7	76	1
8	76	2
9	76	3
10	76	4
11	76	5
12	76	6
13	76	7
14	76	8
15	76	9
16	76	10
17	76	11
18	76	12
19	76	13
20	76	14
21	76	15
22	76	16
23	76	17
24	76	18
25	76	19
26	76	20
27	76	21
28	76	22
29	76	23
30	76	24
31	76	25
32	76	26
33	76	27
34	76	28
35	76	29
36	76	30
37	76	31
38	76	32
39	76	33
40	76	34
41	76	35
42	76	36
43	76	37
44	76	38
45	76	39
46	76	40
47	76	41
48	76	42
49	76	43
50	76	44
51	76	45
52	76	46
53	76	47
54	76	48
55	76	49
56	76	50
57	76	51
58	76	52
59	76	53
60	76	54
61	76	55
62	76	56
63	76	57
64	76	58
65	76	59
66	76	60
67	76	61
68	76	62
69	76	63
70	76	64
71	76	65
72	76	66
73	76	67
74	76	68
75	76	69
76	76	70
77	76	71
78	76	72
79	76	73
80	76	74
81	76	75
82	76	76
83	76	77
84	76	78
85	76	79
86	76	80
87	76	81
88	76	82
89	76	83
90	76	84
91	76	85
92	76	86
93	76	87
94	76	88
95	76	89
96	76	90
97	76	91
98	76	92
99	76	100
100	76	101
101	76	102
102	76	103
103	76	104
104	76	105
105	76	106
106	76	107
107	76	108
108	76	109
109	76	110
110	76	111
111	76	112
112	76	113
113	76	114
114	76	115
115	76	116
116	76	117
117	76	118
118	76	119
119	76	120
120	76	121
121	76	122
122	76	123
123	76	124
124	76	125
125	76	126
126	76	127
127	76	128
128	76	129
129	76	130
130	76	131
131	76	132
132	76	133
133	76	134
134	76	135
135	76	136
136	76	137
137	76	138
138	76	139
139	76	140
140	76	141
141	76	142
142	76	143
143	83	1
144	83	2
145	83	3
146	83	4
147	83	5
148	83	6
149	83	7
150	83	8
151	83	9
152	83	10
153	83	11
154	83	12
155	83	13
156	83	14
157	83	15
158	83	16
159	83	17
160	83	18
161	83	19
162	83	20
163	83	21
164	83	22
165	83	23
166	83	24
167	83	25
168	83	26
169	83	27
170	83	28
171	83	29
172	83	30
173	83	31
174	83	32
175	83	33
176	83	34
177	83	35
178	83	36
179	83	37
180	83	38
181	83	39
182	83	40
183	83	41
184	83	42
185	83	43
186	83	44
187	83	45
188	83	46
189	83	47
190	83	48
191	83	49
192	83	50
193	83	51
194	83	52
195	83	53
196	83	54
197	83	55
198	83	56
199	83	57
200	83	58
201	83	59
202	83	60
203	83	61
204	83	62
205	83	63
206	83	64
207	83	65
208	83	66
209	83	67
210	83	68
211	83	69
212	83	70
213	83	71
214	83	72
215	83	73
216	83	74
217	83	75
218	83	76
219	83	77
220	83	78
221	83	79
222	83	80
223	83	81
224	83	82
225	83	83
226	83	84
227	83	85
228	83	86
229	83	87
230	83	88
231	83	89
232	83	90
233	83	91
234	83	92
235	83	100
236	83	101
237	83	102
238	83	103
239	83	104
240	83	105
241	83	106
242	83	107
243	83	108
244	83	109
245	83	110
246	83	111
247	83	112
248	83	113
249	83	114
250	83	115
251	83	116
252	83	117
253	83	118
254	83	119
255	83	120
256	83	121
257	83	122
258	83	123
259	83	124
260	83	125
261	83	126
262	83	127
263	83	128
264	83	129
265	83	130
266	83	131
267	83	132
268	83	133
269	83	134
270	83	135
271	83	136
272	83	137
273	83	138
274	83	139
275	83	140
276	83	141
277	83	142
278	83	143
298	102	1
299	102	2
300	102	3
301	102	4
302	102	5
303	102	6
304	102	7
305	102	8
306	102	9
307	102	10
308	102	11
309	102	12
310	102	13
311	102	14
312	102	15
313	102	16
314	102	17
315	102	18
316	102	19
317	102	20
318	102	21
319	102	22
320	102	23
321	102	24
322	102	25
323	102	26
324	102	27
325	102	28
326	102	29
327	102	30
328	102	31
329	102	32
330	102	33
331	102	34
332	102	35
333	102	36
334	102	37
335	102	38
336	102	39
337	102	40
338	102	41
339	102	42
340	102	43
341	102	44
342	102	45
343	102	46
344	102	47
345	102	48
346	102	49
347	102	50
348	102	51
349	102	52
350	102	53
351	102	54
352	102	55
353	102	56
354	102	57
355	102	58
356	102	59
357	102	60
358	102	61
359	102	62
360	102	63
361	102	64
362	102	65
363	102	66
364	102	67
365	102	68
366	102	69
367	102	70
368	102	71
369	102	72
370	102	73
371	102	74
372	102	75
373	102	76
374	102	77
375	102	78
376	102	79
377	102	80
378	102	81
379	102	82
380	102	83
381	102	84
382	102	85
383	102	86
384	102	87
385	102	88
386	102	89
387	102	90
388	102	91
389	102	92
390	102	100
391	102	101
392	102	102
393	102	103
394	102	104
395	102	105
396	102	106
397	102	107
398	102	108
399	102	109
400	102	110
401	102	111
402	102	112
403	102	113
404	102	114
405	102	115
406	102	116
407	102	117
408	102	118
409	102	119
410	102	120
411	102	121
412	102	122
413	102	123
414	102	124
415	102	125
416	102	126
417	102	127
418	102	128
419	102	129
420	102	130
421	102	131
422	102	132
423	102	133
424	102	134
425	102	135
426	102	136
427	102	137
428	102	138
429	102	139
430	102	140
431	102	141
432	102	142
433	102	143
434	102	166
435	102	167
436	102	168
437	102	169
438	102	170
439	102	171
440	102	172
441	102	173
442	102	174
443	102	175
444	102	176
445	102	177
446	102	178
447	102	179
448	102	180
449	102	181
450	102	182
451	102	183
452	102	184
453	102	185
454	102	186
455	102	187
456	102	188
457	102	189
458	102	190
459	102	191
460	102	192
461	102	193
462	102	194
463	102	195
464	102	196
465	102	197
466	103	1
467	103	2
468	103	3
469	103	4
470	103	5
471	103	6
472	103	7
473	103	8
474	103	9
475	103	10
476	103	11
477	103	12
478	103	13
479	103	14
480	103	15
481	103	16
482	103	17
483	103	18
484	103	19
485	103	20
486	103	21
487	103	22
488	103	23
489	103	24
490	103	25
491	103	26
492	103	27
493	103	28
494	103	29
495	103	30
496	103	31
497	103	32
498	103	33
499	103	34
500	103	35
501	103	36
502	103	37
503	103	38
504	103	39
505	103	40
506	103	41
507	103	42
508	103	43
509	103	44
510	103	45
511	103	46
512	103	47
513	103	48
514	103	49
515	103	50
516	103	51
517	103	52
518	103	53
519	103	54
520	103	55
521	103	56
522	103	57
523	103	58
524	103	59
525	103	60
526	103	61
527	103	62
528	103	63
529	103	64
530	103	65
531	103	66
532	103	67
533	103	68
534	103	69
535	103	70
536	103	71
537	103	72
538	103	73
539	103	74
540	103	75
541	103	76
542	103	77
543	103	78
544	103	79
545	103	80
546	103	81
547	103	82
548	103	83
549	103	84
550	103	85
551	103	86
552	103	87
553	103	88
554	103	89
555	103	90
556	103	91
557	103	92
558	103	100
559	103	101
560	103	102
561	103	103
562	103	104
563	103	105
564	103	106
565	103	107
566	103	108
567	103	109
568	103	110
569	103	111
570	103	112
571	103	113
572	103	114
573	103	115
574	103	116
575	103	117
576	103	118
577	103	119
578	103	120
579	103	121
580	103	122
581	103	123
582	103	124
583	103	125
584	103	126
585	103	127
586	103	128
587	103	129
588	103	130
589	103	131
590	103	132
591	103	133
592	103	134
593	103	135
594	103	136
595	103	137
596	103	138
597	103	139
598	103	140
599	103	141
600	103	142
601	103	143
602	103	166
603	103	167
604	103	168
605	103	169
606	103	170
607	103	171
608	103	172
609	103	173
610	103	174
611	103	175
612	103	176
613	103	177
614	103	178
615	103	179
616	103	180
617	103	181
618	103	182
619	103	183
620	103	184
621	103	185
622	103	186
623	103	187
624	103	188
625	103	189
626	103	190
627	103	191
628	103	192
629	103	193
630	103	194
631	103	195
632	103	196
633	103	197
634	104	1
635	104	2
636	104	3
637	104	4
638	104	5
639	104	6
640	104	7
641	104	8
642	104	9
643	104	10
644	104	11
645	104	12
646	104	13
647	104	14
648	104	15
649	104	16
650	104	17
651	104	18
652	104	19
653	104	20
654	104	21
655	104	22
656	104	23
657	104	24
658	104	25
659	104	26
660	104	27
661	104	28
662	104	29
663	104	30
664	104	31
665	104	32
666	104	33
667	104	34
668	104	35
669	104	36
670	104	37
671	104	38
672	104	39
673	104	40
674	104	41
675	104	42
676	104	43
677	104	44
678	104	45
679	104	46
680	104	47
681	104	48
682	104	49
683	104	50
684	104	51
685	104	52
686	104	53
687	104	54
688	104	55
689	104	56
690	104	57
691	104	58
692	104	59
693	104	60
694	104	61
695	104	62
696	104	63
697	104	64
698	104	65
699	104	66
700	104	67
701	104	68
702	104	69
703	104	70
704	104	71
705	104	72
706	104	73
707	104	74
708	104	75
709	104	76
710	104	77
711	104	78
712	104	79
713	104	80
714	104	81
715	104	82
716	104	83
717	104	84
718	104	85
719	104	86
720	104	87
721	104	88
722	104	89
723	104	90
724	104	91
725	104	92
726	104	100
727	104	101
728	104	102
729	104	103
730	104	104
731	104	105
732	104	106
733	104	107
734	104	108
735	104	109
736	104	110
737	104	111
738	104	112
739	104	113
740	104	114
741	104	115
742	104	116
743	104	117
744	104	118
745	104	119
746	104	120
747	104	121
748	104	122
749	104	123
750	104	124
751	104	125
752	104	126
753	104	127
754	104	128
755	104	129
756	104	130
757	104	131
758	104	132
759	104	133
760	104	134
761	104	135
762	104	136
763	104	137
764	104	138
765	104	139
766	104	140
767	104	141
768	104	142
769	104	143
770	104	166
771	104	167
772	104	168
773	104	169
774	104	170
775	104	171
776	104	172
777	104	173
778	104	174
779	104	175
780	104	176
781	104	177
782	104	178
783	104	179
784	104	180
785	104	181
786	104	182
787	104	183
788	104	184
789	104	185
790	104	186
791	104	187
792	104	188
793	104	189
794	104	190
795	104	191
796	104	192
797	104	193
798	104	194
799	104	195
800	104	196
801	104	197
802	105	1
803	105	2
804	105	3
805	105	4
806	105	5
807	105	6
808	105	7
809	105	8
810	105	9
811	105	10
812	105	11
813	105	12
814	105	13
815	105	14
816	105	15
817	105	16
818	105	17
819	105	18
820	105	19
821	105	20
822	105	21
823	105	22
824	105	23
825	105	24
826	105	25
827	105	26
828	105	27
829	105	28
830	105	29
831	105	30
832	105	31
833	105	32
834	105	33
835	105	34
836	105	35
837	105	36
838	105	37
839	105	38
840	105	39
841	105	40
842	105	41
843	105	42
844	105	43
845	105	44
846	105	45
847	105	46
848	105	47
849	105	48
850	105	49
851	105	50
852	105	51
853	105	52
854	105	53
855	105	54
856	105	55
857	105	56
858	105	57
859	105	58
860	105	59
861	105	60
862	105	61
863	105	62
864	105	63
865	105	64
866	105	65
867	105	66
868	105	67
869	105	68
870	105	69
871	105	70
872	105	71
873	105	72
874	105	73
875	105	74
876	105	75
877	105	76
878	105	77
879	105	78
880	105	79
881	105	80
882	105	81
883	105	82
884	105	83
885	105	84
886	105	85
887	105	86
888	105	87
889	105	88
890	105	89
891	105	90
892	105	91
893	105	92
894	105	100
895	105	101
896	105	102
897	105	103
898	105	104
899	105	105
900	105	106
901	105	107
902	105	108
903	105	109
904	105	110
905	105	111
906	105	112
907	105	113
908	105	114
909	105	115
910	105	116
911	105	117
912	105	118
913	105	119
914	105	120
915	105	121
916	105	122
917	105	123
918	105	124
919	105	125
920	105	126
921	105	127
922	105	128
923	105	129
924	105	130
925	105	131
926	105	132
927	105	133
928	105	134
929	105	135
930	105	136
931	105	137
932	105	138
933	105	139
934	105	140
935	105	141
936	105	142
937	105	143
938	105	166
939	105	167
940	105	168
941	105	169
942	105	170
943	105	171
944	105	172
945	105	173
946	105	174
947	105	175
948	105	176
949	105	177
950	105	178
951	105	179
952	105	180
953	105	181
954	105	182
955	105	183
956	105	184
957	105	185
958	105	186
959	105	187
960	105	188
961	105	189
962	105	190
963	105	191
964	105	192
965	105	193
966	105	194
967	105	195
968	105	196
969	105	197
970	106	1
971	106	2
972	106	3
973	106	4
974	106	5
975	106	6
976	106	7
977	106	8
978	106	9
979	106	10
980	106	11
981	106	12
982	106	13
983	106	14
984	106	15
985	106	16
986	106	17
987	106	18
988	106	19
989	106	20
990	106	21
991	106	22
992	106	23
993	106	24
994	106	25
995	106	26
996	106	27
997	106	28
998	106	29
999	106	30
1000	106	31
1001	106	32
1002	106	33
1003	106	34
1004	106	35
1005	106	36
1006	106	37
1007	106	38
1008	106	39
1009	106	40
1010	106	41
1011	106	42
1012	106	43
1013	106	44
1014	106	45
1015	106	46
1016	106	47
1017	106	48
1018	106	49
1019	106	50
1020	106	51
1021	106	52
1022	106	53
1023	106	54
1024	106	55
1025	106	56
1026	106	57
1027	106	58
1028	106	59
1029	106	60
1030	106	61
1031	106	62
1032	106	63
1033	106	64
1034	106	65
1035	106	66
1036	106	67
1037	106	68
1038	106	69
1039	106	70
1040	106	71
1041	106	72
1042	106	73
1043	106	74
1044	106	75
1045	106	76
1046	106	77
1047	106	78
1048	106	79
1049	106	80
1050	106	81
1051	106	82
1052	106	83
1053	106	84
1054	106	85
1055	106	86
1056	106	87
1057	106	88
1058	106	89
1059	106	90
1060	106	91
1061	106	92
1062	106	100
1063	106	101
1064	106	102
1065	106	103
1066	106	104
1067	106	105
1068	106	106
1069	106	107
1070	106	108
1071	106	109
1072	106	110
1073	106	111
1074	106	112
1075	106	113
1076	106	114
1077	106	115
1078	106	116
1079	106	117
1080	106	118
1081	106	119
1082	106	120
1083	106	121
1084	106	122
1085	106	123
1086	106	124
1087	106	125
1088	106	126
1089	106	127
1090	106	128
1091	106	129
1092	106	130
1093	106	131
1094	106	132
1095	106	133
1096	106	134
1097	106	135
1098	106	136
1099	106	137
1100	106	138
1101	106	139
1102	106	140
1103	106	141
1104	106	142
1105	106	143
1106	106	166
1107	106	167
1108	106	168
1109	106	169
1110	106	170
1111	106	171
1112	106	172
1113	106	173
1114	106	174
1115	106	175
1116	106	176
1117	106	177
1118	106	178
1119	106	179
1120	106	180
1121	106	181
1122	106	182
1123	106	183
1124	106	184
1125	106	185
1126	106	186
1127	106	187
1128	106	188
1129	106	189
1130	106	190
1131	106	191
1132	106	192
1133	106	193
1138	106	194
1139	106	195
1140	106	196
1141	106	197
1142	67	198
1143	67	200
1144	67	201
1145	67	199
\.


--
-- Name: account_emailaddress_id_seq; Type: SEQUENCE SET; Schema: public; Owner: postgres
--

SELECT pg_catalog.setval('public.account_emailaddress_id_seq', 35, true);


--
-- Name: account_emailconfirmation_id_seq; Type: SEQUENCE SET; Schema: public; Owner: postgres
--

SELECT pg_catalog.setval('public.account_emailconfirmation_id_seq', 1, false);


--
-- Name: admin_interface_theme_id_seq; Type: SEQUENCE SET; Schema: public; Owner: postgres
--

SELECT pg_catalog.setval('public.admin_interface_theme_id_seq', 33, true);


--
-- Name: auth_group_id_seq; Type: SEQUENCE SET; Schema: public; Owner: postgres
--

SELECT pg_catalog.setval('public.auth_group_id_seq', 1, true);


--
-- Name: auth_group_permissions_id_seq; Type: SEQUENCE SET; Schema: public; Owner: postgres
--

SELECT pg_catalog.setval('public.auth_group_permissions_id_seq', 172, true);


--
-- Name: auth_permission_id_seq; Type: SEQUENCE SET; Schema: public; Owner: postgres
--

SELECT pg_catalog.setval('public.auth_permission_id_seq', 245, true);


--
-- Name: clientes_ambientesistemas_id_seq; Type: SEQUENCE SET; Schema: public; Owner: postgres
--

SELECT pg_catalog.setval('public.clientes_ambientesistemas_id_seq', 66, true);


--
-- Name: clientes_cliente_equipo_tecnico_clientes_id_seq; Type: SEQUENCE SET; Schema: public; Owner: postgres
--

SELECT pg_catalog.setval('public.clientes_cliente_equipo_tecnico_clientes_id_seq', 354, true);


--
-- Name: clientes_cliente_id_seq; Type: SEQUENCE SET; Schema: public; Owner: ubuntu
--

SELECT pg_catalog.setval('public.clientes_cliente_id_seq', 75, true);


--
-- Name: clientes_cliente_sistema_FK_id_seq; Type: SEQUENCE SET; Schema: public; Owner: postgres
--

SELECT pg_catalog.setval('public."clientes_cliente_sistema_FK_id_seq"', 274, true);


--
-- Name: clientes_configuracioncliente_id_seq; Type: SEQUENCE SET; Schema: public; Owner: ubuntu
--

SELECT pg_catalog.setval('public.clientes_configuracioncliente_id_seq', 27, true);


--
-- Name: clientes_paisescliente_id_seq; Type: SEQUENCE SET; Schema: public; Owner: postgres
--

SELECT pg_catalog.setval('public.clientes_paisescliente_id_seq', 1, true);


--
-- Name: clientes_sistemascliente_id_seq; Type: SEQUENCE SET; Schema: public; Owner: ubuntu
--

SELECT pg_catalog.setval('public.clientes_sistemascliente_id_seq', 132, true);


--
-- Name: clientes_usuariocliente_id_seq; Type: SEQUENCE SET; Schema: public; Owner: ubuntu
--

SELECT pg_catalog.setval('public.clientes_usuariocliente_id_seq', 1, false);


--
-- Name: django_admin_log_id_seq; Type: SEQUENCE SET; Schema: public; Owner: postgres
--

SELECT pg_catalog.setval('public.django_admin_log_id_seq', 1897, true);


--
-- Name: django_celery_beat_clockedschedule_id_seq; Type: SEQUENCE SET; Schema: public; Owner: ubuntu
--

SELECT pg_catalog.setval('public.django_celery_beat_clockedschedule_id_seq', 1, false);


--
-- Name: django_celery_beat_crontabschedule_id_seq; Type: SEQUENCE SET; Schema: public; Owner: ubuntu
--

SELECT pg_catalog.setval('public.django_celery_beat_crontabschedule_id_seq', 1, true);


--
-- Name: django_celery_beat_intervalschedule_id_seq; Type: SEQUENCE SET; Schema: public; Owner: ubuntu
--

SELECT pg_catalog.setval('public.django_celery_beat_intervalschedule_id_seq', 4, true);


--
-- Name: django_celery_beat_periodictask_id_seq; Type: SEQUENCE SET; Schema: public; Owner: ubuntu
--

SELECT pg_catalog.setval('public.django_celery_beat_periodictask_id_seq', 30, true);


--
-- Name: django_celery_beat_solarschedule_id_seq; Type: SEQUENCE SET; Schema: public; Owner: ubuntu
--

SELECT pg_catalog.setval('public.django_celery_beat_solarschedule_id_seq', 1, false);


--
-- Name: django_celery_results_chordcounter_id_seq; Type: SEQUENCE SET; Schema: public; Owner: ubuntu
--

SELECT pg_catalog.setval('public.django_celery_results_chordcounter_id_seq', 1, false);


--
-- Name: django_celery_results_groupresult_id_seq; Type: SEQUENCE SET; Schema: public; Owner: ubuntu
--

SELECT pg_catalog.setval('public.django_celery_results_groupresult_id_seq', 1, false);


--
-- Name: django_celery_results_taskresult_id_seq; Type: SEQUENCE SET; Schema: public; Owner: ubuntu
--

SELECT pg_catalog.setval('public.django_celery_results_taskresult_id_seq', 232, true);


--
-- Name: django_content_type_id_seq; Type: SEQUENCE SET; Schema: public; Owner: postgres
--

SELECT pg_catalog.setval('public.django_content_type_id_seq', 86, true);


--
-- Name: django_migrations_id_seq; Type: SEQUENCE SET; Schema: public; Owner: postgres
--

SELECT pg_catalog.setval('public.django_migrations_id_seq', 211, true);


--
-- Name: django_site_id_seq; Type: SEQUENCE SET; Schema: public; Owner: postgres
--

SELECT pg_catalog.setval('public.django_site_id_seq', 34, true);


--
-- Name: info_general_auditoria_id_seq; Type: SEQUENCE SET; Schema: public; Owner: ubuntu
--

SELECT pg_catalog.setval('public.info_general_auditoria_id_seq', 47, true);


--
-- Name: info_general_regiones_id_seq; Type: SEQUENCE SET; Schema: public; Owner: ubuntu
--

SELECT pg_catalog.setval('public.info_general_regiones_id_seq', 4, true);


--
-- Name: info_general_tipoauditoria_id_seq; Type: SEQUENCE SET; Schema: public; Owner: ubuntu
--

SELECT pg_catalog.setval('public.info_general_tipoauditoria_id_seq', 2, true);


--
-- Name: orden_de_trabajo_detalleordendetrabajo_id_seq; Type: SEQUENCE SET; Schema: public; Owner: ubuntu
--

SELECT pg_catalog.setval('public.orden_de_trabajo_detalleordendetrabajo_id_seq', 1, false);


--
-- Name: orden_de_trabajo_estadoorden_id_seq; Type: SEQUENCE SET; Schema: public; Owner: ubuntu
--

SELECT pg_catalog.setval('public.orden_de_trabajo_estadoorden_id_seq', 1, false);


--
-- Name: orden_de_trabajo_ordendetrabajo_id_seq; Type: SEQUENCE SET; Schema: public; Owner: ubuntu
--

SELECT pg_catalog.setval('public.orden_de_trabajo_ordendetrabajo_id_seq', 1, false);


--
-- Name: orden_de_trabajo_tipodependencias_id_seq; Type: SEQUENCE SET; Schema: public; Owner: ubuntu
--

SELECT pg_catalog.setval('public.orden_de_trabajo_tipodependencias_id_seq', 1, false);


--
-- Name: orden_de_trabajo_tipoerror_id_seq; Type: SEQUENCE SET; Schema: public; Owner: ubuntu
--

SELECT pg_catalog.setval('public.orden_de_trabajo_tipoerror_id_seq', 1, false);


--
-- Name: orden_de_trabajo_tipowarning_id_seq; Type: SEQUENCE SET; Schema: public; Owner: ubuntu
--

SELECT pg_catalog.setval('public.orden_de_trabajo_tipowarning_id_seq', 1, false);


--
-- Name: rfc_modulo_actividadesrfc_id_seq; Type: SEQUENCE SET; Schema: public; Owner: postgres
--

SELECT pg_catalog.setval('public.rfc_modulo_actividadesrfc_id_seq', 743, true);


--
-- Name: rfc_modulo_datosactividadesestandar_id_seq; Type: SEQUENCE SET; Schema: public; Owner: postgres
--

SELECT pg_catalog.setval('public.rfc_modulo_datosactividadesestandar_id_seq', 1122, true);


--
-- Name: rfc_modulo_datosrfcestandar_id_seq; Type: SEQUENCE SET; Schema: public; Owner: postgres
--

SELECT pg_catalog.setval('public.rfc_modulo_datosrfcestandar_id_seq', 33, true);


--
-- Name: rfc_modulo_datosseverityestandar_id_seq; Type: SEQUENCE SET; Schema: public; Owner: postgres
--

SELECT pg_catalog.setval('public.rfc_modulo_datosseverityestandar_id_seq', 33, true);


--
-- Name: rfc_modulo_datostareasestandar_id_seq; Type: SEQUENCE SET; Schema: public; Owner: postgres
--

SELECT pg_catalog.setval('public.rfc_modulo_datostareasestandar_id_seq', 33, true);


--
-- Name: rfc_modulo_estadoactividad_id_seq; Type: SEQUENCE SET; Schema: public; Owner: postgres
--

SELECT pg_catalog.setval('public.rfc_modulo_estadoactividad_id_seq', 33, true);


--
-- Name: rfc_modulo_estadorfc_id_seq; Type: SEQUENCE SET; Schema: public; Owner: postgres
--

SELECT pg_catalog.setval('public.rfc_modulo_estadorfc_id_seq', 33, true);


--
-- Name: rfc_modulo_historicocambio_actividadXestado_id_seq; Type: SEQUENCE SET; Schema: public; Owner: postgres
--

SELECT pg_catalog.setval('public."rfc_modulo_historicocambio_actividadXestado_id_seq"', 778, true);


--
-- Name: rfc_modulo_historicocambio_id_seq; Type: SEQUENCE SET; Schema: public; Owner: postgres
--

SELECT pg_catalog.setval('public.rfc_modulo_historicocambio_id_seq', 174, true);


--
-- Name: rfc_modulo_requestfor_id_seq; Type: SEQUENCE SET; Schema: public; Owner: postgres
--

SELECT pg_catalog.setval('public.rfc_modulo_requestfor_id_seq', 66, true);


--
-- Name: rfc_modulo_retorno_id_seq; Type: SEQUENCE SET; Schema: public; Owner: postgres
--

SELECT pg_catalog.setval('public.rfc_modulo_retorno_id_seq', 1, false);


--
-- Name: rfc_modulo_rfc_equipo_tecnico_id_seq; Type: SEQUENCE SET; Schema: public; Owner: postgres
--

SELECT pg_catalog.setval('public.rfc_modulo_rfc_equipo_tecnico_id_seq', 247, true);


--
-- Name: rfc_modulo_rfc_id_seq; Type: SEQUENCE SET; Schema: public; Owner: ubuntu
--

SELECT pg_catalog.setval('public.rfc_modulo_rfc_id_seq', 175, true);


--
-- Name: rfc_modulo_rfc_sistemas_FK_id_seq; Type: SEQUENCE SET; Schema: public; Owner: postgres
--

SELECT pg_catalog.setval('public."rfc_modulo_rfc_sistemas_FK_id_seq"', 465, true);


--
-- Name: rfc_modulo_severity_id_seq; Type: SEQUENCE SET; Schema: public; Owner: postgres
--

SELECT pg_catalog.setval('public.rfc_modulo_severity_id_seq', 184, true);


--
-- Name: rfc_modulo_tareasretorno_id_seq; Type: SEQUENCE SET; Schema: public; Owner: postgres
--

SELECT pg_catalog.setval('public.rfc_modulo_tareasretorno_id_seq', 205, true);


--
-- Name: socialaccount_socialaccount_id_seq; Type: SEQUENCE SET; Schema: public; Owner: postgres
--

SELECT pg_catalog.setval('public.socialaccount_socialaccount_id_seq', 35, true);


--
-- Name: socialaccount_socialapp_id_seq; Type: SEQUENCE SET; Schema: public; Owner: postgres
--

SELECT pg_catalog.setval('public.socialaccount_socialapp_id_seq', 33, true);


--
-- Name: socialaccount_socialapp_sites_id_seq; Type: SEQUENCE SET; Schema: public; Owner: postgres
--

SELECT pg_catalog.setval('public.socialaccount_socialapp_sites_id_seq', 33, true);


--
-- Name: socialaccount_socialtoken_id_seq; Type: SEQUENCE SET; Schema: public; Owner: postgres
--

SELECT pg_catalog.setval('public.socialaccount_socialtoken_id_seq', 35, true);


--
-- Name: task_id_sequence; Type: SEQUENCE SET; Schema: public; Owner: ubuntu
--

SELECT pg_catalog.setval('public.task_id_sequence', 70, true);


--
-- Name: taskset_id_sequence; Type: SEQUENCE SET; Schema: public; Owner: ubuntu
--

SELECT pg_catalog.setval('public.taskset_id_sequence', 1, false);


--
-- Name: tecnicos_cargo_id_seq; Type: SEQUENCE SET; Schema: public; Owner: postgres
--

SELECT pg_catalog.setval('public.tecnicos_cargo_id_seq', 66, true);


--
-- Name: tecnicos_domicilio_id_seq; Type: SEQUENCE SET; Schema: public; Owner: postgres
--

SELECT pg_catalog.setval('public.tecnicos_domicilio_id_seq', 1, false);


--
-- Name: tecnicos_tecnico_id_seq; Type: SEQUENCE SET; Schema: public; Owner: postgres
--

SELECT pg_catalog.setval('public.tecnicos_tecnico_id_seq', 99, true);


--
-- Name: tecnicos_tipotecnico_id_seq; Type: SEQUENCE SET; Schema: public; Owner: postgres
--

SELECT pg_catalog.setval('public.tecnicos_tipotecnico_id_seq', 33, true);


--
-- Name: usuarios_usuario_clientes_id_seq; Type: SEQUENCE SET; Schema: public; Owner: postgres
--

SELECT pg_catalog.setval('public.usuarios_usuario_clientes_id_seq', 334, true);


--
-- Name: usuarios_usuario_groups_id_seq; Type: SEQUENCE SET; Schema: public; Owner: postgres
--

SELECT pg_catalog.setval('public.usuarios_usuario_groups_id_seq', 3, true);


--
-- Name: usuarios_usuario_id_seq; Type: SEQUENCE SET; Schema: public; Owner: ubuntu
--

SELECT pg_catalog.setval('public.usuarios_usuario_id_seq', 109, true);


--
-- Name: usuarios_usuario_user_permissions_id_seq; Type: SEQUENCE SET; Schema: public; Owner: postgres
--

SELECT pg_catalog.setval('public.usuarios_usuario_user_permissions_id_seq', 1145, true);


--
-- Name: account_emailaddress account_emailaddress_email_key; Type: CONSTRAINT; Schema: public; Owner: postgres
--

ALTER TABLE ONLY public.account_emailaddress
    ADD CONSTRAINT account_emailaddress_email_key UNIQUE (email);


--
-- Name: account_emailaddress account_emailaddress_pkey; Type: CONSTRAINT; Schema: public; Owner: postgres
--

ALTER TABLE ONLY public.account_emailaddress
    ADD CONSTRAINT account_emailaddress_pkey PRIMARY KEY (id);


--
-- Name: account_emailconfirmation account_emailconfirmation_key_key; Type: CONSTRAINT; Schema: public; Owner: postgres
--

ALTER TABLE ONLY public.account_emailconfirmation
    ADD CONSTRAINT account_emailconfirmation_key_key UNIQUE (key);


--
-- Name: account_emailconfirmation account_emailconfirmation_pkey; Type: CONSTRAINT; Schema: public; Owner: postgres
--

ALTER TABLE ONLY public.account_emailconfirmation
    ADD CONSTRAINT account_emailconfirmation_pkey PRIMARY KEY (id);


--
-- Name: admin_interface_theme admin_interface_theme_name_30bda70f_uniq; Type: CONSTRAINT; Schema: public; Owner: postgres
--

ALTER TABLE ONLY public.admin_interface_theme
    ADD CONSTRAINT admin_interface_theme_name_30bda70f_uniq UNIQUE (name);


--
-- Name: admin_interface_theme admin_interface_theme_pkey; Type: CONSTRAINT; Schema: public; Owner: postgres
--

ALTER TABLE ONLY public.admin_interface_theme
    ADD CONSTRAINT admin_interface_theme_pkey PRIMARY KEY (id);


--
-- Name: auth_group auth_group_name_key; Type: CONSTRAINT; Schema: public; Owner: postgres
--

ALTER TABLE ONLY public.auth_group
    ADD CONSTRAINT auth_group_name_key UNIQUE (name);


--
-- Name: auth_group_permissions auth_group_permissions_group_id_permission_id_0cd325b0_uniq; Type: CONSTRAINT; Schema: public; Owner: postgres
--

ALTER TABLE ONLY public.auth_group_permissions
    ADD CONSTRAINT auth_group_permissions_group_id_permission_id_0cd325b0_uniq UNIQUE (group_id, permission_id);


--
-- Name: auth_group_permissions auth_group_permissions_pkey; Type: CONSTRAINT; Schema: public; Owner: postgres
--

ALTER TABLE ONLY public.auth_group_permissions
    ADD CONSTRAINT auth_group_permissions_pkey PRIMARY KEY (id);


--
-- Name: auth_group auth_group_pkey; Type: CONSTRAINT; Schema: public; Owner: postgres
--

ALTER TABLE ONLY public.auth_group
    ADD CONSTRAINT auth_group_pkey PRIMARY KEY (id);


--
-- Name: auth_permission auth_permission_content_type_id_codename_01ab375a_uniq; Type: CONSTRAINT; Schema: public; Owner: postgres
--

ALTER TABLE ONLY public.auth_permission
    ADD CONSTRAINT auth_permission_content_type_id_codename_01ab375a_uniq UNIQUE (content_type_id, codename);


--
-- Name: auth_permission auth_permission_pkey; Type: CONSTRAINT; Schema: public; Owner: postgres
--

ALTER TABLE ONLY public.auth_permission
    ADD CONSTRAINT auth_permission_pkey PRIMARY KEY (id);


--
-- Name: celery_taskmeta celery_taskmeta_pkey; Type: CONSTRAINT; Schema: public; Owner: ubuntu
--

ALTER TABLE ONLY public.celery_taskmeta
    ADD CONSTRAINT celery_taskmeta_pkey PRIMARY KEY (id);


--
-- Name: celery_taskmeta celery_taskmeta_task_id_key; Type: CONSTRAINT; Schema: public; Owner: ubuntu
--

ALTER TABLE ONLY public.celery_taskmeta
    ADD CONSTRAINT celery_taskmeta_task_id_key UNIQUE (task_id);


--
-- Name: celery_tasksetmeta celery_tasksetmeta_pkey; Type: CONSTRAINT; Schema: public; Owner: ubuntu
--

ALTER TABLE ONLY public.celery_tasksetmeta
    ADD CONSTRAINT celery_tasksetmeta_pkey PRIMARY KEY (id);


--
-- Name: celery_tasksetmeta celery_tasksetmeta_taskset_id_key; Type: CONSTRAINT; Schema: public; Owner: ubuntu
--

ALTER TABLE ONLY public.celery_tasksetmeta
    ADD CONSTRAINT celery_tasksetmeta_taskset_id_key UNIQUE (taskset_id);


--
-- Name: clientes_ambientesistemas clientes_ambientesistemas_pkey; Type: CONSTRAINT; Schema: public; Owner: postgres
--

ALTER TABLE ONLY public.clientes_ambientesistemas
    ADD CONSTRAINT clientes_ambientesistemas_pkey PRIMARY KEY (id);


--
-- Name: clientes_cliente_equipo_tecnico_clientes clientes_cliente_equipo__cliente_id_tecnico_id_a85e634e_uniq; Type: CONSTRAINT; Schema: public; Owner: postgres
--

ALTER TABLE ONLY public.clientes_cliente_equipo_tecnico_clientes
    ADD CONSTRAINT clientes_cliente_equipo__cliente_id_tecnico_id_a85e634e_uniq UNIQUE (cliente_id, tecnico_id);


--
-- Name: clientes_cliente_equipo_tecnico_clientes clientes_cliente_equipo_tecnico_clientes_pkey; Type: CONSTRAINT; Schema: public; Owner: postgres
--

ALTER TABLE ONLY public.clientes_cliente_equipo_tecnico_clientes
    ADD CONSTRAINT clientes_cliente_equipo_tecnico_clientes_pkey PRIMARY KEY (id);


--
-- Name: clientes_cliente clientes_cliente_pkey; Type: CONSTRAINT; Schema: public; Owner: ubuntu
--

ALTER TABLE ONLY public.clientes_cliente
    ADD CONSTRAINT clientes_cliente_pkey PRIMARY KEY (id);


--
-- Name: clientes_cliente_sistema_FK clientes_cliente_sistema_FK_pkey; Type: CONSTRAINT; Schema: public; Owner: postgres
--

ALTER TABLE ONLY public."clientes_cliente_sistema_FK"
    ADD CONSTRAINT "clientes_cliente_sistema_FK_pkey" PRIMARY KEY (id);


--
-- Name: clientes_cliente_sistema_FK clientes_cliente_sistema_cliente_id_sistemasclien_b43700e0_uniq; Type: CONSTRAINT; Schema: public; Owner: postgres
--

ALTER TABLE ONLY public."clientes_cliente_sistema_FK"
    ADD CONSTRAINT clientes_cliente_sistema_cliente_id_sistemasclien_b43700e0_uniq UNIQUE (cliente_id, sistemascliente_id);


--
-- Name: clientes_configuracioncliente clientes_configuracioncliente_pkey; Type: CONSTRAINT; Schema: public; Owner: ubuntu
--

ALTER TABLE ONLY public.clientes_configuracioncliente
    ADD CONSTRAINT clientes_configuracioncliente_pkey PRIMARY KEY (id);


--
-- Name: clientes_paisescliente clientes_paisescliente_pkey; Type: CONSTRAINT; Schema: public; Owner: postgres
--

ALTER TABLE ONLY public.clientes_paisescliente
    ADD CONSTRAINT clientes_paisescliente_pkey PRIMARY KEY (id);


--
-- Name: clientes_sistemascliente clientes_sistemascliente_pkey; Type: CONSTRAINT; Schema: public; Owner: ubuntu
--

ALTER TABLE ONLY public.clientes_sistemascliente
    ADD CONSTRAINT clientes_sistemascliente_pkey PRIMARY KEY (id);


--
-- Name: clientes_usuariocliente clientes_usuariocliente_pkey; Type: CONSTRAINT; Schema: public; Owner: ubuntu
--

ALTER TABLE ONLY public.clientes_usuariocliente
    ADD CONSTRAINT clientes_usuariocliente_pkey PRIMARY KEY (id);


--
-- Name: django_admin_log django_admin_log_pkey; Type: CONSTRAINT; Schema: public; Owner: postgres
--

ALTER TABLE ONLY public.django_admin_log
    ADD CONSTRAINT django_admin_log_pkey PRIMARY KEY (id);


--
-- Name: django_celery_beat_clockedschedule django_celery_beat_clockedschedule_pkey; Type: CONSTRAINT; Schema: public; Owner: ubuntu
--

ALTER TABLE ONLY public.django_celery_beat_clockedschedule
    ADD CONSTRAINT django_celery_beat_clockedschedule_pkey PRIMARY KEY (id);


--
-- Name: django_celery_beat_crontabschedule django_celery_beat_crontabschedule_pkey; Type: CONSTRAINT; Schema: public; Owner: ubuntu
--

ALTER TABLE ONLY public.django_celery_beat_crontabschedule
    ADD CONSTRAINT django_celery_beat_crontabschedule_pkey PRIMARY KEY (id);


--
-- Name: django_celery_beat_intervalschedule django_celery_beat_intervalschedule_pkey; Type: CONSTRAINT; Schema: public; Owner: ubuntu
--

ALTER TABLE ONLY public.django_celery_beat_intervalschedule
    ADD CONSTRAINT django_celery_beat_intervalschedule_pkey PRIMARY KEY (id);


--
-- Name: django_celery_beat_periodictask django_celery_beat_periodictask_name_key; Type: CONSTRAINT; Schema: public; Owner: ubuntu
--

ALTER TABLE ONLY public.django_celery_beat_periodictask
    ADD CONSTRAINT django_celery_beat_periodictask_name_key UNIQUE (name);


--
-- Name: django_celery_beat_periodictask django_celery_beat_periodictask_pkey; Type: CONSTRAINT; Schema: public; Owner: ubuntu
--

ALTER TABLE ONLY public.django_celery_beat_periodictask
    ADD CONSTRAINT django_celery_beat_periodictask_pkey PRIMARY KEY (id);


--
-- Name: django_celery_beat_periodictasks django_celery_beat_periodictasks_pkey; Type: CONSTRAINT; Schema: public; Owner: ubuntu
--

ALTER TABLE ONLY public.django_celery_beat_periodictasks
    ADD CONSTRAINT django_celery_beat_periodictasks_pkey PRIMARY KEY (ident);


--
-- Name: django_celery_beat_solarschedule django_celery_beat_solar_event_latitude_longitude_ba64999a_uniq; Type: CONSTRAINT; Schema: public; Owner: ubuntu
--

ALTER TABLE ONLY public.django_celery_beat_solarschedule
    ADD CONSTRAINT django_celery_beat_solar_event_latitude_longitude_ba64999a_uniq UNIQUE (event, latitude, longitude);


--
-- Name: django_celery_beat_solarschedule django_celery_beat_solarschedule_pkey; Type: CONSTRAINT; Schema: public; Owner: ubuntu
--

ALTER TABLE ONLY public.django_celery_beat_solarschedule
    ADD CONSTRAINT django_celery_beat_solarschedule_pkey PRIMARY KEY (id);


--
-- Name: django_celery_results_chordcounter django_celery_results_chordcounter_group_id_key; Type: CONSTRAINT; Schema: public; Owner: ubuntu
--

ALTER TABLE ONLY public.django_celery_results_chordcounter
    ADD CONSTRAINT django_celery_results_chordcounter_group_id_key UNIQUE (group_id);


--
-- Name: django_celery_results_chordcounter django_celery_results_chordcounter_pkey; Type: CONSTRAINT; Schema: public; Owner: ubuntu
--

ALTER TABLE ONLY public.django_celery_results_chordcounter
    ADD CONSTRAINT django_celery_results_chordcounter_pkey PRIMARY KEY (id);


--
-- Name: django_celery_results_groupresult django_celery_results_groupresult_group_id_key; Type: CONSTRAINT; Schema: public; Owner: ubuntu
--

ALTER TABLE ONLY public.django_celery_results_groupresult
    ADD CONSTRAINT django_celery_results_groupresult_group_id_key UNIQUE (group_id);


--
-- Name: django_celery_results_groupresult django_celery_results_groupresult_pkey; Type: CONSTRAINT; Schema: public; Owner: ubuntu
--

ALTER TABLE ONLY public.django_celery_results_groupresult
    ADD CONSTRAINT django_celery_results_groupresult_pkey PRIMARY KEY (id);


--
-- Name: django_celery_results_taskresult django_celery_results_taskresult_pkey; Type: CONSTRAINT; Schema: public; Owner: ubuntu
--

ALTER TABLE ONLY public.django_celery_results_taskresult
    ADD CONSTRAINT django_celery_results_taskresult_pkey PRIMARY KEY (id);


--
-- Name: django_celery_results_taskresult django_celery_results_taskresult_task_id_key; Type: CONSTRAINT; Schema: public; Owner: ubuntu
--

ALTER TABLE ONLY public.django_celery_results_taskresult
    ADD CONSTRAINT django_celery_results_taskresult_task_id_key UNIQUE (task_id);


--
-- Name: django_content_type django_content_type_app_label_model_76bd3d3b_uniq; Type: CONSTRAINT; Schema: public; Owner: postgres
--

ALTER TABLE ONLY public.django_content_type
    ADD CONSTRAINT django_content_type_app_label_model_76bd3d3b_uniq UNIQUE (app_label, model);


--
-- Name: django_content_type django_content_type_pkey; Type: CONSTRAINT; Schema: public; Owner: postgres
--

ALTER TABLE ONLY public.django_content_type
    ADD CONSTRAINT django_content_type_pkey PRIMARY KEY (id);


--
-- Name: django_migrations django_migrations_pkey; Type: CONSTRAINT; Schema: public; Owner: postgres
--

ALTER TABLE ONLY public.django_migrations
    ADD CONSTRAINT django_migrations_pkey PRIMARY KEY (id);


--
-- Name: django_session django_session_pkey; Type: CONSTRAINT; Schema: public; Owner: postgres
--

ALTER TABLE ONLY public.django_session
    ADD CONSTRAINT django_session_pkey PRIMARY KEY (session_key);


--
-- Name: django_site django_site_domain_a2e37b91_uniq; Type: CONSTRAINT; Schema: public; Owner: postgres
--

ALTER TABLE ONLY public.django_site
    ADD CONSTRAINT django_site_domain_a2e37b91_uniq UNIQUE (domain);


--
-- Name: django_site django_site_pkey; Type: CONSTRAINT; Schema: public; Owner: postgres
--

ALTER TABLE ONLY public.django_site
    ADD CONSTRAINT django_site_pkey PRIMARY KEY (id);


--
-- Name: info_general_auditoria info_general_auditoria_pkey; Type: CONSTRAINT; Schema: public; Owner: ubuntu
--

ALTER TABLE ONLY public.info_general_auditoria
    ADD CONSTRAINT info_general_auditoria_pkey PRIMARY KEY (id);


--
-- Name: info_general_regiones info_general_regiones_pkey; Type: CONSTRAINT; Schema: public; Owner: ubuntu
--

ALTER TABLE ONLY public.info_general_regiones
    ADD CONSTRAINT info_general_regiones_pkey PRIMARY KEY (id);


--
-- Name: info_general_tipoauditoria info_general_tipoauditoria_id_tipo_auditoria_key; Type: CONSTRAINT; Schema: public; Owner: ubuntu
--

ALTER TABLE ONLY public.info_general_tipoauditoria
    ADD CONSTRAINT info_general_tipoauditoria_id_tipo_auditoria_key UNIQUE (id_tipo_auditoria);


--
-- Name: info_general_tipoauditoria info_general_tipoauditoria_pkey; Type: CONSTRAINT; Schema: public; Owner: ubuntu
--

ALTER TABLE ONLY public.info_general_tipoauditoria
    ADD CONSTRAINT info_general_tipoauditoria_pkey PRIMARY KEY (id);


--
-- Name: orden_de_trabajo_detalleordendetrabajo orden_de_trabajo_detalleordendetrabajo_pkey; Type: CONSTRAINT; Schema: public; Owner: ubuntu
--

ALTER TABLE ONLY public.orden_de_trabajo_detalleordendetrabajo
    ADD CONSTRAINT orden_de_trabajo_detalleordendetrabajo_pkey PRIMARY KEY (id);


--
-- Name: orden_de_trabajo_estadoorden orden_de_trabajo_estadoorden_pkey; Type: CONSTRAINT; Schema: public; Owner: ubuntu
--

ALTER TABLE ONLY public.orden_de_trabajo_estadoorden
    ADD CONSTRAINT orden_de_trabajo_estadoorden_pkey PRIMARY KEY (id);


--
-- Name: orden_de_trabajo_ordendetrabajo orden_de_trabajo_ordendetrabajo_pkey; Type: CONSTRAINT; Schema: public; Owner: ubuntu
--

ALTER TABLE ONLY public.orden_de_trabajo_ordendetrabajo
    ADD CONSTRAINT orden_de_trabajo_ordendetrabajo_pkey PRIMARY KEY (id);


--
-- Name: orden_de_trabajo_tipodependencias orden_de_trabajo_tipodependencias_pkey; Type: CONSTRAINT; Schema: public; Owner: ubuntu
--

ALTER TABLE ONLY public.orden_de_trabajo_tipodependencias
    ADD CONSTRAINT orden_de_trabajo_tipodependencias_pkey PRIMARY KEY (id);


--
-- Name: orden_de_trabajo_tipoerror orden_de_trabajo_tipoerror_pkey; Type: CONSTRAINT; Schema: public; Owner: ubuntu
--

ALTER TABLE ONLY public.orden_de_trabajo_tipoerror
    ADD CONSTRAINT orden_de_trabajo_tipoerror_pkey PRIMARY KEY (id);


--
-- Name: orden_de_trabajo_tipowarning orden_de_trabajo_tipowarning_pkey; Type: CONSTRAINT; Schema: public; Owner: ubuntu
--

ALTER TABLE ONLY public.orden_de_trabajo_tipowarning
    ADD CONSTRAINT orden_de_trabajo_tipowarning_pkey PRIMARY KEY (id);


--
-- Name: rfc_modulo_actividadesrfc rfc_modulo_actividadesrfc_pkey; Type: CONSTRAINT; Schema: public; Owner: postgres
--

ALTER TABLE ONLY public.rfc_modulo_actividadesrfc
    ADD CONSTRAINT rfc_modulo_actividadesrfc_pkey PRIMARY KEY (id);


--
-- Name: rfc_modulo_datosactividadesestandar rfc_modulo_datosactividadesestandar_pkey; Type: CONSTRAINT; Schema: public; Owner: postgres
--

ALTER TABLE ONLY public.rfc_modulo_datosactividadesestandar
    ADD CONSTRAINT rfc_modulo_datosactividadesestandar_pkey PRIMARY KEY (id);


--
-- Name: rfc_modulo_datosrfcestandar rfc_modulo_datosrfcestandar_pkey; Type: CONSTRAINT; Schema: public; Owner: postgres
--

ALTER TABLE ONLY public.rfc_modulo_datosrfcestandar
    ADD CONSTRAINT rfc_modulo_datosrfcestandar_pkey PRIMARY KEY (id);


--
-- Name: rfc_modulo_datosseverityestandar rfc_modulo_datosseverityestandar_pkey; Type: CONSTRAINT; Schema: public; Owner: postgres
--

ALTER TABLE ONLY public.rfc_modulo_datosseverityestandar
    ADD CONSTRAINT rfc_modulo_datosseverityestandar_pkey PRIMARY KEY (id);


--
-- Name: rfc_modulo_datostareasestandar rfc_modulo_datostareasestandar_pkey; Type: CONSTRAINT; Schema: public; Owner: postgres
--

ALTER TABLE ONLY public.rfc_modulo_datostareasestandar
    ADD CONSTRAINT rfc_modulo_datostareasestandar_pkey PRIMARY KEY (id);


--
-- Name: rfc_modulo_estadoactividad rfc_modulo_estadoactividad_pkey; Type: CONSTRAINT; Schema: public; Owner: postgres
--

ALTER TABLE ONLY public.rfc_modulo_estadoactividad
    ADD CONSTRAINT rfc_modulo_estadoactividad_pkey PRIMARY KEY (id);


--
-- Name: rfc_modulo_estadorfc rfc_modulo_estadorfc_pkey; Type: CONSTRAINT; Schema: public; Owner: postgres
--

ALTER TABLE ONLY public.rfc_modulo_estadorfc
    ADD CONSTRAINT rfc_modulo_estadorfc_pkey PRIMARY KEY (id);


--
-- Name: rfc_modulo_historicocambio_actividadXestado rfc_modulo_historicocamb_historicocambio_id_activ_389c07c8_uniq; Type: CONSTRAINT; Schema: public; Owner: postgres
--

ALTER TABLE ONLY public."rfc_modulo_historicocambio_actividadXestado"
    ADD CONSTRAINT rfc_modulo_historicocamb_historicocambio_id_activ_389c07c8_uniq UNIQUE (historicocambio_id, actividadesrfc_id);


--
-- Name: rfc_modulo_historicocambio_actividadXestado rfc_modulo_historicocambio_actividadXestado_pkey; Type: CONSTRAINT; Schema: public; Owner: postgres
--

ALTER TABLE ONLY public."rfc_modulo_historicocambio_actividadXestado"
    ADD CONSTRAINT "rfc_modulo_historicocambio_actividadXestado_pkey" PRIMARY KEY (id);


--
-- Name: rfc_modulo_historicocambio rfc_modulo_historicocambio_pkey; Type: CONSTRAINT; Schema: public; Owner: postgres
--

ALTER TABLE ONLY public.rfc_modulo_historicocambio
    ADD CONSTRAINT rfc_modulo_historicocambio_pkey PRIMARY KEY (id);


--
-- Name: rfc_modulo_requestfor rfc_modulo_requestfor_pkey; Type: CONSTRAINT; Schema: public; Owner: postgres
--

ALTER TABLE ONLY public.rfc_modulo_requestfor
    ADD CONSTRAINT rfc_modulo_requestfor_pkey PRIMARY KEY (id);


--
-- Name: rfc_modulo_retorno rfc_modulo_retorno_pkey; Type: CONSTRAINT; Schema: public; Owner: postgres
--

ALTER TABLE ONLY public.rfc_modulo_retorno
    ADD CONSTRAINT rfc_modulo_retorno_pkey PRIMARY KEY (id);


--
-- Name: rfc_modulo_rfc_equipo_tecnico rfc_modulo_rfc_equipo_tecnico_pkey; Type: CONSTRAINT; Schema: public; Owner: postgres
--

ALTER TABLE ONLY public.rfc_modulo_rfc_equipo_tecnico
    ADD CONSTRAINT rfc_modulo_rfc_equipo_tecnico_pkey PRIMARY KEY (id);


--
-- Name: rfc_modulo_rfc_equipo_tecnico rfc_modulo_rfc_equipo_tecnico_rfc_id_tecnico_id_810633d6_uniq; Type: CONSTRAINT; Schema: public; Owner: postgres
--

ALTER TABLE ONLY public.rfc_modulo_rfc_equipo_tecnico
    ADD CONSTRAINT rfc_modulo_rfc_equipo_tecnico_rfc_id_tecnico_id_810633d6_uniq UNIQUE (rfc_id, tecnico_id);


--
-- Name: rfc_modulo_rfc rfc_modulo_rfc_pkey; Type: CONSTRAINT; Schema: public; Owner: ubuntu
--

ALTER TABLE ONLY public.rfc_modulo_rfc
    ADD CONSTRAINT rfc_modulo_rfc_pkey PRIMARY KEY (id);


--
-- Name: rfc_modulo_rfc_sistemas_FK rfc_modulo_rfc_sistemas_FK_pkey; Type: CONSTRAINT; Schema: public; Owner: postgres
--

ALTER TABLE ONLY public."rfc_modulo_rfc_sistemas_FK"
    ADD CONSTRAINT "rfc_modulo_rfc_sistemas_FK_pkey" PRIMARY KEY (id);


--
-- Name: rfc_modulo_rfc_sistemas_FK rfc_modulo_rfc_sistemas__rfc_id_sistemascliente_i_9ff8378f_uniq; Type: CONSTRAINT; Schema: public; Owner: postgres
--

ALTER TABLE ONLY public."rfc_modulo_rfc_sistemas_FK"
    ADD CONSTRAINT rfc_modulo_rfc_sistemas__rfc_id_sistemascliente_i_9ff8378f_uniq UNIQUE (rfc_id, sistemascliente_id);


--
-- Name: rfc_modulo_severity rfc_modulo_severity_pkey; Type: CONSTRAINT; Schema: public; Owner: postgres
--

ALTER TABLE ONLY public.rfc_modulo_severity
    ADD CONSTRAINT rfc_modulo_severity_pkey PRIMARY KEY (id);


--
-- Name: rfc_modulo_tareasretorno rfc_modulo_tareasretorno_pkey; Type: CONSTRAINT; Schema: public; Owner: postgres
--

ALTER TABLE ONLY public.rfc_modulo_tareasretorno
    ADD CONSTRAINT rfc_modulo_tareasretorno_pkey PRIMARY KEY (id);


--
-- Name: socialaccount_socialaccount socialaccount_socialaccount_pkey; Type: CONSTRAINT; Schema: public; Owner: postgres
--

ALTER TABLE ONLY public.socialaccount_socialaccount
    ADD CONSTRAINT socialaccount_socialaccount_pkey PRIMARY KEY (id);


--
-- Name: socialaccount_socialaccount socialaccount_socialaccount_provider_uid_fc810c6e_uniq; Type: CONSTRAINT; Schema: public; Owner: postgres
--

ALTER TABLE ONLY public.socialaccount_socialaccount
    ADD CONSTRAINT socialaccount_socialaccount_provider_uid_fc810c6e_uniq UNIQUE (provider, uid);


--
-- Name: socialaccount_socialapp_sites socialaccount_socialapp__socialapp_id_site_id_71a9a768_uniq; Type: CONSTRAINT; Schema: public; Owner: postgres
--

ALTER TABLE ONLY public.socialaccount_socialapp_sites
    ADD CONSTRAINT socialaccount_socialapp__socialapp_id_site_id_71a9a768_uniq UNIQUE (socialapp_id, site_id);


--
-- Name: socialaccount_socialapp socialaccount_socialapp_pkey; Type: CONSTRAINT; Schema: public; Owner: postgres
--

ALTER TABLE ONLY public.socialaccount_socialapp
    ADD CONSTRAINT socialaccount_socialapp_pkey PRIMARY KEY (id);


--
-- Name: socialaccount_socialapp_sites socialaccount_socialapp_sites_pkey; Type: CONSTRAINT; Schema: public; Owner: postgres
--

ALTER TABLE ONLY public.socialaccount_socialapp_sites
    ADD CONSTRAINT socialaccount_socialapp_sites_pkey PRIMARY KEY (id);


--
-- Name: socialaccount_socialtoken socialaccount_socialtoken_app_id_account_id_fca4e0ac_uniq; Type: CONSTRAINT; Schema: public; Owner: postgres
--

ALTER TABLE ONLY public.socialaccount_socialtoken
    ADD CONSTRAINT socialaccount_socialtoken_app_id_account_id_fca4e0ac_uniq UNIQUE (app_id, account_id);


--
-- Name: socialaccount_socialtoken socialaccount_socialtoken_pkey; Type: CONSTRAINT; Schema: public; Owner: postgres
--

ALTER TABLE ONLY public.socialaccount_socialtoken
    ADD CONSTRAINT socialaccount_socialtoken_pkey PRIMARY KEY (id);


--
-- Name: tecnicos_cargo tecnicos_cargo_pkey; Type: CONSTRAINT; Schema: public; Owner: postgres
--

ALTER TABLE ONLY public.tecnicos_cargo
    ADD CONSTRAINT tecnicos_cargo_pkey PRIMARY KEY (id);


--
-- Name: tecnicos_domicilio tecnicos_domicilio_pkey; Type: CONSTRAINT; Schema: public; Owner: postgres
--

ALTER TABLE ONLY public.tecnicos_domicilio
    ADD CONSTRAINT tecnicos_domicilio_pkey PRIMARY KEY (id);


--
-- Name: tecnicos_tecnico tecnicos_tecnico_pkey; Type: CONSTRAINT; Schema: public; Owner: postgres
--

ALTER TABLE ONLY public.tecnicos_tecnico
    ADD CONSTRAINT tecnicos_tecnico_pkey PRIMARY KEY (id);


--
-- Name: tecnicos_tipotecnico tecnicos_tipotecnico_pkey; Type: CONSTRAINT; Schema: public; Owner: postgres
--

ALTER TABLE ONLY public.tecnicos_tipotecnico
    ADD CONSTRAINT tecnicos_tipotecnico_pkey PRIMARY KEY (id);


--
-- Name: usuarios_usuario_clientes usuarios_usuario_clientes_pkey; Type: CONSTRAINT; Schema: public; Owner: postgres
--

ALTER TABLE ONLY public.usuarios_usuario_clientes
    ADD CONSTRAINT usuarios_usuario_clientes_pkey PRIMARY KEY (id);


--
-- Name: usuarios_usuario_clientes usuarios_usuario_clientes_usuario_id_cliente_id_79a42106_uniq; Type: CONSTRAINT; Schema: public; Owner: postgres
--

ALTER TABLE ONLY public.usuarios_usuario_clientes
    ADD CONSTRAINT usuarios_usuario_clientes_usuario_id_cliente_id_79a42106_uniq UNIQUE (usuario_id, cliente_id);


--
-- Name: usuarios_usuario_groups usuarios_usuario_groups_pkey; Type: CONSTRAINT; Schema: public; Owner: postgres
--

ALTER TABLE ONLY public.usuarios_usuario_groups
    ADD CONSTRAINT usuarios_usuario_groups_pkey PRIMARY KEY (id);


--
-- Name: usuarios_usuario_groups usuarios_usuario_groups_usuario_id_group_id_4ed5b09e_uniq; Type: CONSTRAINT; Schema: public; Owner: postgres
--

ALTER TABLE ONLY public.usuarios_usuario_groups
    ADD CONSTRAINT usuarios_usuario_groups_usuario_id_group_id_4ed5b09e_uniq UNIQUE (usuario_id, group_id);


--
-- Name: usuarios_usuario usuarios_usuario_pkey; Type: CONSTRAINT; Schema: public; Owner: ubuntu
--

ALTER TABLE ONLY public.usuarios_usuario
    ADD CONSTRAINT usuarios_usuario_pkey PRIMARY KEY (id);


--
-- Name: usuarios_usuario_user_permissions usuarios_usuario_user_pe_usuario_id_permission_id_217cadcd_uniq; Type: CONSTRAINT; Schema: public; Owner: postgres
--

ALTER TABLE ONLY public.usuarios_usuario_user_permissions
    ADD CONSTRAINT usuarios_usuario_user_pe_usuario_id_permission_id_217cadcd_uniq UNIQUE (usuario_id, permission_id);


--
-- Name: usuarios_usuario_user_permissions usuarios_usuario_user_permissions_pkey; Type: CONSTRAINT; Schema: public; Owner: postgres
--

ALTER TABLE ONLY public.usuarios_usuario_user_permissions
    ADD CONSTRAINT usuarios_usuario_user_permissions_pkey PRIMARY KEY (id);


--
-- Name: usuarios_usuario usuarios_usuario_username_key; Type: CONSTRAINT; Schema: public; Owner: ubuntu
--

ALTER TABLE ONLY public.usuarios_usuario
    ADD CONSTRAINT usuarios_usuario_username_key UNIQUE (username);


--
-- Name: account_emailaddress_email_03be32b2_like; Type: INDEX; Schema: public; Owner: postgres
--

CREATE INDEX account_emailaddress_email_03be32b2_like ON public.account_emailaddress USING btree (email varchar_pattern_ops);


--
-- Name: account_emailaddress_user_id_2c513194; Type: INDEX; Schema: public; Owner: postgres
--

CREATE INDEX account_emailaddress_user_id_2c513194 ON public.account_emailaddress USING btree (user_id);


--
-- Name: account_emailconfirmation_email_address_id_5b7f8c58; Type: INDEX; Schema: public; Owner: postgres
--

CREATE INDEX account_emailconfirmation_email_address_id_5b7f8c58 ON public.account_emailconfirmation USING btree (email_address_id);


--
-- Name: account_emailconfirmation_key_f43612bd_like; Type: INDEX; Schema: public; Owner: postgres
--

CREATE INDEX account_emailconfirmation_key_f43612bd_like ON public.account_emailconfirmation USING btree (key varchar_pattern_ops);


--
-- Name: admin_interface_theme_name_30bda70f_like; Type: INDEX; Schema: public; Owner: postgres
--

CREATE INDEX admin_interface_theme_name_30bda70f_like ON public.admin_interface_theme USING btree (name varchar_pattern_ops);


--
-- Name: auth_group_name_a6ea08ec_like; Type: INDEX; Schema: public; Owner: postgres
--

CREATE INDEX auth_group_name_a6ea08ec_like ON public.auth_group USING btree (name varchar_pattern_ops);


--
-- Name: auth_group_permissions_group_id_b120cbf9; Type: INDEX; Schema: public; Owner: postgres
--

CREATE INDEX auth_group_permissions_group_id_b120cbf9 ON public.auth_group_permissions USING btree (group_id);


--
-- Name: auth_group_permissions_permission_id_84c5c92e; Type: INDEX; Schema: public; Owner: postgres
--

CREATE INDEX auth_group_permissions_permission_id_84c5c92e ON public.auth_group_permissions USING btree (permission_id);


--
-- Name: auth_permission_content_type_id_2f476e4b; Type: INDEX; Schema: public; Owner: postgres
--

CREATE INDEX auth_permission_content_type_id_2f476e4b ON public.auth_permission USING btree (content_type_id);


--
-- Name: clientes_cliente_cliente_pais_id_067acd0d; Type: INDEX; Schema: public; Owner: ubuntu
--

CREATE INDEX clientes_cliente_cliente_pais_id_067acd0d ON public.clientes_cliente USING btree (cliente_pais_id);


--
-- Name: clientes_cliente_equipo_tecnico_clientes_cliente_id_894c457a; Type: INDEX; Schema: public; Owner: postgres
--

CREATE INDEX clientes_cliente_equipo_tecnico_clientes_cliente_id_894c457a ON public.clientes_cliente_equipo_tecnico_clientes USING btree (cliente_id);


--
-- Name: clientes_cliente_equipo_tecnico_clientes_tecnico_id_ff38acb4; Type: INDEX; Schema: public; Owner: postgres
--

CREATE INDEX clientes_cliente_equipo_tecnico_clientes_tecnico_id_ff38acb4 ON public.clientes_cliente_equipo_tecnico_clientes USING btree (tecnico_id);


--
-- Name: clientes_cliente_sistema_FK_cliente_id_9becdc97; Type: INDEX; Schema: public; Owner: postgres
--

CREATE INDEX "clientes_cliente_sistema_FK_cliente_id_9becdc97" ON public."clientes_cliente_sistema_FK" USING btree (cliente_id);


--
-- Name: clientes_cliente_sistema_FK_sistemascliente_id_b4ef4b90; Type: INDEX; Schema: public; Owner: postgres
--

CREATE INDEX "clientes_cliente_sistema_FK_sistemascliente_id_b4ef4b90" ON public."clientes_cliente_sistema_FK" USING btree (sistemascliente_id);


--
-- Name: clientes_configuracioncliente_cliente_id_821e7412; Type: INDEX; Schema: public; Owner: ubuntu
--

CREATE INDEX clientes_configuracioncliente_cliente_id_821e7412 ON public.clientes_configuracioncliente USING btree (cliente_id);


--
-- Name: clientes_sistemascliente_ambiente_FK_id_f5c1f260; Type: INDEX; Schema: public; Owner: ubuntu
--

CREATE INDEX "clientes_sistemascliente_ambiente_FK_id_f5c1f260" ON public.clientes_sistemascliente USING btree ("ambiente_FK_id");


--
-- Name: clientes_usuariocliente_cliente_FK_id_c24d3fa6; Type: INDEX; Schema: public; Owner: ubuntu
--

CREATE INDEX "clientes_usuariocliente_cliente_FK_id_c24d3fa6" ON public.clientes_usuariocliente USING btree ("cliente_FK_id");


--
-- Name: clientes_usuariocliente_consultor_FK_id_93a9f4b0; Type: INDEX; Schema: public; Owner: ubuntu
--

CREATE INDEX "clientes_usuariocliente_consultor_FK_id_93a9f4b0" ON public.clientes_usuariocliente USING btree ("consultor_FK_id");


--
-- Name: django_admin_log_content_type_id_c4bce8eb; Type: INDEX; Schema: public; Owner: postgres
--

CREATE INDEX django_admin_log_content_type_id_c4bce8eb ON public.django_admin_log USING btree (content_type_id);


--
-- Name: django_admin_log_user_id_c564eba6; Type: INDEX; Schema: public; Owner: postgres
--

CREATE INDEX django_admin_log_user_id_c564eba6 ON public.django_admin_log USING btree (user_id);


--
-- Name: django_cele_date_cr_bd6c1d_idx; Type: INDEX; Schema: public; Owner: ubuntu
--

CREATE INDEX django_cele_date_cr_bd6c1d_idx ON public.django_celery_results_groupresult USING btree (date_created);


--
-- Name: django_cele_date_cr_f04a50_idx; Type: INDEX; Schema: public; Owner: ubuntu
--

CREATE INDEX django_cele_date_cr_f04a50_idx ON public.django_celery_results_taskresult USING btree (date_created);


--
-- Name: django_cele_date_do_caae0e_idx; Type: INDEX; Schema: public; Owner: ubuntu
--

CREATE INDEX django_cele_date_do_caae0e_idx ON public.django_celery_results_groupresult USING btree (date_done);


--
-- Name: django_cele_date_do_f59aad_idx; Type: INDEX; Schema: public; Owner: ubuntu
--

CREATE INDEX django_cele_date_do_f59aad_idx ON public.django_celery_results_taskresult USING btree (date_done);


--
-- Name: django_cele_status_9b6201_idx; Type: INDEX; Schema: public; Owner: ubuntu
--

CREATE INDEX django_cele_status_9b6201_idx ON public.django_celery_results_taskresult USING btree (status);


--
-- Name: django_cele_task_na_08aec9_idx; Type: INDEX; Schema: public; Owner: ubuntu
--

CREATE INDEX django_cele_task_na_08aec9_idx ON public.django_celery_results_taskresult USING btree (task_name);


--
-- Name: django_cele_worker_d54dd8_idx; Type: INDEX; Schema: public; Owner: ubuntu
--

CREATE INDEX django_cele_worker_d54dd8_idx ON public.django_celery_results_taskresult USING btree (worker);


--
-- Name: django_celery_beat_periodictask_clocked_id_47a69f82; Type: INDEX; Schema: public; Owner: ubuntu
--

CREATE INDEX django_celery_beat_periodictask_clocked_id_47a69f82 ON public.django_celery_beat_periodictask USING btree (clocked_id);


--
-- Name: django_celery_beat_periodictask_crontab_id_d3cba168; Type: INDEX; Schema: public; Owner: ubuntu
--

CREATE INDEX django_celery_beat_periodictask_crontab_id_d3cba168 ON public.django_celery_beat_periodictask USING btree (crontab_id);


--
-- Name: django_celery_beat_periodictask_interval_id_a8ca27da; Type: INDEX; Schema: public; Owner: ubuntu
--

CREATE INDEX django_celery_beat_periodictask_interval_id_a8ca27da ON public.django_celery_beat_periodictask USING btree (interval_id);


--
-- Name: django_celery_beat_periodictask_name_265a36b7_like; Type: INDEX; Schema: public; Owner: ubuntu
--

CREATE INDEX django_celery_beat_periodictask_name_265a36b7_like ON public.django_celery_beat_periodictask USING btree (name varchar_pattern_ops);


--
-- Name: django_celery_beat_periodictask_solar_id_a87ce72c; Type: INDEX; Schema: public; Owner: ubuntu
--

CREATE INDEX django_celery_beat_periodictask_solar_id_a87ce72c ON public.django_celery_beat_periodictask USING btree (solar_id);


--
-- Name: django_celery_results_chordcounter_group_id_1f70858c_like; Type: INDEX; Schema: public; Owner: ubuntu
--

CREATE INDEX django_celery_results_chordcounter_group_id_1f70858c_like ON public.django_celery_results_chordcounter USING btree (group_id varchar_pattern_ops);


--
-- Name: django_celery_results_groupresult_group_id_a085f1a9_like; Type: INDEX; Schema: public; Owner: ubuntu
--

CREATE INDEX django_celery_results_groupresult_group_id_a085f1a9_like ON public.django_celery_results_groupresult USING btree (group_id varchar_pattern_ops);


--
-- Name: django_celery_results_taskresult_task_id_de0d95bf_like; Type: INDEX; Schema: public; Owner: ubuntu
--

CREATE INDEX django_celery_results_taskresult_task_id_de0d95bf_like ON public.django_celery_results_taskresult USING btree (task_id varchar_pattern_ops);


--
-- Name: django_session_expire_date_a5c62663; Type: INDEX; Schema: public; Owner: postgres
--

CREATE INDEX django_session_expire_date_a5c62663 ON public.django_session USING btree (expire_date);


--
-- Name: django_session_session_key_c0390e0f_like; Type: INDEX; Schema: public; Owner: postgres
--

CREATE INDEX django_session_session_key_c0390e0f_like ON public.django_session USING btree (session_key varchar_pattern_ops);


--
-- Name: django_site_domain_a2e37b91_like; Type: INDEX; Schema: public; Owner: postgres
--

CREATE INDEX django_site_domain_a2e37b91_like ON public.django_site USING btree (domain varchar_pattern_ops);


--
-- Name: info_general_auditoria_tecnico_asociado_id_001c92c8; Type: INDEX; Schema: public; Owner: ubuntu
--

CREATE INDEX info_general_auditoria_tecnico_asociado_id_001c92c8 ON public.info_general_auditoria USING btree (tecnico_asociado_id);


--
-- Name: info_general_auditoria_tipo_auditoria_id_b2092641; Type: INDEX; Schema: public; Owner: ubuntu
--

CREATE INDEX info_general_auditoria_tipo_auditoria_id_b2092641 ON public.info_general_auditoria USING btree (tipo_auditoria_id);


--
-- Name: orden_de_trabajo_detalleor_dependencias_FK_id_e55eee52; Type: INDEX; Schema: public; Owner: ubuntu
--

CREATE INDEX "orden_de_trabajo_detalleor_dependencias_FK_id_e55eee52" ON public.orden_de_trabajo_detalleordendetrabajo USING btree ("dependencias_FK_id");


--
-- Name: orden_de_trabajo_detalleor_orden_de_trabajo_FK_id_08c9548f; Type: INDEX; Schema: public; Owner: ubuntu
--

CREATE INDEX "orden_de_trabajo_detalleor_orden_de_trabajo_FK_id_08c9548f" ON public.orden_de_trabajo_detalleordendetrabajo USING btree ("orden_de_trabajo_FK_id");


--
-- Name: orden_de_trabajo_detalleordendetrabajo_error_FK_id_bb76140a; Type: INDEX; Schema: public; Owner: ubuntu
--

CREATE INDEX "orden_de_trabajo_detalleordendetrabajo_error_FK_id_bb76140a" ON public.orden_de_trabajo_detalleordendetrabajo USING btree ("error_FK_id");


--
-- Name: orden_de_trabajo_detalleordendetrabajo_sistema_FK_id_e90f11b6; Type: INDEX; Schema: public; Owner: ubuntu
--

CREATE INDEX "orden_de_trabajo_detalleordendetrabajo_sistema_FK_id_e90f11b6" ON public.orden_de_trabajo_detalleordendetrabajo USING btree ("sistema_FK_id");


--
-- Name: orden_de_trabajo_detalleordendetrabajo_warning_FK_id_c1cbff75; Type: INDEX; Schema: public; Owner: ubuntu
--

CREATE INDEX "orden_de_trabajo_detalleordendetrabajo_warning_FK_id_c1cbff75" ON public.orden_de_trabajo_detalleordendetrabajo USING btree ("warning_FK_id");


--
-- Name: orden_de_trabajo_ordendetrabajo_cliente_FK_id_8c10e0d2; Type: INDEX; Schema: public; Owner: ubuntu
--

CREATE INDEX "orden_de_trabajo_ordendetrabajo_cliente_FK_id_8c10e0d2" ON public.orden_de_trabajo_ordendetrabajo USING btree ("cliente_FK_id");


--
-- Name: orden_de_trabajo_ordendetrabajo_estado_FK_id_e2d7c51f; Type: INDEX; Schema: public; Owner: ubuntu
--

CREATE INDEX "orden_de_trabajo_ordendetrabajo_estado_FK_id_e2d7c51f" ON public.orden_de_trabajo_ordendetrabajo USING btree ("estado_FK_id");


--
-- Name: orden_de_trabajo_ordendetrabajo_tecnico_FK_id_26c70348; Type: INDEX; Schema: public; Owner: ubuntu
--

CREATE INDEX "orden_de_trabajo_ordendetrabajo_tecnico_FK_id_26c70348" ON public.orden_de_trabajo_ordendetrabajo USING btree ("tecnico_FK_id");


--
-- Name: rfc_modulo_actividadesrfc_estado_actividad_FK_id_f6c60230; Type: INDEX; Schema: public; Owner: postgres
--

CREATE INDEX "rfc_modulo_actividadesrfc_estado_actividad_FK_id_f6c60230" ON public.rfc_modulo_actividadesrfc USING btree ("estado_actividad_FK_id");


--
-- Name: rfc_modulo_actividadesrfc_recurso_FK_id_93987bcb; Type: INDEX; Schema: public; Owner: postgres
--

CREATE INDEX "rfc_modulo_actividadesrfc_recurso_FK_id_93987bcb" ON public.rfc_modulo_actividadesrfc USING btree ("recurso_FK_id");


--
-- Name: rfc_modulo_actividadesrfc_rfc_FK_id_8dea7619; Type: INDEX; Schema: public; Owner: postgres
--

CREATE INDEX "rfc_modulo_actividadesrfc_rfc_FK_id_8dea7619" ON public.rfc_modulo_actividadesrfc USING btree ("rfc_FK_id");


--
-- Name: rfc_modulo_actividadesrfc_sistema_para_estandar_id_0837abbd; Type: INDEX; Schema: public; Owner: postgres
--

CREATE INDEX rfc_modulo_actividadesrfc_sistema_para_estandar_id_0837abbd ON public.rfc_modulo_actividadesrfc USING btree (sistema_para_estandar_id);


--
-- Name: rfc_modulo_datosactividadesestandar_est_request_FK_id_c5a0b804; Type: INDEX; Schema: public; Owner: postgres
--

CREATE INDEX "rfc_modulo_datosactividadesestandar_est_request_FK_id_c5a0b804" ON public.rfc_modulo_datosactividadesestandar USING btree ("est_request_FK_id");


--
-- Name: rfc_modulo_datosactividadesestandar_est_sistema_id_ef8361bb; Type: INDEX; Schema: public; Owner: postgres
--

CREATE INDEX rfc_modulo_datosactividadesestandar_est_sistema_id_ef8361bb ON public.rfc_modulo_datosactividadesestandar USING btree (est_sistema_id);


--
-- Name: rfc_modulo_datosrfcestandar_datos_request_FK_id_922c7090; Type: INDEX; Schema: public; Owner: postgres
--

CREATE INDEX "rfc_modulo_datosrfcestandar_datos_request_FK_id_922c7090" ON public.rfc_modulo_datosrfcestandar USING btree ("datos_request_FK_id");


--
-- Name: rfc_modulo_datosseverityestandar_est_resquest_FK_id_77499fcd; Type: INDEX; Schema: public; Owner: postgres
--

CREATE INDEX "rfc_modulo_datosseverityestandar_est_resquest_FK_id_77499fcd" ON public.rfc_modulo_datosseverityestandar USING btree ("est_resquest_FK_id");


--
-- Name: rfc_modulo_datostareasestandar_est_request_FK_id_734156cd; Type: INDEX; Schema: public; Owner: postgres
--

CREATE INDEX "rfc_modulo_datostareasestandar_est_request_FK_id_734156cd" ON public.rfc_modulo_datostareasestandar USING btree ("est_request_FK_id");


--
-- Name: rfc_modulo_historicocambio_RFC_FK_id_6bf36962; Type: INDEX; Schema: public; Owner: postgres
--

CREATE INDEX "rfc_modulo_historicocambio_RFC_FK_id_6bf36962" ON public.rfc_modulo_historicocambio USING btree ("RFC_FK_id");


--
-- Name: rfc_modulo_historicocambio_actividadesrfc_id_c3bed861; Type: INDEX; Schema: public; Owner: postgres
--

CREATE INDEX rfc_modulo_historicocambio_actividadesrfc_id_c3bed861 ON public."rfc_modulo_historicocambio_actividadXestado" USING btree (actividadesrfc_id);


--
-- Name: rfc_modulo_historicocambio_estado_RFC_FK_id_a9147cac; Type: INDEX; Schema: public; Owner: postgres
--

CREATE INDEX "rfc_modulo_historicocambio_estado_RFC_FK_id_a9147cac" ON public.rfc_modulo_historicocambio USING btree ("estado_RFC_FK_id");


--
-- Name: rfc_modulo_historicocambio_historicocambio_id_2b8c46ac; Type: INDEX; Schema: public; Owner: postgres
--

CREATE INDEX rfc_modulo_historicocambio_historicocambio_id_2b8c46ac ON public."rfc_modulo_historicocambio_actividadXestado" USING btree (historicocambio_id);


--
-- Name: rfc_modulo_rfc_autor_id_b5ff6b58; Type: INDEX; Schema: public; Owner: ubuntu
--

CREATE INDEX rfc_modulo_rfc_autor_id_b5ff6b58 ON public.rfc_modulo_rfc USING btree (autor_id);


--
-- Name: rfc_modulo_rfc_cliente_FK_id_567f45a0; Type: INDEX; Schema: public; Owner: ubuntu
--

CREATE INDEX "rfc_modulo_rfc_cliente_FK_id_567f45a0" ON public.rfc_modulo_rfc USING btree ("cliente_FK_id");


--
-- Name: rfc_modulo_rfc_equipo_tecnico_rfc_id_767ab955; Type: INDEX; Schema: public; Owner: postgres
--

CREATE INDEX rfc_modulo_rfc_equipo_tecnico_rfc_id_767ab955 ON public.rfc_modulo_rfc_equipo_tecnico USING btree (rfc_id);


--
-- Name: rfc_modulo_rfc_equipo_tecnico_tecnico_id_04bee6c5; Type: INDEX; Schema: public; Owner: postgres
--

CREATE INDEX rfc_modulo_rfc_equipo_tecnico_tecnico_id_04bee6c5 ON public.rfc_modulo_rfc_equipo_tecnico USING btree (tecnico_id);


--
-- Name: rfc_modulo_rfc_estadoRFC_FK_id_11804a2d; Type: INDEX; Schema: public; Owner: ubuntu
--

CREATE INDEX "rfc_modulo_rfc_estadoRFC_FK_id_11804a2d" ON public.rfc_modulo_rfc USING btree ("estadoRFC_FK_id");


--
-- Name: rfc_modulo_rfc_request_for_FK_id_74d5142c; Type: INDEX; Schema: public; Owner: ubuntu
--

CREATE INDEX "rfc_modulo_rfc_request_for_FK_id_74d5142c" ON public.rfc_modulo_rfc USING btree ("request_for_FK_id");


--
-- Name: rfc_modulo_rfc_retorno_FK_id_c471ee13; Type: INDEX; Schema: public; Owner: ubuntu
--

CREATE INDEX "rfc_modulo_rfc_retorno_FK_id_c471ee13" ON public.rfc_modulo_rfc USING btree ("retorno_FK_id");


--
-- Name: rfc_modulo_rfc_serverity_FK_id_d021b3eb; Type: INDEX; Schema: public; Owner: ubuntu
--

CREATE INDEX "rfc_modulo_rfc_serverity_FK_id_d021b3eb" ON public.rfc_modulo_rfc USING btree ("serverity_FK_id");


--
-- Name: rfc_modulo_rfc_sistemas_FK_rfc_id_32b6cdea; Type: INDEX; Schema: public; Owner: postgres
--

CREATE INDEX "rfc_modulo_rfc_sistemas_FK_rfc_id_32b6cdea" ON public."rfc_modulo_rfc_sistemas_FK" USING btree (rfc_id);


--
-- Name: rfc_modulo_rfc_sistemas_FK_sistemascliente_id_14342464; Type: INDEX; Schema: public; Owner: postgres
--

CREATE INDEX "rfc_modulo_rfc_sistemas_FK_sistemascliente_id_14342464" ON public."rfc_modulo_rfc_sistemas_FK" USING btree (sistemascliente_id);


--
-- Name: rfc_modulo_rfc_supervisor_SAP_id_f744360f; Type: INDEX; Schema: public; Owner: ubuntu
--

CREATE INDEX "rfc_modulo_rfc_supervisor_SAP_id_f744360f" ON public.rfc_modulo_rfc USING btree ("supervisor_SAP_id");


--
-- Name: rfc_modulo_rfc_supervisor_cliente_id_bcf523cc; Type: INDEX; Schema: public; Owner: ubuntu
--

CREATE INDEX rfc_modulo_rfc_supervisor_cliente_id_bcf523cc ON public.rfc_modulo_rfc USING btree (supervisor_cliente_id);


--
-- Name: rfc_modulo_tareasretorno_RFC_FK_id_6c23e97a; Type: INDEX; Schema: public; Owner: postgres
--

CREATE INDEX "rfc_modulo_tareasretorno_RFC_FK_id_6c23e97a" ON public.rfc_modulo_tareasretorno USING btree ("RFC_FK_id");


--
-- Name: socialaccount_socialaccount_user_id_8146e70c; Type: INDEX; Schema: public; Owner: postgres
--

CREATE INDEX socialaccount_socialaccount_user_id_8146e70c ON public.socialaccount_socialaccount USING btree (user_id);


--
-- Name: socialaccount_socialapp_sites_site_id_2579dee5; Type: INDEX; Schema: public; Owner: postgres
--

CREATE INDEX socialaccount_socialapp_sites_site_id_2579dee5 ON public.socialaccount_socialapp_sites USING btree (site_id);


--
-- Name: socialaccount_socialapp_sites_socialapp_id_97fb6e7d; Type: INDEX; Schema: public; Owner: postgres
--

CREATE INDEX socialaccount_socialapp_sites_socialapp_id_97fb6e7d ON public.socialaccount_socialapp_sites USING btree (socialapp_id);


--
-- Name: socialaccount_socialtoken_account_id_951f210e; Type: INDEX; Schema: public; Owner: postgres
--

CREATE INDEX socialaccount_socialtoken_account_id_951f210e ON public.socialaccount_socialtoken USING btree (account_id);


--
-- Name: socialaccount_socialtoken_app_id_636a42d7; Type: INDEX; Schema: public; Owner: postgres
--

CREATE INDEX socialaccount_socialtoken_app_id_636a42d7 ON public.socialaccount_socialtoken USING btree (app_id);


--
-- Name: tecnicos_tecnico_cargo_FK_id_7c0b0eac; Type: INDEX; Schema: public; Owner: postgres
--

CREATE INDEX "tecnicos_tecnico_cargo_FK_id_7c0b0eac" ON public.tecnicos_tecnico USING btree ("cargo_FK_id");


--
-- Name: tecnicos_tecnico_cliente_FK_id_44226c51; Type: INDEX; Schema: public; Owner: postgres
--

CREATE INDEX "tecnicos_tecnico_cliente_FK_id_44226c51" ON public.tecnicos_tecnico USING btree ("cliente_FK_id");


--
-- Name: tecnicos_tecnico_tipo_FK_id_68d61d9d; Type: INDEX; Schema: public; Owner: postgres
--

CREATE INDEX "tecnicos_tecnico_tipo_FK_id_68d61d9d" ON public.tecnicos_tecnico USING btree ("tipo_FK_id");


--
-- Name: usuarios_usuario_cliente_id_b199d65c; Type: INDEX; Schema: public; Owner: ubuntu
--

CREATE INDEX usuarios_usuario_cliente_id_b199d65c ON public.usuarios_usuario USING btree (cliente_id);


--
-- Name: usuarios_usuario_clientes_cliente_id_e893184d; Type: INDEX; Schema: public; Owner: postgres
--

CREATE INDEX usuarios_usuario_clientes_cliente_id_e893184d ON public.usuarios_usuario_clientes USING btree (cliente_id);


--
-- Name: usuarios_usuario_clientes_usuario_id_56ba8558; Type: INDEX; Schema: public; Owner: postgres
--

CREATE INDEX usuarios_usuario_clientes_usuario_id_56ba8558 ON public.usuarios_usuario_clientes USING btree (usuario_id);


--
-- Name: usuarios_usuario_groups_group_id_e77f6dcf; Type: INDEX; Schema: public; Owner: postgres
--

CREATE INDEX usuarios_usuario_groups_group_id_e77f6dcf ON public.usuarios_usuario_groups USING btree (group_id);


--
-- Name: usuarios_usuario_groups_usuario_id_7a34077f; Type: INDEX; Schema: public; Owner: postgres
--

CREATE INDEX usuarios_usuario_groups_usuario_id_7a34077f ON public.usuarios_usuario_groups USING btree (usuario_id);


--
-- Name: usuarios_usuario_tecnico_FK_id_d34abf56; Type: INDEX; Schema: public; Owner: ubuntu
--

CREATE INDEX "usuarios_usuario_tecnico_FK_id_d34abf56" ON public.usuarios_usuario USING btree ("tecnico_FK_id");


--
-- Name: usuarios_usuario_user_permissions_permission_id_4e5c0f2f; Type: INDEX; Schema: public; Owner: postgres
--

CREATE INDEX usuarios_usuario_user_permissions_permission_id_4e5c0f2f ON public.usuarios_usuario_user_permissions USING btree (permission_id);


--
-- Name: usuarios_usuario_user_permissions_usuario_id_60aeea80; Type: INDEX; Schema: public; Owner: postgres
--

CREATE INDEX usuarios_usuario_user_permissions_usuario_id_60aeea80 ON public.usuarios_usuario_user_permissions USING btree (usuario_id);


--
-- Name: usuarios_usuario_username_be9def2b_like; Type: INDEX; Schema: public; Owner: ubuntu
--

CREATE INDEX usuarios_usuario_username_be9def2b_like ON public.usuarios_usuario USING btree (username varchar_pattern_ops);


--
-- Name: account_emailaddress account_emailaddress_user_id_2c513194_fk_usuarios_usuario_id; Type: FK CONSTRAINT; Schema: public; Owner: postgres
--

ALTER TABLE ONLY public.account_emailaddress
    ADD CONSTRAINT account_emailaddress_user_id_2c513194_fk_usuarios_usuario_id FOREIGN KEY (user_id) REFERENCES public.usuarios_usuario(id) DEFERRABLE INITIALLY DEFERRED;


--
-- Name: account_emailconfirmation account_emailconfirm_email_address_id_5b7f8c58_fk_account_e; Type: FK CONSTRAINT; Schema: public; Owner: postgres
--

ALTER TABLE ONLY public.account_emailconfirmation
    ADD CONSTRAINT account_emailconfirm_email_address_id_5b7f8c58_fk_account_e FOREIGN KEY (email_address_id) REFERENCES public.account_emailaddress(id) DEFERRABLE INITIALLY DEFERRED;


--
-- Name: auth_group_permissions auth_group_permissio_permission_id_84c5c92e_fk_auth_perm; Type: FK CONSTRAINT; Schema: public; Owner: postgres
--

ALTER TABLE ONLY public.auth_group_permissions
    ADD CONSTRAINT auth_group_permissio_permission_id_84c5c92e_fk_auth_perm FOREIGN KEY (permission_id) REFERENCES public.auth_permission(id) DEFERRABLE INITIALLY DEFERRED;


--
-- Name: auth_group_permissions auth_group_permissions_group_id_b120cbf9_fk_auth_group_id; Type: FK CONSTRAINT; Schema: public; Owner: postgres
--

ALTER TABLE ONLY public.auth_group_permissions
    ADD CONSTRAINT auth_group_permissions_group_id_b120cbf9_fk_auth_group_id FOREIGN KEY (group_id) REFERENCES public.auth_group(id) DEFERRABLE INITIALLY DEFERRED;


--
-- Name: auth_permission auth_permission_content_type_id_2f476e4b_fk_django_co; Type: FK CONSTRAINT; Schema: public; Owner: postgres
--

ALTER TABLE ONLY public.auth_permission
    ADD CONSTRAINT auth_permission_content_type_id_2f476e4b_fk_django_co FOREIGN KEY (content_type_id) REFERENCES public.django_content_type(id) DEFERRABLE INITIALLY DEFERRED;


--
-- Name: clientes_cliente clientes_cliente_cliente_pais_id_067acd0d_fk_clientes_; Type: FK CONSTRAINT; Schema: public; Owner: ubuntu
--

ALTER TABLE ONLY public.clientes_cliente
    ADD CONSTRAINT clientes_cliente_cliente_pais_id_067acd0d_fk_clientes_ FOREIGN KEY (cliente_pais_id) REFERENCES public.clientes_paisescliente(id) DEFERRABLE INITIALLY DEFERRED;


--
-- Name: clientes_cliente_equipo_tecnico_clientes clientes_cliente_equ_cliente_id_894c457a_fk_clientes_; Type: FK CONSTRAINT; Schema: public; Owner: postgres
--

ALTER TABLE ONLY public.clientes_cliente_equipo_tecnico_clientes
    ADD CONSTRAINT clientes_cliente_equ_cliente_id_894c457a_fk_clientes_ FOREIGN KEY (cliente_id) REFERENCES public.clientes_cliente(id) DEFERRABLE INITIALLY DEFERRED;


--
-- Name: clientes_cliente_equipo_tecnico_clientes clientes_cliente_equ_tecnico_id_ff38acb4_fk_tecnicos_; Type: FK CONSTRAINT; Schema: public; Owner: postgres
--

ALTER TABLE ONLY public.clientes_cliente_equipo_tecnico_clientes
    ADD CONSTRAINT clientes_cliente_equ_tecnico_id_ff38acb4_fk_tecnicos_ FOREIGN KEY (tecnico_id) REFERENCES public.tecnicos_tecnico(id) DEFERRABLE INITIALLY DEFERRED;


--
-- Name: clientes_cliente_sistema_FK clientes_cliente_sis_cliente_id_9becdc97_fk_clientes_; Type: FK CONSTRAINT; Schema: public; Owner: postgres
--

ALTER TABLE ONLY public."clientes_cliente_sistema_FK"
    ADD CONSTRAINT clientes_cliente_sis_cliente_id_9becdc97_fk_clientes_ FOREIGN KEY (cliente_id) REFERENCES public.clientes_cliente(id) DEFERRABLE INITIALLY DEFERRED;


--
-- Name: clientes_cliente_sistema_FK clientes_cliente_sis_sistemascliente_id_b4ef4b90_fk_clientes_; Type: FK CONSTRAINT; Schema: public; Owner: postgres
--

ALTER TABLE ONLY public."clientes_cliente_sistema_FK"
    ADD CONSTRAINT clientes_cliente_sis_sistemascliente_id_b4ef4b90_fk_clientes_ FOREIGN KEY (sistemascliente_id) REFERENCES public.clientes_sistemascliente(id) DEFERRABLE INITIALLY DEFERRED;


--
-- Name: clientes_configuracioncliente clientes_configuraci_cliente_id_821e7412_fk_clientes_; Type: FK CONSTRAINT; Schema: public; Owner: ubuntu
--

ALTER TABLE ONLY public.clientes_configuracioncliente
    ADD CONSTRAINT clientes_configuraci_cliente_id_821e7412_fk_clientes_ FOREIGN KEY (cliente_id) REFERENCES public.clientes_cliente(id) DEFERRABLE INITIALLY DEFERRED;


--
-- Name: clientes_sistemascliente clientes_sistemascli_ambiente_FK_id_f5c1f260_fk_clientes_; Type: FK CONSTRAINT; Schema: public; Owner: ubuntu
--

ALTER TABLE ONLY public.clientes_sistemascliente
    ADD CONSTRAINT "clientes_sistemascli_ambiente_FK_id_f5c1f260_fk_clientes_" FOREIGN KEY ("ambiente_FK_id") REFERENCES public.clientes_ambientesistemas(id) DEFERRABLE INITIALLY DEFERRED;


--
-- Name: clientes_usuariocliente clientes_usuarioclie_cliente_FK_id_c24d3fa6_fk_clientes_; Type: FK CONSTRAINT; Schema: public; Owner: ubuntu
--

ALTER TABLE ONLY public.clientes_usuariocliente
    ADD CONSTRAINT "clientes_usuarioclie_cliente_FK_id_c24d3fa6_fk_clientes_" FOREIGN KEY ("cliente_FK_id") REFERENCES public.clientes_cliente(id) DEFERRABLE INITIALLY DEFERRED;


--
-- Name: clientes_usuariocliente clientes_usuarioclie_consultor_FK_id_93a9f4b0_fk_tecnicos_; Type: FK CONSTRAINT; Schema: public; Owner: ubuntu
--

ALTER TABLE ONLY public.clientes_usuariocliente
    ADD CONSTRAINT "clientes_usuarioclie_consultor_FK_id_93a9f4b0_fk_tecnicos_" FOREIGN KEY ("consultor_FK_id") REFERENCES public.tecnicos_tecnico(id) DEFERRABLE INITIALLY DEFERRED;


--
-- Name: django_admin_log django_admin_log_content_type_id_c4bce8eb_fk_django_co; Type: FK CONSTRAINT; Schema: public; Owner: postgres
--

ALTER TABLE ONLY public.django_admin_log
    ADD CONSTRAINT django_admin_log_content_type_id_c4bce8eb_fk_django_co FOREIGN KEY (content_type_id) REFERENCES public.django_content_type(id) DEFERRABLE INITIALLY DEFERRED;


--
-- Name: django_admin_log django_admin_log_user_id_c564eba6_fk_usuarios_usuario_id; Type: FK CONSTRAINT; Schema: public; Owner: postgres
--

ALTER TABLE ONLY public.django_admin_log
    ADD CONSTRAINT django_admin_log_user_id_c564eba6_fk_usuarios_usuario_id FOREIGN KEY (user_id) REFERENCES public.usuarios_usuario(id) DEFERRABLE INITIALLY DEFERRED;


--
-- Name: django_celery_beat_periodictask django_celery_beat_p_clocked_id_47a69f82_fk_django_ce; Type: FK CONSTRAINT; Schema: public; Owner: ubuntu
--

ALTER TABLE ONLY public.django_celery_beat_periodictask
    ADD CONSTRAINT django_celery_beat_p_clocked_id_47a69f82_fk_django_ce FOREIGN KEY (clocked_id) REFERENCES public.django_celery_beat_clockedschedule(id) DEFERRABLE INITIALLY DEFERRED;


--
-- Name: django_celery_beat_periodictask django_celery_beat_p_crontab_id_d3cba168_fk_django_ce; Type: FK CONSTRAINT; Schema: public; Owner: ubuntu
--

ALTER TABLE ONLY public.django_celery_beat_periodictask
    ADD CONSTRAINT django_celery_beat_p_crontab_id_d3cba168_fk_django_ce FOREIGN KEY (crontab_id) REFERENCES public.django_celery_beat_crontabschedule(id) DEFERRABLE INITIALLY DEFERRED;


--
-- Name: django_celery_beat_periodictask django_celery_beat_p_interval_id_a8ca27da_fk_django_ce; Type: FK CONSTRAINT; Schema: public; Owner: ubuntu
--

ALTER TABLE ONLY public.django_celery_beat_periodictask
    ADD CONSTRAINT django_celery_beat_p_interval_id_a8ca27da_fk_django_ce FOREIGN KEY (interval_id) REFERENCES public.django_celery_beat_intervalschedule(id) DEFERRABLE INITIALLY DEFERRED;


--
-- Name: django_celery_beat_periodictask django_celery_beat_p_solar_id_a87ce72c_fk_django_ce; Type: FK CONSTRAINT; Schema: public; Owner: ubuntu
--

ALTER TABLE ONLY public.django_celery_beat_periodictask
    ADD CONSTRAINT django_celery_beat_p_solar_id_a87ce72c_fk_django_ce FOREIGN KEY (solar_id) REFERENCES public.django_celery_beat_solarschedule(id) DEFERRABLE INITIALLY DEFERRED;


--
-- Name: info_general_auditoria info_general_auditor_tecnico_asociado_id_001c92c8_fk_tecnicos_; Type: FK CONSTRAINT; Schema: public; Owner: ubuntu
--

ALTER TABLE ONLY public.info_general_auditoria
    ADD CONSTRAINT info_general_auditor_tecnico_asociado_id_001c92c8_fk_tecnicos_ FOREIGN KEY (tecnico_asociado_id) REFERENCES public.tecnicos_tecnico(id) DEFERRABLE INITIALLY DEFERRED;


--
-- Name: info_general_auditoria info_general_auditor_tipo_auditoria_id_b2092641_fk_info_gene; Type: FK CONSTRAINT; Schema: public; Owner: ubuntu
--

ALTER TABLE ONLY public.info_general_auditoria
    ADD CONSTRAINT info_general_auditor_tipo_auditoria_id_b2092641_fk_info_gene FOREIGN KEY (tipo_auditoria_id) REFERENCES public.info_general_tipoauditoria(id) DEFERRABLE INITIALLY DEFERRED;


--
-- Name: orden_de_trabajo_detalleordendetrabajo orden_de_trabajo_det_dependencias_FK_id_e55eee52_fk_orden_de_; Type: FK CONSTRAINT; Schema: public; Owner: ubuntu
--

ALTER TABLE ONLY public.orden_de_trabajo_detalleordendetrabajo
    ADD CONSTRAINT "orden_de_trabajo_det_dependencias_FK_id_e55eee52_fk_orden_de_" FOREIGN KEY ("dependencias_FK_id") REFERENCES public.orden_de_trabajo_tipodependencias(id) DEFERRABLE INITIALLY DEFERRED;


--
-- Name: orden_de_trabajo_detalleordendetrabajo orden_de_trabajo_det_error_FK_id_bb76140a_fk_orden_de_; Type: FK CONSTRAINT; Schema: public; Owner: ubuntu
--

ALTER TABLE ONLY public.orden_de_trabajo_detalleordendetrabajo
    ADD CONSTRAINT "orden_de_trabajo_det_error_FK_id_bb76140a_fk_orden_de_" FOREIGN KEY ("error_FK_id") REFERENCES public.orden_de_trabajo_tipoerror(id) DEFERRABLE INITIALLY DEFERRED;


--
-- Name: orden_de_trabajo_detalleordendetrabajo orden_de_trabajo_det_orden_de_trabajo_FK__08c9548f_fk_orden_de_; Type: FK CONSTRAINT; Schema: public; Owner: ubuntu
--

ALTER TABLE ONLY public.orden_de_trabajo_detalleordendetrabajo
    ADD CONSTRAINT "orden_de_trabajo_det_orden_de_trabajo_FK__08c9548f_fk_orden_de_" FOREIGN KEY ("orden_de_trabajo_FK_id") REFERENCES public.orden_de_trabajo_ordendetrabajo(id) DEFERRABLE INITIALLY DEFERRED;


--
-- Name: orden_de_trabajo_detalleordendetrabajo orden_de_trabajo_det_sistema_FK_id_e90f11b6_fk_clientes_; Type: FK CONSTRAINT; Schema: public; Owner: ubuntu
--

ALTER TABLE ONLY public.orden_de_trabajo_detalleordendetrabajo
    ADD CONSTRAINT "orden_de_trabajo_det_sistema_FK_id_e90f11b6_fk_clientes_" FOREIGN KEY ("sistema_FK_id") REFERENCES public.clientes_sistemascliente(id) DEFERRABLE INITIALLY DEFERRED;


--
-- Name: orden_de_trabajo_detalleordendetrabajo orden_de_trabajo_det_warning_FK_id_c1cbff75_fk_orden_de_; Type: FK CONSTRAINT; Schema: public; Owner: ubuntu
--

ALTER TABLE ONLY public.orden_de_trabajo_detalleordendetrabajo
    ADD CONSTRAINT "orden_de_trabajo_det_warning_FK_id_c1cbff75_fk_orden_de_" FOREIGN KEY ("warning_FK_id") REFERENCES public.orden_de_trabajo_tipowarning(id) DEFERRABLE INITIALLY DEFERRED;


--
-- Name: orden_de_trabajo_ordendetrabajo orden_de_trabajo_ord_cliente_FK_id_8c10e0d2_fk_clientes_; Type: FK CONSTRAINT; Schema: public; Owner: ubuntu
--

ALTER TABLE ONLY public.orden_de_trabajo_ordendetrabajo
    ADD CONSTRAINT "orden_de_trabajo_ord_cliente_FK_id_8c10e0d2_fk_clientes_" FOREIGN KEY ("cliente_FK_id") REFERENCES public.clientes_cliente(id) DEFERRABLE INITIALLY DEFERRED;


--
-- Name: orden_de_trabajo_ordendetrabajo orden_de_trabajo_ord_estado_FK_id_e2d7c51f_fk_orden_de_; Type: FK CONSTRAINT; Schema: public; Owner: ubuntu
--

ALTER TABLE ONLY public.orden_de_trabajo_ordendetrabajo
    ADD CONSTRAINT "orden_de_trabajo_ord_estado_FK_id_e2d7c51f_fk_orden_de_" FOREIGN KEY ("estado_FK_id") REFERENCES public.orden_de_trabajo_estadoorden(id) DEFERRABLE INITIALLY DEFERRED;


--
-- Name: orden_de_trabajo_ordendetrabajo orden_de_trabajo_ord_tecnico_FK_id_26c70348_fk_tecnicos_; Type: FK CONSTRAINT; Schema: public; Owner: ubuntu
--

ALTER TABLE ONLY public.orden_de_trabajo_ordendetrabajo
    ADD CONSTRAINT "orden_de_trabajo_ord_tecnico_FK_id_26c70348_fk_tecnicos_" FOREIGN KEY ("tecnico_FK_id") REFERENCES public.tecnicos_tecnico(id) DEFERRABLE INITIALLY DEFERRED;


--
-- Name: rfc_modulo_actividadesrfc rfc_modulo_actividad_estado_actividad_FK__f6c60230_fk_rfc_modul; Type: FK CONSTRAINT; Schema: public; Owner: postgres
--

ALTER TABLE ONLY public.rfc_modulo_actividadesrfc
    ADD CONSTRAINT "rfc_modulo_actividad_estado_actividad_FK__f6c60230_fk_rfc_modul" FOREIGN KEY ("estado_actividad_FK_id") REFERENCES public.rfc_modulo_estadoactividad(id) DEFERRABLE INITIALLY DEFERRED;


--
-- Name: rfc_modulo_actividadesrfc rfc_modulo_actividad_recurso_FK_id_93987bcb_fk_tecnicos_; Type: FK CONSTRAINT; Schema: public; Owner: postgres
--

ALTER TABLE ONLY public.rfc_modulo_actividadesrfc
    ADD CONSTRAINT "rfc_modulo_actividad_recurso_FK_id_93987bcb_fk_tecnicos_" FOREIGN KEY ("recurso_FK_id") REFERENCES public.tecnicos_tecnico(id) DEFERRABLE INITIALLY DEFERRED;


--
-- Name: rfc_modulo_actividadesrfc rfc_modulo_actividad_rfc_FK_id_8dea7619_fk_rfc_modul; Type: FK CONSTRAINT; Schema: public; Owner: postgres
--

ALTER TABLE ONLY public.rfc_modulo_actividadesrfc
    ADD CONSTRAINT "rfc_modulo_actividad_rfc_FK_id_8dea7619_fk_rfc_modul" FOREIGN KEY ("rfc_FK_id") REFERENCES public.rfc_modulo_rfc(id) DEFERRABLE INITIALLY DEFERRED;


--
-- Name: rfc_modulo_actividadesrfc rfc_modulo_actividad_sistema_para_estanda_0837abbd_fk_clientes_; Type: FK CONSTRAINT; Schema: public; Owner: postgres
--

ALTER TABLE ONLY public.rfc_modulo_actividadesrfc
    ADD CONSTRAINT rfc_modulo_actividad_sistema_para_estanda_0837abbd_fk_clientes_ FOREIGN KEY (sistema_para_estandar_id) REFERENCES public.clientes_sistemascliente(id) DEFERRABLE INITIALLY DEFERRED;


--
-- Name: rfc_modulo_datosactividadesestandar rfc_modulo_datosacti_est_request_FK_id_c5a0b804_fk_rfc_modul; Type: FK CONSTRAINT; Schema: public; Owner: postgres
--

ALTER TABLE ONLY public.rfc_modulo_datosactividadesestandar
    ADD CONSTRAINT "rfc_modulo_datosacti_est_request_FK_id_c5a0b804_fk_rfc_modul" FOREIGN KEY ("est_request_FK_id") REFERENCES public.rfc_modulo_requestfor(id) DEFERRABLE INITIALLY DEFERRED;


--
-- Name: rfc_modulo_datosactividadesestandar rfc_modulo_datosacti_est_sistema_id_ef8361bb_fk_clientes_; Type: FK CONSTRAINT; Schema: public; Owner: postgres
--

ALTER TABLE ONLY public.rfc_modulo_datosactividadesestandar
    ADD CONSTRAINT rfc_modulo_datosacti_est_sistema_id_ef8361bb_fk_clientes_ FOREIGN KEY (est_sistema_id) REFERENCES public.clientes_sistemascliente(id) DEFERRABLE INITIALLY DEFERRED;


--
-- Name: rfc_modulo_datosrfcestandar rfc_modulo_datosrfce_datos_request_FK_id_922c7090_fk_rfc_modul; Type: FK CONSTRAINT; Schema: public; Owner: postgres
--

ALTER TABLE ONLY public.rfc_modulo_datosrfcestandar
    ADD CONSTRAINT "rfc_modulo_datosrfce_datos_request_FK_id_922c7090_fk_rfc_modul" FOREIGN KEY ("datos_request_FK_id") REFERENCES public.rfc_modulo_requestfor(id) DEFERRABLE INITIALLY DEFERRED;


--
-- Name: rfc_modulo_datosseverityestandar rfc_modulo_datosseve_est_resquest_FK_id_77499fcd_fk_rfc_modul; Type: FK CONSTRAINT; Schema: public; Owner: postgres
--

ALTER TABLE ONLY public.rfc_modulo_datosseverityestandar
    ADD CONSTRAINT "rfc_modulo_datosseve_est_resquest_FK_id_77499fcd_fk_rfc_modul" FOREIGN KEY ("est_resquest_FK_id") REFERENCES public.rfc_modulo_requestfor(id) DEFERRABLE INITIALLY DEFERRED;


--
-- Name: rfc_modulo_datostareasestandar rfc_modulo_datostare_est_request_FK_id_734156cd_fk_rfc_modul; Type: FK CONSTRAINT; Schema: public; Owner: postgres
--

ALTER TABLE ONLY public.rfc_modulo_datostareasestandar
    ADD CONSTRAINT "rfc_modulo_datostare_est_request_FK_id_734156cd_fk_rfc_modul" FOREIGN KEY ("est_request_FK_id") REFERENCES public.rfc_modulo_requestfor(id) DEFERRABLE INITIALLY DEFERRED;


--
-- Name: rfc_modulo_historicocambio rfc_modulo_historico_RFC_FK_id_6bf36962_fk_rfc_modul; Type: FK CONSTRAINT; Schema: public; Owner: postgres
--

ALTER TABLE ONLY public.rfc_modulo_historicocambio
    ADD CONSTRAINT "rfc_modulo_historico_RFC_FK_id_6bf36962_fk_rfc_modul" FOREIGN KEY ("RFC_FK_id") REFERENCES public.rfc_modulo_rfc(id) DEFERRABLE INITIALLY DEFERRED;


--
-- Name: rfc_modulo_historicocambio_actividadXestado rfc_modulo_historico_actividadesrfc_id_c3bed861_fk_rfc_modul; Type: FK CONSTRAINT; Schema: public; Owner: postgres
--

ALTER TABLE ONLY public."rfc_modulo_historicocambio_actividadXestado"
    ADD CONSTRAINT rfc_modulo_historico_actividadesrfc_id_c3bed861_fk_rfc_modul FOREIGN KEY (actividadesrfc_id) REFERENCES public.rfc_modulo_actividadesrfc(id) DEFERRABLE INITIALLY DEFERRED;


--
-- Name: rfc_modulo_historicocambio rfc_modulo_historico_estado_RFC_FK_id_a9147cac_fk_rfc_modul; Type: FK CONSTRAINT; Schema: public; Owner: postgres
--

ALTER TABLE ONLY public.rfc_modulo_historicocambio
    ADD CONSTRAINT "rfc_modulo_historico_estado_RFC_FK_id_a9147cac_fk_rfc_modul" FOREIGN KEY ("estado_RFC_FK_id") REFERENCES public.rfc_modulo_estadorfc(id) DEFERRABLE INITIALLY DEFERRED;


--
-- Name: rfc_modulo_historicocambio_actividadXestado rfc_modulo_historico_historicocambio_id_2b8c46ac_fk_rfc_modul; Type: FK CONSTRAINT; Schema: public; Owner: postgres
--

ALTER TABLE ONLY public."rfc_modulo_historicocambio_actividadXestado"
    ADD CONSTRAINT rfc_modulo_historico_historicocambio_id_2b8c46ac_fk_rfc_modul FOREIGN KEY (historicocambio_id) REFERENCES public.rfc_modulo_historicocambio(id) DEFERRABLE INITIALLY DEFERRED;


--
-- Name: rfc_modulo_rfc rfc_modulo_rfc_autor_id_b5ff6b58_fk_tecnicos_tecnico_id; Type: FK CONSTRAINT; Schema: public; Owner: ubuntu
--

ALTER TABLE ONLY public.rfc_modulo_rfc
    ADD CONSTRAINT rfc_modulo_rfc_autor_id_b5ff6b58_fk_tecnicos_tecnico_id FOREIGN KEY (autor_id) REFERENCES public.tecnicos_tecnico(id) DEFERRABLE INITIALLY DEFERRED;


--
-- Name: rfc_modulo_rfc rfc_modulo_rfc_cliente_FK_id_567f45a0_fk_clientes_cliente_id; Type: FK CONSTRAINT; Schema: public; Owner: ubuntu
--

ALTER TABLE ONLY public.rfc_modulo_rfc
    ADD CONSTRAINT "rfc_modulo_rfc_cliente_FK_id_567f45a0_fk_clientes_cliente_id" FOREIGN KEY ("cliente_FK_id") REFERENCES public.clientes_cliente(id) DEFERRABLE INITIALLY DEFERRED;


--
-- Name: rfc_modulo_rfc_equipo_tecnico rfc_modulo_rfc_equip_rfc_id_767ab955_fk_rfc_modul; Type: FK CONSTRAINT; Schema: public; Owner: postgres
--

ALTER TABLE ONLY public.rfc_modulo_rfc_equipo_tecnico
    ADD CONSTRAINT rfc_modulo_rfc_equip_rfc_id_767ab955_fk_rfc_modul FOREIGN KEY (rfc_id) REFERENCES public.rfc_modulo_rfc(id) DEFERRABLE INITIALLY DEFERRED;


--
-- Name: rfc_modulo_rfc_equipo_tecnico rfc_modulo_rfc_equip_tecnico_id_04bee6c5_fk_tecnicos_; Type: FK CONSTRAINT; Schema: public; Owner: postgres
--

ALTER TABLE ONLY public.rfc_modulo_rfc_equipo_tecnico
    ADD CONSTRAINT rfc_modulo_rfc_equip_tecnico_id_04bee6c5_fk_tecnicos_ FOREIGN KEY (tecnico_id) REFERENCES public.tecnicos_tecnico(id) DEFERRABLE INITIALLY DEFERRED;


--
-- Name: rfc_modulo_rfc rfc_modulo_rfc_estadoRFC_FK_id_11804a2d_fk_rfc_modul; Type: FK CONSTRAINT; Schema: public; Owner: ubuntu
--

ALTER TABLE ONLY public.rfc_modulo_rfc
    ADD CONSTRAINT "rfc_modulo_rfc_estadoRFC_FK_id_11804a2d_fk_rfc_modul" FOREIGN KEY ("estadoRFC_FK_id") REFERENCES public.rfc_modulo_estadorfc(id) DEFERRABLE INITIALLY DEFERRED;


--
-- Name: rfc_modulo_rfc rfc_modulo_rfc_request_for_FK_id_74d5142c_fk_rfc_modul; Type: FK CONSTRAINT; Schema: public; Owner: ubuntu
--

ALTER TABLE ONLY public.rfc_modulo_rfc
    ADD CONSTRAINT "rfc_modulo_rfc_request_for_FK_id_74d5142c_fk_rfc_modul" FOREIGN KEY ("request_for_FK_id") REFERENCES public.rfc_modulo_requestfor(id) DEFERRABLE INITIALLY DEFERRED;


--
-- Name: rfc_modulo_rfc rfc_modulo_rfc_retorno_FK_id_c471ee13_fk_rfc_modulo_retorno_id; Type: FK CONSTRAINT; Schema: public; Owner: ubuntu
--

ALTER TABLE ONLY public.rfc_modulo_rfc
    ADD CONSTRAINT "rfc_modulo_rfc_retorno_FK_id_c471ee13_fk_rfc_modulo_retorno_id" FOREIGN KEY ("retorno_FK_id") REFERENCES public.rfc_modulo_retorno(id) DEFERRABLE INITIALLY DEFERRED;


--
-- Name: rfc_modulo_rfc rfc_modulo_rfc_serverity_FK_id_d021b3eb_fk_rfc_modul; Type: FK CONSTRAINT; Schema: public; Owner: ubuntu
--

ALTER TABLE ONLY public.rfc_modulo_rfc
    ADD CONSTRAINT "rfc_modulo_rfc_serverity_FK_id_d021b3eb_fk_rfc_modul" FOREIGN KEY ("serverity_FK_id") REFERENCES public.rfc_modulo_severity(id) DEFERRABLE INITIALLY DEFERRED;


--
-- Name: rfc_modulo_rfc_sistemas_FK rfc_modulo_rfc_siste_sistemascliente_id_14342464_fk_clientes_; Type: FK CONSTRAINT; Schema: public; Owner: postgres
--

ALTER TABLE ONLY public."rfc_modulo_rfc_sistemas_FK"
    ADD CONSTRAINT rfc_modulo_rfc_siste_sistemascliente_id_14342464_fk_clientes_ FOREIGN KEY (sistemascliente_id) REFERENCES public.clientes_sistemascliente(id) DEFERRABLE INITIALLY DEFERRED;


--
-- Name: rfc_modulo_rfc_sistemas_FK rfc_modulo_rfc_sistemas_FK_rfc_id_32b6cdea_fk_rfc_modulo_rfc_id; Type: FK CONSTRAINT; Schema: public; Owner: postgres
--

ALTER TABLE ONLY public."rfc_modulo_rfc_sistemas_FK"
    ADD CONSTRAINT "rfc_modulo_rfc_sistemas_FK_rfc_id_32b6cdea_fk_rfc_modulo_rfc_id" FOREIGN KEY (rfc_id) REFERENCES public.rfc_modulo_rfc(id) DEFERRABLE INITIALLY DEFERRED;


--
-- Name: rfc_modulo_rfc rfc_modulo_rfc_supervisor_SAP_id_f744360f_fk_tecnicos_; Type: FK CONSTRAINT; Schema: public; Owner: ubuntu
--

ALTER TABLE ONLY public.rfc_modulo_rfc
    ADD CONSTRAINT "rfc_modulo_rfc_supervisor_SAP_id_f744360f_fk_tecnicos_" FOREIGN KEY ("supervisor_SAP_id") REFERENCES public.tecnicos_tecnico(id) DEFERRABLE INITIALLY DEFERRED;


--
-- Name: rfc_modulo_rfc rfc_modulo_rfc_supervisor_cliente_i_bcf523cc_fk_tecnicos_; Type: FK CONSTRAINT; Schema: public; Owner: ubuntu
--

ALTER TABLE ONLY public.rfc_modulo_rfc
    ADD CONSTRAINT rfc_modulo_rfc_supervisor_cliente_i_bcf523cc_fk_tecnicos_ FOREIGN KEY (supervisor_cliente_id) REFERENCES public.tecnicos_tecnico(id) DEFERRABLE INITIALLY DEFERRED;


--
-- Name: rfc_modulo_tareasretorno rfc_modulo_tareasret_RFC_FK_id_6c23e97a_fk_rfc_modul; Type: FK CONSTRAINT; Schema: public; Owner: postgres
--

ALTER TABLE ONLY public.rfc_modulo_tareasretorno
    ADD CONSTRAINT "rfc_modulo_tareasret_RFC_FK_id_6c23e97a_fk_rfc_modul" FOREIGN KEY ("RFC_FK_id") REFERENCES public.rfc_modulo_rfc(id) DEFERRABLE INITIALLY DEFERRED;


--
-- Name: socialaccount_socialtoken socialaccount_social_account_id_951f210e_fk_socialacc; Type: FK CONSTRAINT; Schema: public; Owner: postgres
--

ALTER TABLE ONLY public.socialaccount_socialtoken
    ADD CONSTRAINT socialaccount_social_account_id_951f210e_fk_socialacc FOREIGN KEY (account_id) REFERENCES public.socialaccount_socialaccount(id) DEFERRABLE INITIALLY DEFERRED;


--
-- Name: socialaccount_socialtoken socialaccount_social_app_id_636a42d7_fk_socialacc; Type: FK CONSTRAINT; Schema: public; Owner: postgres
--

ALTER TABLE ONLY public.socialaccount_socialtoken
    ADD CONSTRAINT socialaccount_social_app_id_636a42d7_fk_socialacc FOREIGN KEY (app_id) REFERENCES public.socialaccount_socialapp(id) DEFERRABLE INITIALLY DEFERRED;


--
-- Name: socialaccount_socialapp_sites socialaccount_social_site_id_2579dee5_fk_django_si; Type: FK CONSTRAINT; Schema: public; Owner: postgres
--

ALTER TABLE ONLY public.socialaccount_socialapp_sites
    ADD CONSTRAINT socialaccount_social_site_id_2579dee5_fk_django_si FOREIGN KEY (site_id) REFERENCES public.django_site(id) DEFERRABLE INITIALLY DEFERRED;


--
-- Name: socialaccount_socialapp_sites socialaccount_social_socialapp_id_97fb6e7d_fk_socialacc; Type: FK CONSTRAINT; Schema: public; Owner: postgres
--

ALTER TABLE ONLY public.socialaccount_socialapp_sites
    ADD CONSTRAINT socialaccount_social_socialapp_id_97fb6e7d_fk_socialacc FOREIGN KEY (socialapp_id) REFERENCES public.socialaccount_socialapp(id) DEFERRABLE INITIALLY DEFERRED;


--
-- Name: socialaccount_socialaccount socialaccount_social_user_id_8146e70c_fk_usuarios_; Type: FK CONSTRAINT; Schema: public; Owner: postgres
--

ALTER TABLE ONLY public.socialaccount_socialaccount
    ADD CONSTRAINT socialaccount_social_user_id_8146e70c_fk_usuarios_ FOREIGN KEY (user_id) REFERENCES public.usuarios_usuario(id) DEFERRABLE INITIALLY DEFERRED;


--
-- Name: tecnicos_tecnico tecnicos_tecnico_cargo_FK_id_7c0b0eac_fk_tecnicos_cargo_id; Type: FK CONSTRAINT; Schema: public; Owner: postgres
--

ALTER TABLE ONLY public.tecnicos_tecnico
    ADD CONSTRAINT "tecnicos_tecnico_cargo_FK_id_7c0b0eac_fk_tecnicos_cargo_id" FOREIGN KEY ("cargo_FK_id") REFERENCES public.tecnicos_cargo(id) DEFERRABLE INITIALLY DEFERRED;


--
-- Name: tecnicos_tecnico tecnicos_tecnico_cliente_FK_id_44226c51_fk_clientes_cliente_id; Type: FK CONSTRAINT; Schema: public; Owner: postgres
--

ALTER TABLE ONLY public.tecnicos_tecnico
    ADD CONSTRAINT "tecnicos_tecnico_cliente_FK_id_44226c51_fk_clientes_cliente_id" FOREIGN KEY ("cliente_FK_id") REFERENCES public.clientes_cliente(id) DEFERRABLE INITIALLY DEFERRED;


--
-- Name: tecnicos_tecnico tecnicos_tecnico_tipo_FK_id_68d61d9d_fk_tecnicos_tipotecnico_id; Type: FK CONSTRAINT; Schema: public; Owner: postgres
--

ALTER TABLE ONLY public.tecnicos_tecnico
    ADD CONSTRAINT "tecnicos_tecnico_tipo_FK_id_68d61d9d_fk_tecnicos_tipotecnico_id" FOREIGN KEY ("tipo_FK_id") REFERENCES public.tecnicos_tipotecnico(id) DEFERRABLE INITIALLY DEFERRED;


--
-- Name: usuarios_usuario_clientes usuarios_usuario_cli_cliente_id_e893184d_fk_clientes_; Type: FK CONSTRAINT; Schema: public; Owner: postgres
--

ALTER TABLE ONLY public.usuarios_usuario_clientes
    ADD CONSTRAINT usuarios_usuario_cli_cliente_id_e893184d_fk_clientes_ FOREIGN KEY (cliente_id) REFERENCES public.clientes_cliente(id) DEFERRABLE INITIALLY DEFERRED;


--
-- Name: usuarios_usuario_clientes usuarios_usuario_cli_usuario_id_56ba8558_fk_usuarios_; Type: FK CONSTRAINT; Schema: public; Owner: postgres
--

ALTER TABLE ONLY public.usuarios_usuario_clientes
    ADD CONSTRAINT usuarios_usuario_cli_usuario_id_56ba8558_fk_usuarios_ FOREIGN KEY (usuario_id) REFERENCES public.usuarios_usuario(id) DEFERRABLE INITIALLY DEFERRED;


--
-- Name: usuarios_usuario usuarios_usuario_cliente_id_b199d65c_fk_clientes_cliente_id; Type: FK CONSTRAINT; Schema: public; Owner: ubuntu
--

ALTER TABLE ONLY public.usuarios_usuario
    ADD CONSTRAINT usuarios_usuario_cliente_id_b199d65c_fk_clientes_cliente_id FOREIGN KEY (cliente_id) REFERENCES public.clientes_cliente(id) DEFERRABLE INITIALLY DEFERRED;


--
-- Name: usuarios_usuario_groups usuarios_usuario_gro_usuario_id_7a34077f_fk_usuarios_; Type: FK CONSTRAINT; Schema: public; Owner: postgres
--

ALTER TABLE ONLY public.usuarios_usuario_groups
    ADD CONSTRAINT usuarios_usuario_gro_usuario_id_7a34077f_fk_usuarios_ FOREIGN KEY (usuario_id) REFERENCES public.usuarios_usuario(id) DEFERRABLE INITIALLY DEFERRED;


--
-- Name: usuarios_usuario_groups usuarios_usuario_groups_group_id_e77f6dcf_fk_auth_group_id; Type: FK CONSTRAINT; Schema: public; Owner: postgres
--

ALTER TABLE ONLY public.usuarios_usuario_groups
    ADD CONSTRAINT usuarios_usuario_groups_group_id_e77f6dcf_fk_auth_group_id FOREIGN KEY (group_id) REFERENCES public.auth_group(id) DEFERRABLE INITIALLY DEFERRED;


--
-- Name: usuarios_usuario usuarios_usuario_tecnico_FK_id_d34abf56_fk_tecnicos_tecnico_id; Type: FK CONSTRAINT; Schema: public; Owner: ubuntu
--

ALTER TABLE ONLY public.usuarios_usuario
    ADD CONSTRAINT "usuarios_usuario_tecnico_FK_id_d34abf56_fk_tecnicos_tecnico_id" FOREIGN KEY ("tecnico_FK_id") REFERENCES public.tecnicos_tecnico(id) DEFERRABLE INITIALLY DEFERRED;


--
-- Name: usuarios_usuario_user_permissions usuarios_usuario_use_permission_id_4e5c0f2f_fk_auth_perm; Type: FK CONSTRAINT; Schema: public; Owner: postgres
--

ALTER TABLE ONLY public.usuarios_usuario_user_permissions
    ADD CONSTRAINT usuarios_usuario_use_permission_id_4e5c0f2f_fk_auth_perm FOREIGN KEY (permission_id) REFERENCES public.auth_permission(id) DEFERRABLE INITIALLY DEFERRED;


--
-- Name: usuarios_usuario_user_permissions usuarios_usuario_use_usuario_id_60aeea80_fk_usuarios_; Type: FK CONSTRAINT; Schema: public; Owner: postgres
--

ALTER TABLE ONLY public.usuarios_usuario_user_permissions
    ADD CONSTRAINT usuarios_usuario_use_usuario_id_60aeea80_fk_usuarios_ FOREIGN KEY (usuario_id) REFERENCES public.usuarios_usuario(id) DEFERRABLE INITIALLY DEFERRED;


--
-- Name: TABLE account_emailaddress; Type: ACL; Schema: public; Owner: postgres
--

GRANT ALL ON TABLE public.account_emailaddress TO ubuntu;


--
-- Name: SEQUENCE account_emailaddress_id_seq; Type: ACL; Schema: public; Owner: postgres
--

GRANT ALL ON SEQUENCE public.account_emailaddress_id_seq TO ubuntu;


--
-- Name: TABLE account_emailconfirmation; Type: ACL; Schema: public; Owner: postgres
--

GRANT ALL ON TABLE public.account_emailconfirmation TO ubuntu;


--
-- Name: SEQUENCE account_emailconfirmation_id_seq; Type: ACL; Schema: public; Owner: postgres
--

GRANT ALL ON SEQUENCE public.account_emailconfirmation_id_seq TO ubuntu;


--
-- Name: TABLE admin_interface_theme; Type: ACL; Schema: public; Owner: postgres
--

GRANT ALL ON TABLE public.admin_interface_theme TO ubuntu;


--
-- Name: SEQUENCE admin_interface_theme_id_seq; Type: ACL; Schema: public; Owner: postgres
--

GRANT ALL ON SEQUENCE public.admin_interface_theme_id_seq TO ubuntu;


--
-- Name: TABLE auth_group; Type: ACL; Schema: public; Owner: postgres
--

GRANT ALL ON TABLE public.auth_group TO ubuntu;


--
-- Name: SEQUENCE auth_group_id_seq; Type: ACL; Schema: public; Owner: postgres
--

GRANT ALL ON SEQUENCE public.auth_group_id_seq TO ubuntu;


--
-- Name: TABLE auth_group_permissions; Type: ACL; Schema: public; Owner: postgres
--

GRANT ALL ON TABLE public.auth_group_permissions TO ubuntu;


--
-- Name: SEQUENCE auth_group_permissions_id_seq; Type: ACL; Schema: public; Owner: postgres
--

GRANT ALL ON SEQUENCE public.auth_group_permissions_id_seq TO ubuntu;


--
-- Name: TABLE auth_permission; Type: ACL; Schema: public; Owner: postgres
--

GRANT ALL ON TABLE public.auth_permission TO ubuntu;


--
-- Name: SEQUENCE auth_permission_id_seq; Type: ACL; Schema: public; Owner: postgres
--

GRANT ALL ON SEQUENCE public.auth_permission_id_seq TO ubuntu;


--
-- Name: TABLE clientes_ambientesistemas; Type: ACL; Schema: public; Owner: postgres
--

GRANT ALL ON TABLE public.clientes_ambientesistemas TO ubuntu;


--
-- Name: SEQUENCE clientes_ambientesistemas_id_seq; Type: ACL; Schema: public; Owner: postgres
--

GRANT ALL ON SEQUENCE public.clientes_ambientesistemas_id_seq TO ubuntu;


--
-- Name: TABLE clientes_cliente_equipo_tecnico_clientes; Type: ACL; Schema: public; Owner: postgres
--

GRANT ALL ON TABLE public.clientes_cliente_equipo_tecnico_clientes TO ubuntu;


--
-- Name: SEQUENCE clientes_cliente_equipo_tecnico_clientes_id_seq; Type: ACL; Schema: public; Owner: postgres
--

GRANT ALL ON SEQUENCE public.clientes_cliente_equipo_tecnico_clientes_id_seq TO ubuntu;


--
-- Name: TABLE "clientes_cliente_sistema_FK"; Type: ACL; Schema: public; Owner: postgres
--

GRANT ALL ON TABLE public."clientes_cliente_sistema_FK" TO ubuntu;


--
-- Name: SEQUENCE "clientes_cliente_sistema_FK_id_seq"; Type: ACL; Schema: public; Owner: postgres
--

GRANT ALL ON SEQUENCE public."clientes_cliente_sistema_FK_id_seq" TO ubuntu;


--
-- Name: TABLE clientes_paisescliente; Type: ACL; Schema: public; Owner: postgres
--

GRANT ALL ON TABLE public.clientes_paisescliente TO ubuntu;


--
-- Name: SEQUENCE clientes_paisescliente_id_seq; Type: ACL; Schema: public; Owner: postgres
--

GRANT ALL ON SEQUENCE public.clientes_paisescliente_id_seq TO ubuntu;


--
-- Name: TABLE django_admin_log; Type: ACL; Schema: public; Owner: postgres
--

GRANT ALL ON TABLE public.django_admin_log TO ubuntu;


--
-- Name: SEQUENCE django_admin_log_id_seq; Type: ACL; Schema: public; Owner: postgres
--

GRANT ALL ON SEQUENCE public.django_admin_log_id_seq TO ubuntu;


--
-- Name: TABLE django_content_type; Type: ACL; Schema: public; Owner: postgres
--

GRANT ALL ON TABLE public.django_content_type TO ubuntu;


--
-- Name: SEQUENCE django_content_type_id_seq; Type: ACL; Schema: public; Owner: postgres
--

GRANT ALL ON SEQUENCE public.django_content_type_id_seq TO ubuntu;


--
-- Name: TABLE django_migrations; Type: ACL; Schema: public; Owner: postgres
--

GRANT ALL ON TABLE public.django_migrations TO ubuntu;


--
-- Name: SEQUENCE django_migrations_id_seq; Type: ACL; Schema: public; Owner: postgres
--

GRANT ALL ON SEQUENCE public.django_migrations_id_seq TO ubuntu;


--
-- Name: TABLE django_session; Type: ACL; Schema: public; Owner: postgres
--

GRANT ALL ON TABLE public.django_session TO ubuntu;


--
-- Name: TABLE django_site; Type: ACL; Schema: public; Owner: postgres
--

GRANT ALL ON TABLE public.django_site TO ubuntu;


--
-- Name: SEQUENCE django_site_id_seq; Type: ACL; Schema: public; Owner: postgres
--

GRANT ALL ON SEQUENCE public.django_site_id_seq TO ubuntu;


--
-- Name: TABLE rfc_modulo_actividadesrfc; Type: ACL; Schema: public; Owner: postgres
--

GRANT ALL ON TABLE public.rfc_modulo_actividadesrfc TO ubuntu;


--
-- Name: SEQUENCE rfc_modulo_actividadesrfc_id_seq; Type: ACL; Schema: public; Owner: postgres
--

GRANT ALL ON SEQUENCE public.rfc_modulo_actividadesrfc_id_seq TO ubuntu;


--
-- Name: TABLE rfc_modulo_datosactividadesestandar; Type: ACL; Schema: public; Owner: postgres
--

GRANT ALL ON TABLE public.rfc_modulo_datosactividadesestandar TO ubuntu;


--
-- Name: SEQUENCE rfc_modulo_datosactividadesestandar_id_seq; Type: ACL; Schema: public; Owner: postgres
--

GRANT ALL ON SEQUENCE public.rfc_modulo_datosactividadesestandar_id_seq TO ubuntu;


--
-- Name: TABLE rfc_modulo_datosrfcestandar; Type: ACL; Schema: public; Owner: postgres
--

GRANT ALL ON TABLE public.rfc_modulo_datosrfcestandar TO ubuntu;


--
-- Name: SEQUENCE rfc_modulo_datosrfcestandar_id_seq; Type: ACL; Schema: public; Owner: postgres
--

GRANT ALL ON SEQUENCE public.rfc_modulo_datosrfcestandar_id_seq TO ubuntu;


--
-- Name: TABLE rfc_modulo_datosseverityestandar; Type: ACL; Schema: public; Owner: postgres
--

GRANT ALL ON TABLE public.rfc_modulo_datosseverityestandar TO ubuntu;


--
-- Name: SEQUENCE rfc_modulo_datosseverityestandar_id_seq; Type: ACL; Schema: public; Owner: postgres
--

GRANT ALL ON SEQUENCE public.rfc_modulo_datosseverityestandar_id_seq TO ubuntu;


--
-- Name: TABLE rfc_modulo_datostareasestandar; Type: ACL; Schema: public; Owner: postgres
--

GRANT ALL ON TABLE public.rfc_modulo_datostareasestandar TO ubuntu;


--
-- Name: SEQUENCE rfc_modulo_datostareasestandar_id_seq; Type: ACL; Schema: public; Owner: postgres
--

GRANT ALL ON SEQUENCE public.rfc_modulo_datostareasestandar_id_seq TO ubuntu;


--
-- Name: TABLE rfc_modulo_estadoactividad; Type: ACL; Schema: public; Owner: postgres
--

GRANT ALL ON TABLE public.rfc_modulo_estadoactividad TO ubuntu;


--
-- Name: SEQUENCE rfc_modulo_estadoactividad_id_seq; Type: ACL; Schema: public; Owner: postgres
--

GRANT ALL ON SEQUENCE public.rfc_modulo_estadoactividad_id_seq TO ubuntu;


--
-- Name: TABLE rfc_modulo_estadorfc; Type: ACL; Schema: public; Owner: postgres
--

GRANT ALL ON TABLE public.rfc_modulo_estadorfc TO ubuntu;


--
-- Name: SEQUENCE rfc_modulo_estadorfc_id_seq; Type: ACL; Schema: public; Owner: postgres
--

GRANT ALL ON SEQUENCE public.rfc_modulo_estadorfc_id_seq TO ubuntu;


--
-- Name: TABLE rfc_modulo_historicocambio; Type: ACL; Schema: public; Owner: postgres
--

GRANT ALL ON TABLE public.rfc_modulo_historicocambio TO ubuntu;


--
-- Name: TABLE "rfc_modulo_historicocambio_actividadXestado"; Type: ACL; Schema: public; Owner: postgres
--

GRANT ALL ON TABLE public."rfc_modulo_historicocambio_actividadXestado" TO ubuntu;


--
-- Name: SEQUENCE "rfc_modulo_historicocambio_actividadXestado_id_seq"; Type: ACL; Schema: public; Owner: postgres
--

GRANT ALL ON SEQUENCE public."rfc_modulo_historicocambio_actividadXestado_id_seq" TO ubuntu;


--
-- Name: SEQUENCE rfc_modulo_historicocambio_id_seq; Type: ACL; Schema: public; Owner: postgres
--

GRANT ALL ON SEQUENCE public.rfc_modulo_historicocambio_id_seq TO ubuntu;


--
-- Name: TABLE rfc_modulo_requestfor; Type: ACL; Schema: public; Owner: postgres
--

GRANT ALL ON TABLE public.rfc_modulo_requestfor TO ubuntu;


--
-- Name: SEQUENCE rfc_modulo_requestfor_id_seq; Type: ACL; Schema: public; Owner: postgres
--

GRANT ALL ON SEQUENCE public.rfc_modulo_requestfor_id_seq TO ubuntu;


--
-- Name: TABLE rfc_modulo_retorno; Type: ACL; Schema: public; Owner: postgres
--

GRANT ALL ON TABLE public.rfc_modulo_retorno TO ubuntu;


--
-- Name: SEQUENCE rfc_modulo_retorno_id_seq; Type: ACL; Schema: public; Owner: postgres
--

GRANT ALL ON SEQUENCE public.rfc_modulo_retorno_id_seq TO ubuntu;


--
-- Name: TABLE rfc_modulo_rfc_equipo_tecnico; Type: ACL; Schema: public; Owner: postgres
--

GRANT ALL ON TABLE public.rfc_modulo_rfc_equipo_tecnico TO ubuntu;


--
-- Name: SEQUENCE rfc_modulo_rfc_equipo_tecnico_id_seq; Type: ACL; Schema: public; Owner: postgres
--

GRANT ALL ON SEQUENCE public.rfc_modulo_rfc_equipo_tecnico_id_seq TO ubuntu;


--
-- Name: TABLE "rfc_modulo_rfc_sistemas_FK"; Type: ACL; Schema: public; Owner: postgres
--

GRANT ALL ON TABLE public."rfc_modulo_rfc_sistemas_FK" TO ubuntu;


--
-- Name: SEQUENCE "rfc_modulo_rfc_sistemas_FK_id_seq"; Type: ACL; Schema: public; Owner: postgres
--

GRANT ALL ON SEQUENCE public."rfc_modulo_rfc_sistemas_FK_id_seq" TO ubuntu;


--
-- Name: TABLE rfc_modulo_severity; Type: ACL; Schema: public; Owner: postgres
--

GRANT ALL ON TABLE public.rfc_modulo_severity TO ubuntu;


--
-- Name: SEQUENCE rfc_modulo_severity_id_seq; Type: ACL; Schema: public; Owner: postgres
--

GRANT ALL ON SEQUENCE public.rfc_modulo_severity_id_seq TO ubuntu;


--
-- Name: TABLE rfc_modulo_tareasretorno; Type: ACL; Schema: public; Owner: postgres
--

GRANT ALL ON TABLE public.rfc_modulo_tareasretorno TO ubuntu;


--
-- Name: SEQUENCE rfc_modulo_tareasretorno_id_seq; Type: ACL; Schema: public; Owner: postgres
--

GRANT ALL ON SEQUENCE public.rfc_modulo_tareasretorno_id_seq TO ubuntu;


--
-- Name: TABLE socialaccount_socialaccount; Type: ACL; Schema: public; Owner: postgres
--

GRANT ALL ON TABLE public.socialaccount_socialaccount TO ubuntu;


--
-- Name: SEQUENCE socialaccount_socialaccount_id_seq; Type: ACL; Schema: public; Owner: postgres
--

GRANT ALL ON SEQUENCE public.socialaccount_socialaccount_id_seq TO ubuntu;


--
-- Name: TABLE socialaccount_socialapp; Type: ACL; Schema: public; Owner: postgres
--

GRANT ALL ON TABLE public.socialaccount_socialapp TO ubuntu;


--
-- Name: SEQUENCE socialaccount_socialapp_id_seq; Type: ACL; Schema: public; Owner: postgres
--

GRANT ALL ON SEQUENCE public.socialaccount_socialapp_id_seq TO ubuntu;


--
-- Name: TABLE socialaccount_socialapp_sites; Type: ACL; Schema: public; Owner: postgres
--

GRANT ALL ON TABLE public.socialaccount_socialapp_sites TO ubuntu;


--
-- Name: SEQUENCE socialaccount_socialapp_sites_id_seq; Type: ACL; Schema: public; Owner: postgres
--

GRANT ALL ON SEQUENCE public.socialaccount_socialapp_sites_id_seq TO ubuntu;


--
-- Name: TABLE socialaccount_socialtoken; Type: ACL; Schema: public; Owner: postgres
--

GRANT ALL ON TABLE public.socialaccount_socialtoken TO ubuntu;


--
-- Name: SEQUENCE socialaccount_socialtoken_id_seq; Type: ACL; Schema: public; Owner: postgres
--

GRANT ALL ON SEQUENCE public.socialaccount_socialtoken_id_seq TO ubuntu;


--
-- Name: TABLE tecnicos_cargo; Type: ACL; Schema: public; Owner: postgres
--

GRANT ALL ON TABLE public.tecnicos_cargo TO ubuntu;


--
-- Name: SEQUENCE tecnicos_cargo_id_seq; Type: ACL; Schema: public; Owner: postgres
--

GRANT ALL ON SEQUENCE public.tecnicos_cargo_id_seq TO ubuntu;


--
-- Name: TABLE tecnicos_domicilio; Type: ACL; Schema: public; Owner: postgres
--

GRANT ALL ON TABLE public.tecnicos_domicilio TO ubuntu;


--
-- Name: SEQUENCE tecnicos_domicilio_id_seq; Type: ACL; Schema: public; Owner: postgres
--

GRANT ALL ON SEQUENCE public.tecnicos_domicilio_id_seq TO ubuntu;


--
-- Name: TABLE tecnicos_tecnico; Type: ACL; Schema: public; Owner: postgres
--

GRANT ALL ON TABLE public.tecnicos_tecnico TO ubuntu;


--
-- Name: SEQUENCE tecnicos_tecnico_id_seq; Type: ACL; Schema: public; Owner: postgres
--

GRANT ALL ON SEQUENCE public.tecnicos_tecnico_id_seq TO ubuntu;


--
-- Name: TABLE tecnicos_tipotecnico; Type: ACL; Schema: public; Owner: postgres
--

GRANT ALL ON TABLE public.tecnicos_tipotecnico TO ubuntu;


--
-- Name: SEQUENCE tecnicos_tipotecnico_id_seq; Type: ACL; Schema: public; Owner: postgres
--

GRANT ALL ON SEQUENCE public.tecnicos_tipotecnico_id_seq TO ubuntu;


--
-- Name: TABLE usuarios_usuario_clientes; Type: ACL; Schema: public; Owner: postgres
--

GRANT ALL ON TABLE public.usuarios_usuario_clientes TO ubuntu;


--
-- Name: SEQUENCE usuarios_usuario_clientes_id_seq; Type: ACL; Schema: public; Owner: postgres
--

GRANT ALL ON SEQUENCE public.usuarios_usuario_clientes_id_seq TO ubuntu;


--
-- Name: TABLE usuarios_usuario_groups; Type: ACL; Schema: public; Owner: postgres
--

GRANT ALL ON TABLE public.usuarios_usuario_groups TO ubuntu;


--
-- Name: SEQUENCE usuarios_usuario_groups_id_seq; Type: ACL; Schema: public; Owner: postgres
--

GRANT ALL ON SEQUENCE public.usuarios_usuario_groups_id_seq TO ubuntu;


--
-- Name: TABLE usuarios_usuario_user_permissions; Type: ACL; Schema: public; Owner: postgres
--

GRANT ALL ON TABLE public.usuarios_usuario_user_permissions TO ubuntu;


--
-- Name: SEQUENCE usuarios_usuario_user_permissions_id_seq; Type: ACL; Schema: public; Owner: postgres
--

GRANT ALL ON SEQUENCE public.usuarios_usuario_user_permissions_id_seq TO ubuntu;


--
-- PostgreSQL database dump complete
--

